food_id,alias,alias_type,language
food_57429107,aamat,primary,en
food_f624445a,acai bowl,primary,en
food_81384845,achari baingan,primary,en
food_d552ff0f,afghani chicken,primary,en
food_4448a9f7,aioli,primary,en
food_a32d862a,aji amarillo paste,primary,en
food_31d87ea8,akki roti,primary,en
food_c7991802,al yakhani,primary,en
food_966eb51e,alfajores,primary,en
food_23c13167,almond biscuit,primary,en
food_23c13167,badam ke biscuit,regional,hi
food_5c025a1f,almond cardamom cake,primary,en
food_5c025a1f,badam elaichi cake,regional,hi
food_09eca945,almond milk,primary,en
food_b1121429,almond soup,primary,en
food_b1121429,badam ka soup,regional,hi
food_4d198123,almonds,primary,en
food_710e45a6,aloo chokha,primary,en
food_d2ac3ee0,aloo gobi,primary,en
food_8b46239e,aloo ke gutke,primary,en
food_4b31b807,aloo kulcha,primary,en
food_8735b2c8,aloo matar,primary,en
usda_fenugreek_seeds__methi,aloo methi,learned,en
food_7d6c3581,aloo paratha,primary,en
food_886a0a8e,aloo phalliyaan,primary,en
food_4a33dad3,aloo pitika,primary,en
food_baf21756,aloo posto,primary,en
food_5965f28b,aloo puri,primary,en
food_e8990f9e,aloo roti,primary,en
food_514e15c9,aloo shimla mirch,primary,en
food_24f2aa76,aloo tikki,primary,en
food_f1d1a7a0,aloo tuk,primary,en
food_5ed1a5ab,alu pitika,primary,en
food_ae520167,amaranth ladoo,primary,en
food_ae520167,rajgira ladoo,regional,hi
food_f8404fe8,amaretti cookie,primary,en
food_b1adff20,american frosting,primary,en
food_2f6a19ba,amritsari fish,primary,en
food_210e077d,amritsari kulcha,primary,en
food_38a00078,amti,primary,en
food_08c761b5,ananas menaskai,primary,en
food_e1c824d7,andhra chicken curry,primary,en
food_00e956f0,andhra fish curry,primary,en
food_77101aea,angakar roti,primary,en
food_2b4b0743,angel hair pasta,primary,en
food_f6ff23ed,angostura bitters,primary,en
food_56248e32,ants on a log,primary,en
food_3dfb75fc,aperol spritz,primary,en
food_75eb2b6f,appam,primary,en
food_c7adc428,appam with egg curry,primary,en
food_0c66abe2,apple,primary,en
food_ac01d2ab,apple and honey sorbet,primary,en
food_ac01d2ab,seb aur shehad ka sharbat,regional,hi
food_efe92d6c,apple banana pie,primary,en
food_78387c82,apple cake,primary,en
food_78387c82,seb ka cake,regional,hi
food_45e16a5d,apple cider,primary,en
food_a9878e3c,apple cinnamon pie,primary,en
food_34326f91,apple crumb pudding,primary,en
food_783ce2b5,apple jam,primary,en
food_783ce2b5,seb ka murabba,regional,hi
food_11826d00,apple jelly,primary,en
food_11826d00,seb ki jelly,regional,hi
food_488b46a2,apple kheer,primary,en
food_488b46a2,seb ki kheer,regional,hi
food_371a8874,apple mousse,primary,en
food_ae0bda22,apple oats chia seed smoothie,primary,en
food_c75e3a95,apple pie,primary,en
food_99f6dcd4,apple sago payasam,primary,en
food_99f6dcd4,seb aur sabudana ki kheer,regional,hi
food_be6c39ab,apple snowballs,primary,en
food_6c9f7b31,apricot fool,primary,en
food_ee28fe9c,arancini,primary,en
food_4addcd11,arhar with spinach,primary,en
food_4addcd11,arhar dal aur palak,regional,hi
food_6faba4cd,ariselu,primary,en
food_388dcd36,arsa roti,primary,en
food_a0b0f266,artichoke,primary,en
food_6fc4ab30,arugula,primary,en
food_2f4a068d,asparagus,primary,en
food_3fb8d6f1,assorted pastry,primary,en
food_28afaec3,atta dal burfi,primary,en
food_531cfbee,attu,primary,en
food_5becd6a3,avial,primary,en
food_4fa6d529,avocado,primary,en
food_fb6b5b29,avocado toast,primary,en
food_3ab478c2,awadhi biryani,primary,en
food_91068dfd,awandru,primary,en
food_3c488dce,axone pork,primary,en
food_4420ac72,baati,primary,en
food_3ef00b3b,baba ganoush,primary,en
food_c4ad47d6,babru,primary,en
food_920527ed,bacon,primary,en
food_dbbc6485,bacon and mushroom pancake,primary,en
food_44ad9557,bafauri,primary,en
food_dfa58d73,bagara rice,primary,en
food_18ed023e,bagel,primary,en
food_2660d445,baguette,primary,en
food_22417bcb,bai,primary,en
food_c658b2f2,baida roti,primary,en
food_653e7f76,bajra churma,primary,en
food_8b4c267d,bajra khichdi,primary,en
food_auth_bajra_rotlo,bajra roti,transliteration,en
food_4b614e39,bajre ki roti,primary,en
food_b5cb6e23,bajri no rotlo,primary,en
food_280a0dd9,bajri rotla,primary,en
food_55a3e94a,baked brinjal in tomato sauce,primary,en
food_9e50bbde,baked custard,primary,en
food_f4ac6067,baked egg,primary,en
food_ceecd35d,baked eggs in tomato sauce,primary,en
food_50e91859,baked fish with cheese sauce,primary,en
food_6b654252,baked potato,primary,en
food_c622dc88,baked potato soup,primary,en
food_7df0d894,baked potato with skin,primary,en
food_b22bca8a,baked stuffed fish,primary,en
food_0625d3c7,baked vegetables,primary,en
food_6b7ca1ad,baked vegetables with spinach,primary,en
food_e0c85bcc,baklava,primary,en
food_395b4952,bal mithai,primary,en
food_496f78b1,balsamic glaze,primary,en
food_c234b22d,balsamic vinaigrette,primary,en
food_e3047eeb,balushahi,primary,en
food_b9ccd019,bamboo shoot curry,primary,en
food_84fc8dd7,bamboo shoot fry,primary,en
food_ec355f0f,banana,primary,en
food_397c19cc,banana appam,primary,en
food_08919a68,banana cake,primary,en
food_08919a68,kele ka cake,regional,hi
food_7fc8384e,banana chips,primary,en
food_7fc8384e,kele ke chips,transliteration,hi
food_a9ac3307,banana groundnut paste/puree,primary,en
food_fe71e6bc,banana milkshake,primary,en
food_fe71e6bc,kele milkshake,regional,hi
food_f80ec029,banana milkshake with ice cream,primary,en
food_f80ec029,kele ka milkshake ice cream ke saath,regional,hi
food_3db19e77,banana raita,primary,en
food_3db19e77,kele ka raita,regional,hi
food_ecc45008,banarasi kachori,primary,en
food_667b4729,banarasi paan,primary,en
food_3848e75e,banarasi tamatar chaat,primary,en
food_c3b8c25e,barbeque sauce,primary,en
food_d4e65c5a,barfi,primary,en
food_ede4117c,basil,primary,en
food_a43d329b,basundi,primary,en
food_edc90ded,batata saung,primary,en
food_c57556e1,batata vada,primary,en
food_8ab144bd,bathua bhujia,primary,en
food_4d9d4212,bathua poori,primary,en
food_6e847557,bathua raita,primary,en
food_74e784f0,bbq sauce,primary,en
food_de8df035,bean sprouts,primary,en
food_67e30564,beans and macaroni,primary,en
food_50b1a98e,beans foogath,primary,en
food_0d90ae30,beans with coconut,primary,en
food_0d90ae30,nariyal aur sem/phali; beans thoran,regional,hi
food_d54c906b,bebinca,primary,en
food_d4d5f9f2,bedai,primary,en
food_9874b4cf,beef burrito,primary,en
food_26cfc750,beef jerky,primary,en
food_638bb505,beef pho,primary,en
food_af6708aa,beef steak,primary,en
food_2e0807a8,beef stroganoff,primary,en
food_3a465f51,beef tacos,primary,en
food_97be720c,beef wellington,primary,en
food_40b7c26d,beer,primary,en
food_59cc6c61,beetroot and egg salad,primary,en
food_59cc6c61,chukandar aur ande ka salad,regional,hi
food_b3cf3718,beetroot poori,primary,en
food_b3cf3718,chukandar ki poori,regional,hi
food_c3b9a017,beets,primary,en
food_38fa0305,bell pepper,primary,en
food_fc4e89f8,bell peppers & onions,primary,en
food_0ae451ba,bengal 5 spice blend,primary,en
food_0ae451ba,panch phoran,regional,hi
food_cbab93ff,bengal fish curry,primary,en
food_cbab93ff,bengali machli curry,regional,hi
food_1178a240,bengena pitika,primary,en
food_2a2759a2,berma chutney,primary,en
food_a1a994d5,berry coulis,primary,en
food_d504a9e7,besan and spinach parantha/paratha,primary,en
food_d504a9e7,besan aur palak ka parantha/paratha,regional,hi
food_2dadd020,besan bathua chilla/cheela,primary,en
food_b8d1c5a7,besan gatte curry,primary,en
food_b64bdfc0,besan kadhi with pakodies,primary,en
food_028f3eac,besara,primary,en
food_080adeea,bhaang ki chutney,primary,en
food_a268310c,bhaji,primary,en
food_b611d77a,bhajji,primary,en
food_3e87e32c,bhakri,primary,en
food_cb5165ac,bhangui,primary,en
food_3426804d,bharli vangi,primary,en
food_b028e842,bhatt ki churkani,primary,en
food_41f75510,bhatura,primary,en
food_fd067479,bhel puri,primary,en
food_6cec63a3,bhey,primary,en
food_3fc108be,bhindi masala,primary,en
food_c1b9d298,bhopali chicken,primary,en
food_8ee4750d,bhopali gosht,primary,en
food_0f60b170,bhutte ka kees,primary,en
food_79698fc3,bihari chicken curry,primary,en
food_1e382ab4,bihari mutton curry,primary,en
food_404005cd,bilahi maas,primary,en
food_1e46772a,biryani,primary,en
food_ea4ffc67,biscotti,primary,en
food_b21f9573,biscuits and gravy,primary,en
food_1cf3f08e,bisi bele bath,primary,en
food_d1ad5d63,bison burger,primary,en
food_6e2050ad,black beans,primary,en
food_29d503fe,black channa curry/bengal gram curry,primary,en
food_29d503fe,kale chane ki curry,regional,hi
food_674e90bd,black channa pulao/ bengal gram pulao,primary,en
food_674e90bd,kale chane ka pulao,regional,hi
food_d42fad59,black forest gateau,primary,en
food_73d9ae41,black forest pastry,primary,en
food_52029816,black pepper,primary,en
food_b0b6f968,black rice,primary,en
food_160226d4,black rice kheer,primary,en
food_160226d4,chak-hao kheer,regional,hi
food_2fa6ea1f,blackberries,primary,en
food_ce86eb5d,blue cheese,primary,en
food_9fc24df5,blue cheese dressing,primary,en
food_2364c64a,blueberries,primary,en
food_572a7016,bobbatlu,primary,en
food_27b48c51,bobotie,primary,en
food_2dcf0f73,boiled egg,primary,en
food_2dcf0f73,ubla anda,regional,hi
food_b51e5ac0,boiled rice,primary,en
food_b51e5ac0,uble chawal,regional,hi
food_489bac08,bok choy,primary,en
food_be045cea,bombay duck fry,primary,en
food_52f42cb7,bombil fry,primary,en
food_2aed37a9,bonda,primary,en
food_0564a014,boondi raita,primary,en
food_f5705272,bora saul payas,primary,en
food_d50551d4,bora sawul,primary,en
food_f899be05,boti kebab,primary,en
food_428cf438,bottle gourd burfi,primary,en
food_428cf438,ghiya/lauki burfi,regional,hi
food_053116ee,bottle gourd kheer,primary,en
food_053116ee,ghiya/lauki kheer,regional,hi
food_143f89e6,bottle gourd raita,primary,en
food_143f89e6,ghiya/lauki ka raita,regional,hi
food_47b61781,bottle gourd soup,primary,en
food_47b61781,ghiya/lauki soup,regional,hi
food_280a93b4,bread and butter pudding,primary,en
food_592bc123,bread pakora,transliteration,hi
food_cc6971e6,bread pakora/pakoda,primary,en
food_927cb281,bread roll,primary,en
food_54b3c004,bread sauce,primary,en
food_f586f60e,bread upma,primary,en
food_4668971c,breadcrumbs,primary,en
food_ddbd4cb9,breadstick,primary,en
food_1b081778,brie cheese,primary,en
food_a97b8029,brinjal bhartha,primary,en
food_a97b8029,baingan ka bhartha,regional,hi
food_3f7373c1,brinjal pickle,primary,en
food_3f7373c1,baingan ka achaar,regional,hi
food_3f3770c7,broccoli chicken ala king,primary,en
food_e854a052,broccoli delight,primary,en
food_926d0a2a,brown rice,primary,en
food_b45064c0,brown sauce,primary,en
food_208ce7b4,brown stock,primary,en
food_0d3bd965,bruschetta,primary,en
food_7813b170,bubble tea,primary,en
food_f21ff810,buckwheat pancake,primary,en
food_f21ff810,khura,regional,hi
food_5aee2775,bulgur,primary,en
food_ec597a91,bun,primary,en
food_6350982b,burger,primary,en
food_6a11c050,butter,primary,en
food_5843291e,butter chicken,primary,en
food_a8c123e7,butter icing,primary,en
food_1cd74f94,butterfly biscuit,primary,en
food_7315941e,buttermilk biscuit,primary,en
food_a108a9cb,cabbage and peas,primary,en
food_a108a9cb,pattagobhi aur matar,regional,hi
food_eaf10d92,cabbage kheer,primary,en
food_eaf10d92,pattagobhi ki kheer,regional,hi
food_5e9207a9,cabbage kofta curry,primary,en
food_5e9207a9,pattagobhi kofta curry,regional,hi
food_a90e9a26,cabbage manchurian,primary,en
food_a90e9a26,pattagobhi manchurian,regional,hi
food_2b29cd9e,cabbage raita,primary,en
food_2b29cd9e,pattagobhi raita,regional,hi
food_ac52cd31,cabbage rolls,primary,en
food_39caefa7,cabbage slaw,primary,en
food_ccf734ac,cacio e pepe,primary,en
food_da854a01,caesar salad,primary,en
food_4a5c11da,cajun chicken,primary,en
food_4376bf3e,calamari,primary,en
food_e2530fb2,campari,primary,en
food_954eb04a,campari & soda,primary,en
food_46e8a7c7,canadian bacon,primary,en
food_976b885e,candied fruit,primary,en
food_147d463f,canjee,primary,en
food_79bbef8a,cannellini beans,primary,en
food_00210fd8,cannoli,primary,en
food_616592e6,capers,primary,en
food_358a42ad,caponata,primary,en
food_e9397a36,caprese salad,primary,en
food_ab6bdab2,caramel custard,primary,en
food_ab6bdab2,steamed,regional,hi
food_ab6bdab2,baked,regional,hi
food_8b540b61,caramel ice cream,primary,en
food_8847889d,caramel sauce,primary,en
food_5f635d64,carbonara,primary,en
food_bbdf08e4,cardamom,primary,en
food_d928b8ba,cardamom cookies,primary,en
food_d928b8ba,elaichi cookies,regional,hi
food_c658790d,carrot,primary,en
food_be2ee2c4,carrot and cabbage with coconut,primary,en
food_be2ee2c4,nariyal ke saath pattagobhi aur gajar,regional,hi
food_44784ebb,carrot and fenugreek leaves,primary,en
food_44784ebb,gajar methi,regional,hi
food_7419814a,carrot and spinach raita,primary,en
food_7419814a,gajar aur palak ka raita,regional,hi
food_b8ec487a,carrot apple sandwich,primary,en
food_b8ec487a,gajar aur seb ka sandwich,regional,hi
food_b8dbdae4,carrot cake,primary,en
food_b8dbdae4,gajar ka cake,regional,hi
food_4a0fc6f3,carrot halwa,primary,en
food_4a0fc6f3,gajar ka halwa,regional,hi
food_7c1b3b78,carrot kheer,primary,en
food_7c1b3b78,gajar ki kheer,regional,hi
food_79cca756,carrot murabba,primary,en
food_79cca756,gajar ka murabba,regional,hi
food_c1f5aad7,carrot raita,primary,en
food_c1f5aad7,gajar ka raita,regional,hi
food_caeffb20,carrot sticks,primary,en
food_9b5dd951,cashewnut burfi,primary,en
food_9b5dd951,kaju burfi/kaju katli,regional,hi
food_6534554f,cashews,primary,en
food_3541f61d,cauliflower au gratin,primary,en
food_fefb5f11,cauliflower basket,primary,en
food_5b61a412,cauliflower canjee,primary,en
food_5b61a412,phoolgobhi ki canjee,regional,hi
food_d2539a5a,cauliflower kheer,primary,en
food_d2539a5a,phoolgobhi ki kheer,regional,hi
food_6143e217,cauliflower kofta curry,primary,en
food_6143e217,phoolgobhi kofta curry,regional,hi
food_4ec52828,cauliflower musallam,primary,en
food_4ec52828,phoolgobhi musallam,regional,hi
food_e18b18c0,cauliflower pakora/pakoda,primary,en
food_e18b18c0,phoolgobhi ke pakode,regional,hi
food_8cc769c2,cauliflower parantha/paratha,primary,en
food_8cc769c2,phoolgobhi ka parantha/paratha,regional,hi
food_d09d68f3,cauliflower potato canjee,primary,en
food_14aa6d5c,cauliflower with coconut,primary,en
food_14aa6d5c,nariyal ke saath phoolgobhi,regional,hi
food_74ec1084,"cauliflower, pea and potato bhujia",primary,en
food_74ec1084,phoolgobhi,regional,hi
food_74ec1084,matar aur aloo bhujia,regional,hi
food_330c4bc5,celery,primary,en
food_6c7eec50,celery sticks,primary,en
food_4b9be161,century egg,primary,en
food_3b66caa7,cereal,primary,en
food_631ad096,cereal bar,primary,en
food_9816eb66,cereal mix,primary,en
food_a15382a9,cereal pulse mix with amylase rice flour,primary,en
food_67da7f62,ceviche,primary,en
food_a189474e,chaat,primary,en
food_5714af7e,chai latte,primary,en
food_25676b1c,chainsoo,primary,en
food_8e561b7e,chak hao,primary,en
food_1f4512e0,chak-hao kheer,primary,en
food_359eb8e0,chakhwi,primary,en
food_2fb81e30,chakri,primary,en
food_21595ac4,chamthong,primary,en
food_7ce3810a,chana dal fara,primary,en
food_844ea84e,chana ghugni,primary,en
food_a2bc2e06,chana masala,primary,en
food_dfd95d55,channa murmura premix,primary,en
food_096cfd3c,chapati,primary,en
food_e1ebe936,chapati/roti,primary,en
food_4bc50a56,charlotte rousse,primary,en
food_debf837d,chat masala,primary,en
food_3e01a67f,chausela,primary,en
food_3d315ca1,checker board sandwich,primary,en
food_bc87b9ab,cheddar cheese,primary,en
food_813708dc,cheera doi,primary,en
food_6efdf30a,cheese and chilli sandwich,primary,en
food_0872e59c,cheese and mushroom omelette/omlet,primary,en
food_93f40e89,cheese and mushroom tart,primary,en
food_1e9f509e,cheese and pineapple sandwich,primary,en
food_1e9f509e,cheese aur ananas ka sandwich,regional,hi
food_546ae9b5,cheese and tomato pancake,primary,en
food_c411e151,cheese and tomato sandwich,primary,en
food_c411e151,cheese aur tamatar ke sandwich,regional,hi
food_c411e151,toasted,regional,hi
food_52eba4e1,cheese balls,primary,en
food_b8a93d3e,cheese danish,primary,en
food_3d643c2c,cheese noodle ring,primary,en
food_d6e6d9a7,cheese open sandwich,primary,en
food_d51900cc,cheese patties,primary,en
food_6a62d94b,cheese pizza,primary,en
food_d002404f,cheese pudding,primary,en
food_eef4bb72,cheese sauce,primary,en
food_e006bb17,cheese soup,primary,en
food_3ec9024b,cheese straws,primary,en
food_13b6f2cb,cheese toast,primary,en
food_24ecc98c,cheese whiz,primary,en
food_e263a9d2,cheesecake,primary,en
food_05da61e5,cheesy grits,primary,en
food_5e827b20,chenna murki,primary,en
food_5342fc25,cherries,primary,en
food_377e3858,cherry and walnut cookies,primary,en
food_c65a25d2,chettinad chicken,primary,en
food_a7d18989,chettinad mutton,primary,en
food_0ad4c0e6,chettinadu chicken,primary,en
food_101dbe07,chevdo,primary,en
food_4a806110,chha gosht,primary,en
food_7da8cc2e,chhena gaja,primary,en
food_4e53ec9d,chhena poda,primary,en
food_a6a00046,chhenagaja,primary,en
food_ff1a76a9,chhenapoda,primary,en
food_c739013d,chhum han,primary,en
food_c64d6d6f,chhurpi,primary,en
food_eefbef10,chicken & rice soup,primary,en
food_cd76fece,chicken 65,primary,en
food_ce2ed4f4,chicken alfredo,primary,en
food_9eacbe8f,chicken and cheese souffle,primary,en
food_86de4bf7,chicken and corn open sandwich,primary,en
food_9edecd14,chicken and tomato towers,primary,en
food_082328ef,chicken biryani,primary,en
food_def88537,chicken breast,primary,en
food_ad757aef,chicken cafreal,primary,en
food_757293a7,chicken chowmein,primary,en
food_46695a87,chicken consomme,primary,en
food_46695a87,clear chicken soup,regional,hi
food_b55b15c4,chicken curry,primary,en
food_240c5ac7,chicken jhol,primary,en
food_c3ce6dd7,chicken kebab,primary,en
food_a9a2c925,chicken korma,primary,en
food_daf10085,chicken kosha,primary,en
food_071e65e8,chicken lasagne,primary,en
food_6a99df6e,chicken liver,primary,en
food_ab1c8f11,chicken manchurian,primary,en
food_b48f6612,chicken mcnuggets,primary,en
food_3cdbd182,chicken milanesa,primary,en
food_dc688f61,chicken momos,primary,en
food_a883c7e9,chicken noodle soup,primary,en
food_58338ece,chicken pakora/pakoda,primary,en
food_57667577,chicken parm sandwich,primary,en
food_f21d5dda,chicken piccata,primary,en
food_0a5c01c0,chicken pulao,primary,en
food_7e82ae80,chicken rezala,primary,en
food_59f63e7e,chicken salad,primary,en
food_b5b20d98,chicken salad sandwich,primary,en
food_a6317d5f,chicken sandwich,primary,en
food_a6317d5f,toasted,regional,hi
food_cc806b16,chicken stew,primary,en
food_5d404ba4,chicken stock,primary,en
food_7fa4e484,chicken sukka,primary,en
food_b769a46e,chicken sweet and sour,primary,en
food_856e471c,chicken sweet corn soup,primary,en
food_0331a630,chicken thigh,primary,en
food_cae03818,chicken thukpa,primary,en
food_276cd6fc,chicken tikka,primary,en
food_e1e09c91,chicken tikka masala,primary,en
food_6c952c23,chicken walnut sandwich,primary,en
food_6c952c23,chicken aur akhrot ke sandwich,regional,hi
food_1bc00e76,chicken wrap,primary,en
food_8e45c283,chicken yakhni,primary,en
food_3a4fc10b,chickpea flour cookies,primary,en
food_3a4fc10b,sweet besan rounds/cookies,regional,hi
food_d81face4,chickpeas,primary,en
food_d2ba968e,chickpeas curry,primary,en
food_d2ba968e,safed channa curry,regional,hi
food_dfa1acbd,chila,primary,en
food_4018db29,chili powder,primary,en
food_58ff7e53,chilka roti,primary,en
food_78e4266e,chilli chicken,primary,en
food_28ff6515,chilli paneer,primary,en
food_0f62b013,chimichurri,primary,en
food_53ae8201,chinese cabbage and meat ball soup,primary,en
food_a0400ddb,chinese fried rice,primary,en
food_995cb49c,chingri malai curry,primary,en
food_13fdf4af,chingudi malai,primary,en
food_5c4648d5,chitranna,primary,en
food_10bcd78c,chocochip ice cream,primary,en
food_264f48a9,chocolate,primary,en
food_461694e1,chocolate biscuit,primary,en
food_79044358,chocolate burfi,primary,en
food_32bb7057,chocolate butter icing,primary,en
food_1447dbf4,chocolate cake,primary,en
food_72b97036,chocolate chiffon cake,primary,en
food_52cbf738,chocolate chip cookie,primary,en
food_3eaffe92,chocolate chip cookies,primary,en
food_a14fb75b,chocolate cream shells,primary,en
food_577989d7,chocolate croissant,primary,en
food_cc1af00a,chocolate donut,primary,en
food_a478f141,chocolate eclairs,primary,en
food_652b9bc6,chocolate eggless cake,primary,en
food_686488f0,chocolate glace icing,primary,en
food_8cdf0af1,chocolate ice cream,primary,en
food_06250c84,chocolate meringue pie,primary,en
food_d8897164,chocolate milk,primary,en
food_4dd18afc,chocolate pastry,primary,en
food_01f24b2b,chocolate pudding,primary,en
food_15f26e82,chocolate sauce,primary,en
food_577a4604,chocolate souffle,primary,en
food_14f41e55,chocolate sponge cake,primary,en
food_ae286dc0,chocolate swiss roll,primary,en
food_a26aac8f,chocolate walnut cookies,primary,en
food_a26aac8f,chocolate aur akhrot ke cookies,regional,hi
food_1f6a1002,choconut ice cream,primary,en
food_b1e4202d,cholafali,colloquial_alias,en
food_bf788aa1,cholar dal,primary,en
food_cdb52753,chole bhature,primary,en
food_2007ffbe,chole kulche,primary,en
food_b1e4202d,chorafali,primary,en
food_28c3269c,choripan,primary,en
food_5b2c9221,chorizo,primary,en
food_6b7c69b8,choux pastry,primary,en
food_bbe3465e,choux swans,primary,en
food_f7c31854,christmas bell biscuit,primary,en
food_7d613ee2,christmas biscuit,primary,en
food_b85efc68,christmas cake,primary,en
food_018e8dab,christmas star biscuit,primary,en
food_38cadd43,christmas tree biscuit,primary,en
food_b366d133,christmas wreath biscuit,primary,en
food_c95956c8,chum chum,primary,en
food_94008fec,chura sabzi,primary,en
food_ddd55962,churma,primary,en
food_82fc4f25,churma ladoo,primary,en
food_f97e11cc,churros,primary,en
food_4d4eed3c,cilantro,primary,en
food_c41374b5,cinnamon sugar,primary,en
food_ba4edf9e,clam chowder,primary,en
food_611e0e11,classic club sandwich,primary,en
food_dfb627da,classic italian pasta,primary,en
food_83a862cf,classic seasoned black beans,primary,en
food_a22684aa,clear tomato soup,primary,en
food_a22684aa,tamatar ka soup,regional,hi
food_a0215c87,club sandwich,primary,en
food_623160e6,club soda,primary,en
food_a6da1c77,coarse salt,primary,en
food_c8ff6da9,cobb salad,primary,en
food_4ceaf758,cocktail sauce,primary,en
food_ad63075e,coco pine cooler,primary,en
food_94333352,coconut,primary,en
food_099a91a6,coconut biscuit,primary,en
food_099a91a6,nariyal ke biscuit,regional,hi
food_d672d1c4,coconut burfi,primary,en
food_d672d1c4,nariyal ki burfi,regional,hi
food_4f191d66,coconut chutney,primary,en
food_4f191d66,nariyal ki chutney,regional,hi
food_87607a74,coconut finger,primary,en
food_5a07b8a0,coconut flakes,primary,en
food_01b7554f,coconut kheer,primary,en
food_01b7554f,nariyal ki kheer,regional,hi
food_077dfaa1,coconut milk,primary,en
food_d50a7572,coconut pickle,primary,en
food_d50a7572,nariyal ka aachar,regional,hi
food_6188290e,coconut shrimp,primary,en
food_52179bb8,coconut water,primary,en
food_5677dbd9,cod,primary,en
food_2f05b2e8,coffee,primary,en
food_1ab2ada8,coffee beans,primary,en
food_b147c329,coffee biscuit,primary,en
food_0717bb42,coffee drops,primary,en
food_6cea188b,coffee ice cream,primary,en
food_68e28492,coffee liqueur,primary,en
food_bd7e1121,coffee pear alaska,primary,en
food_c343de52,cold chocolate souffle,primary,en
food_81232ad9,cold coffee,transliteration,gu
food_81232ad9,with cream,regional,hi
food_a32173ad,cold coffee with ice cream,primary,en
food_365f4731,cold cucumber cream soup,primary,en
food_4cc62226,cold cucumber soup,primary,en
food_4cc62226,thanda kheere ka soup,regional,hi
food_76bfc23b,cold lemon souffle,primary,en
food_5fc442cd,cold orange souffle,primary,en
food_d24d39cb,cold pineapple souffle,primary,en
food_551cc20f,cold summer garden soup,primary,en
food_fdb572f0,cold tomato soup,primary,en
food_97da20a3,cold vanilla souffle,primary,en
food_3c1454dd,coleslaw,primary,en
food_0f9d20a1,collard greens,primary,en
food_e6f4a28b,congee,primary,en
food_cabd6d28,consomme au julienne,primary,en
food_c898cd34,consomme au vermicelli,primary,en
food_009757af,coriander,primary,en
food_8696416e,coriander chutney,primary,en
food_8696416e,hare dhaniye ki chutney,regional,hi
food_483ac450,corn,primary,en
food_594a568f,corn flakes,primary,en
food_6ff2b980,corn nuts,primary,en
food_49f3a795,corn omelette/omlet,primary,en
food_633ef6f5,corn on the cob,primary,en
food_911e269e,corn tortilla,primary,en
food_f3561f3f,cornflakes with milk,primary,en
food_74127256,cottage cheese,primary,en
food_b03ea636,cottage cheese pie,primary,en
food_f6344f16,crab cakes,primary,en
food_8c868dcc,cracked wheat and green gram dal premix,primary,en
food_8c868dcc,dalia moong dal premix,regional,hi
food_54bf9ca5,cracked wheat khichri/khichdi,primary,en
food_54bf9ca5,dalia khichri/khichdi,regional,hi
food_eb273cd4,cracked wheat porridge,primary,en
food_eb273cd4,meetha daliya,regional,hi
food_07d4fbb2,crackers,primary,en
food_f8360882,cranberry cookies,primary,en
food_fc0b0515,cranberry juice,primary,en
food_c9f91dd5,cream buns,primary,en
food_0e39b15b,cream cheese,primary,en
food_91fa7588,cream horns,primary,en
food_f702af8b,cream of broccoli soup,primary,en
food_713f3b93,cream of carrot soup,primary,en
food_c307f197,cream of green peas soup,primary,en
food_12faf41e,cream of mixed vegetable soup,primary,en
food_eec4140a,cream of mushroom soup,primary,en
food_64eaea4a,cream of potato soup,primary,en
food_54e214e5,cream of spinach soup,primary,en
food_cdfdbe83,cream of tomato soup,primary,en
food_920f5375,cream puffs,primary,en
food_b32793e3,creamed spinach,primary,en
food_013bf3c7,creamed spinach and mushroom,primary,en
food_6a5735da,creamy chicken,primary,en
food_3ba9fb4d,creamy chocolate mousse,primary,en
food_89a22a59,crepe,primary,en
food_926c24a9,crispy baked fish,primary,en
food_55e6bf0f,crispy okra/crispy lady's fingers,primary,en
food_55e6bf0f,karare bhindi,regional,hi
food_b7dda908,croutons,primary,en
food_1c4db41c,crunchy butterscotch,primary,en
food_400b8498,crushed tomatoes,primary,en
food_6428a52d,cucumber,primary,en
food_59dc426b,cucumber and yogurt salad,primary,en
food_59dc426b,kheere aur dahi ka salad,regional,hi
food_b9cf5949,cucumber raita,primary,en
food_b9cf5949,kheere ka raita,regional,hi
food_6be542e4,cucumber salad,primary,en
food_86d81dec,cucumber sandwich,primary,en
food_86d81dec,kheere ka sandwich,regional,hi
food_5485b995,cucumber sharbat,primary,en
food_5485b995,kheere ka sharbat,regional,hi
food_f6bc0b24,cucumber slices,primary,en
food_6e33525c,cumin,primary,en
food_1b58c4bd,cumin infused water,primary,en
food_1b58c4bd,jeere/zeere ka pani,regional,hi
food_cc2ff545,cumin pulao,primary,en
food_cc2ff545,jeera/zeera pulao,regional,hi
food_f302fca2,cumin seeds baghar,primary,en
food_f302fca2,jeera baghar/tadka,regional,hi
food_6c991947,cupcake,primary,en
food_975b5f2e,curd dip,primary,en
food_2fa54acf,curd dressing,primary,en
food_01a63f63,curd mint dip,primary,en
food_79446515,curd rice,primary,en
food_79446515,dahi bhaat/dahi chawal/ perugu annam/daddojanam/thayir saadam,regional,hi
food_b513358d,curd vegetable dip,primary,en
food_0431d464,curd with potatoes,primary,en
food_0431d464,dahi aloo,regional,hi
food_599416b6,curried cauliflower soup,primary,en
food_69d6c0d9,currivepillai sadam,primary,en
food_6094d3ca,custard,primary,en
food_37f38a13,custard tart,primary,en
food_e6a04d06,daab chingri,primary,en
food_f2d9efa9,daal baati churma,primary,en
food_2d7fe498,daal dhokli,primary,en
food_df9cdd56,dabeli,transliteration,hi
food_54c35be0,dahi bhalla,primary,en
food_f575814e,dahi pakhala,primary,en
food_f34ae28a,dahi vada,primary,en
food_872bf55a,dahi vadas/dahi bhalla,primary,en
food_a6ba7bd0,dahibara aloodum,primary,en
food_53b0c9a2,dal baati,primary,en
food_c4ac2417,dal baati churma,primary,en
food_6a57bf71,dal bafla,primary,en
food_43691976,dal dhokli,primary,en
food_3c815f71,dal fara,primary,en
food_2a674be3,dal makhani,primary,en
food_46899700,dal moong,primary,en
food_333352bf,dal pakwan,primary,en
food_9d4b226e,dal parantha/paratha,primary,en
food_3954889e,dal pitha,primary,en
food_773313bd,dal stuffed poori,primary,en
food_6bbf954f,dal tadka,primary,en
food_18f87686,dalithoy,primary,en
food_175c4c0f,dalma,primary,en
food_faf06eea,dalpuri,primary,en
food_9c560948,danedar burfi,primary,en
food_d6be94c8,danish,primary,en
food_735cd88f,danish cookies,primary,en
food_1b92b9a4,danish luncheon sandwich,primary,en
food_d691bf02,dark chocolate,primary,en
food_e072d914,date and nut pie,primary,en
food_6a2e3234,date pickle,primary,en
food_6a2e3234,khajoor ka achaar,regional,hi
food_a5377a10,dates,primary,en
food_1280ef22,dates chutney,primary,en
food_1280ef22,khajoor ki chutney,regional,hi
food_5ece984d,daulat ki chaat,primary,en
food_fd7a6d1c,dehrori,primary,en
food_e43a6713,dessicated coconut chutney,primary,en
food_e43a6713,sookhe kase nariyal ki chutney,regional,hi
food_d8959a81,deviled egg,primary,en
food_b2c582f5,dhaam mutton,primary,en
food_481de7ac,dham,primary,en
food_e8cc3324,dhansak,primary,en
food_e8cc3324,vegetarian,regional,hi
food_db842f83,dharwad peda,primary,en
food_3d967f27,dhokla,primary,en
food_19aef351,dhoper chop,primary,en
food_27d5dc06,dhup pitha,primary,en
food_dc33a004,dhuska,primary,en
food_2dabd7d8,dibba rotti,primary,en
food_85354f77,diet soda,primary,en
food_99685ddb,dil bahar,primary,en
food_05dd10a3,dim sum,primary,en
food_6bfb2afa,dodol,primary,en
food_805f434d,dohjem,primary,en
food_f59a4716,dohkhlieh,primary,en
food_9fca07a7,dohneiihong,primary,en
food_7e7232bf,doi maach,primary,en
food_cadbd68b,doodhpak,primary,en
food_47690408,dosa,primary,en
food_efa288d5,double ka meetha,primary,en
food_f301c54c,dry arbi,primary,en
food_f301c54c,sookhi arbi,regional,hi
food_e7fcac0a,dry mango chutney,primary,en
food_e7fcac0a,sookhe aam ki chutney,regional,hi
food_39e65ba7,dry masala chops,primary,en
food_81311948,dry potato,primary,en
food_81311948,sookhe aloo,regional,hi
food_3b062963,dry washed urad,primary,en
food_da5a265c,dubki kadhi,primary,en
food_3824d34b,ducheese potato,primary,en
food_5b83601e,duck,primary,en
food_b3a14cf7,duck curry,primary,en
food_75ea649b,duck with black sesame,primary,en
food_f37ec63e,dudhi muthiya,primary,en
food_ba94d96b,dudhi no halwo,primary,en
food_fd6b9697,dulce de leche,primary,en
food_afcf47d8,dum aaloo,primary,en
food_36834678,dum aloo,primary,en
food_182fb57c,dundee cake,primary,en
food_4b1a6d18,edamame,primary,en
food_d83c1afd,egg and tomato sandwich,primary,en
food_d83c1afd,ande aur tamatar ka sandwich,regional,hi
food_2764a35d,egg curry,primary,en
food_2764a35d,anda curry,regional,hi
food_7c146fa0,egg cutlet,primary,en
food_7c146fa0,anda cutlet,regional,hi
food_f9f62414,egg drop soup,primary,en
food_340347da,egg halwa,primary,en
food_340347da,ande ka halwa,regional,hi
food_eb6a9934,egg in a pepper,primary,en
food_d3d461a5,egg kothu parotta,primary,en
food_b04e8059,egg nog,primary,en
food_88925974,egg noodles,primary,en
food_2a2a46c9,egg pakora/pakoda,primary,en
food_2a2a46c9,ande ke pakode,regional,hi
food_d503fe12,egg sandwich,primary,en
food_d503fe12,ande ka sandwich,regional,hi
food_e7bd5c2e,egg sauce,primary,en
food_b61e2edf,egg white,primary,en
food_75b50583,egg yolk,primary,en
food_e30cd01f,eggless cake,primary,en
food_28425544,eggo waffle,primary,en
food_a535c56c,eggplant,primary,en
food_1410e889,eggplant/brinjal rice,primary,en
food_1410e889,vangi bhat,regional,hi
food_ff4883a4,eggs benedict,primary,en
food_3403bca2,empanada,primary,en
food_8eec77d7,english muffin,primary,en
food_731b726f,ennai kathirikkai,primary,en
food_8acfd32c,eromba,primary,en
food_f611ea2b,espreso coffee,primary,en
food_c3a59461,espresso,primary,en
food_48f1fce9,espresso martini,primary,en
food_1dfd9a1f,fafda,primary,en
food_b18ae2ea,fafda jalebi,primary,en
food_62ca8dd6,falafel,primary,en
food_52c4491f,fara,primary,en
food_4e55d8aa,farsi puri,primary,en
food_c0a41738,fattoush salad,primary,en
food_24800973,fermented bamboo shoot pickle,primary,en
food_24800973,mesu pickle,regional,hi
food_8d0216ec,fermented bengal gram vada,primary,en
food_8d0216ec,khameerikrit/ufna hua channa dal ka vada,regional,hi
food_6e7edc5c,feta cheese,primary,en
food_5413c895,fettuccine with spinach sauce,primary,en
food_245e85da,figs,primary,en
food_485f54d1,finger millet biscuit,primary,en
food_485f54d1,ragi biscuit,regional,hi
food_1b610560,finger millet cake,primary,en
food_1b610560,ragi cake,regional,hi
food_1e85fbb8,fiorentina steak,primary,en
food_c3f23bb7,fish curry,primary,en
food_c3f23bb7,machli curry,regional,hi
food_ddd93ed5,fish cutlet,primary,en
food_ddd93ed5,machli ka cutlet,regional,hi
food_91cbc6f2,fish finger,primary,en
food_fff7e1c6,fish fry,primary,en
food_d93be601,fish in coconut milk,primary,en
food_d93be601,nariyal ke doodh ke saath machli,regional,hi
food_46242695,fish orly,primary,en
food_a1a05ef2,fish pakora/pakoda,primary,en
food_ef0e5609,fish pie,primary,en
food_09a385a6,fish recheado,primary,en
food_82352a76,fish sandwich,primary,en
food_751fca09,fish sauce,primary,en
food_fd6e9061,fish souffle,primary,en
food_f4f854d4,fish tacos,primary,en
food_5bb63877,fish tikka,primary,en
food_c5f1e072,fish with bamboo shoot,primary,en
food_f33d8bd2,flaky pastry,primary,en
food_9b44b2c2,flan,primary,en
food_eab3232f,flan pastry,primary,en
food_bda69e12,flattened rice cutlet,primary,en
food_bda69e12,chirwa cutlet/chivda cutlet/poha cutlet,regional,hi
food_abc2c031,flavoured milkshake,primary,en
food_a0ea4b5c,focaccia,primary,en
food_c4828187,french bread,primary,en
food_ee002835,french dressing,primary,en
food_02217e13,french fries,primary,en
food_859e4f7f,french omelette/omlet,primary,en
food_2d7c022f,french onion soup,primary,en
food_82b5dfcb,french sandwich,primary,en
food_82b5dfcb,toasted,regional,hi
food_e3cf6c0f,fresh mozzarella,primary,en
food_6899c81e,fricassee of mushroom,primary,en
food_ccf6209b,fried chicken with tomato sauce,primary,en
food_ccf6209b,fried chicken tamatar ki chutney kay saath,regional,hi
food_5025ab30,fried egg,primary,en
food_e670df18,fried fish,primary,en
food_e670df18,indian style,regional,hi
food_85156ab7,fried fish and chips,primary,en
food_85156ab7,english style,regional,hi
food_afd9ebc4,fried okra,primary,en
food_ed96090e,fried pita,primary,en
food_5a020d68,frosting,primary,en
food_94aa3562,frozen frosty fruit salad,primary,en
food_94aa3562,phalon ka salaad,regional,hi
food_4acab52e,fruit cocktail,primary,en
food_226fbc1f,fruit delight,primary,en
food_6bcd7927,fruit flan,primary,en
food_331c16a7,fruit ice cream,primary,en
food_331c16a7,phalon ka ice cream,regional,hi
food_e2b59b75,fruit loaf,primary,en
food_dcf18f6f,fruit punch,primary,en
food_dcf18f6f,with fresh juices,regional,hi
food_dcf18f6f,with squashes,regional,hi
food_6b680ca3,fruit puree tart,primary,en
food_65235dd8,fruit salad,primary,en
food_65235dd8,phalon ka salaad,regional,hi
food_9fa6ba2c,gajar halwa,primary,en
food_17fbb01d,gajar halwo,primary,en
food_16e771f4,gajar matar aloo,primary,en
food_2798bc2b,gajar pak,primary,en
food_5bfee0ae,galho,primary,en
food_dee311e8,galouti kebab,primary,en
food_2ffc157b,garadu,primary,en
food_cb00547d,garam masala,primary,en
food_41d962e0,garelu,primary,en
food_20b59994,garlic,primary,en
food_b8ef001f,garlic bread,primary,en
food_5145ff44,garlic chickpea soup,primary,en
food_5145ff44,lahasun aur chane ka shoraba,regional,hi
food_c977ddb5,garlic chutney/poondu chutney,primary,en
food_c977ddb5,lahasun ki chutney,regional,hi
food_effee2f2,garlic pickle,primary,en
food_effee2f2,lahasun ka achar,regional,hi
food_09c8ab2b,garlic sauce,primary,en
food_2a125d59,garlic soup,primary,en
food_2946d83b,gathiya,primary,en
food_10acf834,gatta curry,primary,en
food_e153d3de,gatte ki sabzi,primary,en
food_542f7f09,gazpacho,primary,en
food_19ae8e79,gelato,primary,en
food_1217a84d,ghari,primary,en
food_ae99cfb2,gheela pitha,primary,en
food_803f0709,ghevar,primary,en
food_85794db4,ghila pitha,primary,en
food_37d6ef56,ghiya/lauki kofta curry,primary,en
food_85e432df,ghooghra,primary,en
food_737a7644,ghujia/lavang latika,primary,en
food_da0e675f,gin,primary,en
food_ce5bedb9,gin & tonic,primary,en
food_b1769eb3,ginger ale,primary,en
food_6b45457d,ginger biscuit,primary,en
food_6b45457d,adarak ke biscuit,regional,hi
food_e1190443,ginger bread man,primary,en
food_7ffcd147,ginger candy,primary,en
food_7ffcd147,adrak ki candy,regional,hi
food_743f963e,ginger chicken,primary,en
food_bd4bf7e3,gingerman biscuit,primary,en
food_c39058dc,gingo,primary,en
food_731b62d1,glace icing,primary,en
food_f637d40e,gnocchi,primary,en
food_26ab97f1,gnocchi alla sorrentina,primary,en
food_d961a46d,goan fish curry,primary,en
food_e1c815c2,goan prawn curry,primary,en
food_9e5f0553,goat cheese,primary,en
food_24d85a88,gobhi matar,primary,en
food_8ea54dfa,gobi 65,primary,en
food_b1808540,gochugaru,primary,en
food_d800062c,gochujang,primary,en
food_f0eb5d1c,goja,primary,en
food_39707ddd,goli bajje,primary,en
food_17319160,golichina mamsam,primary,en
food_912d5d2e,gongura pachadi,primary,en
food_a95562bb,gooseberry chutney,primary,en
food_a95562bb,amla chutney,regional,hi
food_bbe2e8b7,gooseberry marmalade,primary,en
food_bbe2e8b7,amla murabba,regional,hi
food_dc959024,gooseberry pickle,primary,en
food_dc959024,amla ka achaar,regional,hi
food_f4e986ca,gorgonzola cheese,primary,en
food_86743b63,graham cracker,primary,en
food_58132954,gram flour and semolina chilla/cheela/savory pancake,primary,en
food_58132954,besan suji chilla/cheela,regional,hi
food_78861563,gram flour and semolina dhokla,primary,en
food_78861563,besan suji dhokla,regional,hi
food_22d3b4b6,gram flour burfi,primary,en
food_22d3b4b6,besan burfi,regional,hi
food_08021a4d,gram flour chilla/cheela,primary,en
food_08021a4d,besan chilla/cheela,regional,hi
food_b8aed78f,gram flour halwa,primary,en
food_b8aed78f,besan halwa,regional,hi
food_91580ac1,gram flour ladoo,primary,en
food_91580ac1,besan ladoo,regional,hi
food_ed239900,gram flour poori,primary,en
food_ed239900,besan poori,regional,hi
food_71e3c324,granola,primary,en
food_5fd4f2f1,grape and orange whip,primary,en
food_c7a6104b,grapefruit,primary,en
food_6eee669d,grapes,primary,en
food_a175036f,grapes raita,primary,en
food_a175036f,angoor ka raita,regional,hi
food_32b3f004,gravy for kofta,primary,en
food_b6d64ae8,greek yogurt,primary,en
food_b28afe31,green beans,primary,en
food_424e3730,green chickpeas pulao,primary,en
food_424e3730,choliya pulao/hare chane ka pulao,regional,hi
food_b23cbef4,green chilli raita,primary,en
food_b23cbef4,hari mirch ka raita,regional,hi
food_f706cfd9,green chilli sauce,primary,en
food_6a627001,green chutney,primary,en
food_54e0069b,green curry paste,primary,en
food_a30958af,green gram whole with baghar,primary,en
food_a30958af,sabut moong dal with tadka,regional,hi
food_a43d0e24,green onion,primary,en
food_fa90e921,green pea soup,primary,en
food_fa90e921,matar ka soup,regional,hi
food_94d59dfd,green peas,primary,en
food_2352bac7,green tomato pickle,primary,en
food_2352bac7,haray tamatar ka achaar,regional,hi
food_cc163b82,greenpea cookies,primary,en
food_85d3130c,gremolata,primary,en
food_c854febf,grilled cheese sandwich,primary,en
food_056aae13,grilled chicken salad,primary,en
food_32ba8328,grits,primary,en
food_d936c668,ground beef,primary,en
food_b8dad831,ground lamb,primary,en
food_4964608f,guacamole,primary,en
food_e9cba0d1,guanciale,primary,en
food_1ee8d61e,guava,primary,en
food_73c5d66f,guava jelly,primary,en
food_73c5d66f,amrood ki jelly,regional,hi
food_8f7ca5b7,guava raita,primary,en
food_8f7ca5b7,amarood ka raita,regional,hi
food_5787e53c,gud papdi,primary,en
food_55452a9c,gudok,primary,en
food_auth_gujarati_dal,gujarat dal,transliteration,en
food_d5006b66,gujarati handvo,colloquial_alias,en
food_b99315d5,gujarati kadhi,primary,en
food_98e5defa,gulab jamun,primary,en
food_d1934491,gulab jamun with khoya,primary,en
food_993a1100,gulab jamun with milk powder,primary,en
food_5d9fd902,gum icing,primary,en
food_a99b9718,gummy bears,primary,en
food_262c9676,gun powder chutney,primary,en
food_01ca1de1,gundruk soup,primary,en
food_bff3bcc1,gunjia,primary,en
food_bc9e659a,gur,primary,en
food_c22d628b,gushtaba,primary,en
food_229579a2,gutti vankaya,primary,en
food_a5d79ae8,gyapa khazi,primary,en
food_6789bd58,gyro,primary,en
food_c1f00dd1,haak,primary,en
food_09e86761,haleem,primary,en
food_92296339,halibut,primary,en
food_7a73876d,halvasan,primary,en
food_9c968827,halwa,primary,en
food_5830ac19,ham,primary,en
food_8b57d15c,ham & cheese croissant,primary,en
food_83e37170,ham and bean soup,primary,en
food_af16a323,handi chicken,primary,en
food_c9910958,hando guri,primary,en
food_d5006b66,handvo,primary,en
food_d5006b66,handwo,transliteration,en
food_55dfb491,haq maas,primary,en
food_868f740d,hara dhania cholia,primary,en
food_26f8498c,hard-boiled egg,primary,en
food_66dbd03b,hari mutter ka nimona,primary,en
food_f7f4ee6d,hariyali fish tikka,primary,en
food_3b5aa59c,haryanvi chicken curry,primary,en
food_c7d00561,haryanvi mutton curry,primary,en
food_cd60973d,hash browns,primary,en
food_cb77dd6a,hawain salad,primary,en
food_44908476,hazelnut cookies,primary,en
food_f708823c,himachali chicken,primary,en
food_8225786f,hoisin sauce,primary,en
food_cde35e09,hollandaise sauce,primary,en
food_2235e912,home made egg noodles,primary,en
food_9d14cab8,home made plain noodles,primary,en
food_b33876ad,honey,primary,en
food_26261688,honey banana cream,primary,en
food_c2f58e6a,honey cake,primary,en
food_0d673bd7,horchata,primary,en
food_55dcf268,horioh maas,primary,en
food_42ff8f21,horsegram dal,primary,en
food_42ff8f21,kulthi dal,regional,hi
food_c04bad9d,hot and sour soup,primary,en
food_f33b3b3b,hot cheese souffle,primary,en
food_d21a2f7f,hot cherry sauce,primary,en
food_e48b3e9b,hot chocolate,primary,en
food_e06b01e3,hot chocolate souffle,primary,en
food_d3ce9495,hot cocoa,primary,en
food_579a1bb9,hot fish souffle,primary,en
food_a48b85e4,hot lemon souffle,primary,en
food_181d3ee0,hot orange souffle,primary,en
food_602e92c6,hot potato souffle,primary,en
food_0d09c3f8,hot sauce,primary,en
food_ef64bd6d,hot spinach souffle,primary,en
food_auth_masala_chai,hot tea,colloquial_alias,en
food_257f7c6f,garam chai,regional,hi
food_d5370ede,hot vanilla souffle,primary,en
food_92a2bbe7,hummus,primary,en
food_39adc300,hummus wrap,primary,en
food_028a4428,hurum,primary,en
food_b60e6245,hyderabadi biryani,primary,en
food_a7143dff,hyderabadi chicken,primary,en
food_73ed79ac,hyderabadi khatti dal,primary,en
food_158ea6cd,ice box cookies,primary,en
food_44bd1053,ice cream,primary,en
food_5f9272db,iced tea,primary,en
food_e87b157e,idiyappam,primary,en
food_5625b957,idli,primary,en
food_97f72632,ilish bhape,primary,en
food_582faf9e,imarti,primary,en
food_8b2bd0e0,imarti with rabri,primary,en
food_1a55c7db,indian lamb and egg curry,primary,en
food_1a55c7db,nargisi kofta,regional,hi
food_03fc448b,indian omelette,primary,en
food_493a3c56,indian style egg bhujia,primary,en
food_493a3c56,anda bhujia (indian style,regional,hi
food_bb2f7881,indori kachori,primary,en
food_2bfbe9f6,indori poha,primary,en
food_8f8ff1d9,indori samosa,primary,en
food_d2c316a9,instant coffee,primary,en
food_9a5f9af2,instant dhokla,primary,en
food_acd6078c,instant idli,primary,en
food_acd6078c,with semolina,regional,hi
food_c4d1d175,italian dressing,primary,en
food_42a583b1,italian sausage,primary,en
food_1328e2e7,jackfruit fritters,primary,en
food_1328e2e7,ponsa mulik/kathal ka pakora,regional,hi
food_16862a0f,jackfruit kofta curry,primary,en
food_16862a0f,kathal ka kofta curry,regional,hi
food_7f62839b,jackfruit sabzi,primary,en
food_7f62839b,kathal ki sabzi,regional,hi
food_0ae9b140,jackfruit/kathal,primary,en
food_0ae9b140,dry,regional,hi
food_4fb7b6c7,jadoh,primary,en
food_auth_jaljeera,jal jeera,colloquial_alias,en
food_034fe8da,jalapeno,primary,en
food_f086ee2e,jaleba,primary,en
food_55603d09,jalebi,primary,en
food_d8413b56,jalfrezi,primary,en
food_9b521d40,jam and fruit pancake,primary,en
food_e5bcc11e,jam filling,primary,en
food_a355b657,jam tart,primary,en
food_eda285d9,jasmine rice,primary,en
food_2767afa7,jeera aloo,primary,en
food_8192e8ae,jellied sunshine fruit salad,primary,en
food_327b4bda,jelly,primary,en
food_95d159be,jelly biscuit,primary,en
food_3f86b9d5,jhangore ki kheer,primary,en
food_4cb366dc,jhatpat achar with carrot,primary,en
food_4cb366dc,jhatpat achaar gajar ke saath,regional,hi
food_19d37c6f,jicama,primary,en
food_82790c4b,jonna roti,primary,en
food_e3c50253,jowar dosa,primary,en
food_ebebd4fc,junglee maas,primary,en
food_8c24c9f6,juvar no rotlo,primary,en
food_a3cf8e0e,kaara kozhambu,primary,en
food_f628df43,kabiraji,primary,en
food_61b6de9b,kabuli channa curry,primary,en
food_ecaddc97,kachori,primary,en
food_d2d550d4,kachori sabzi,primary,en
food_95587156,kadai paneer,transliteration,en
food_95587156,kadhai paneer,primary,en
food_fb4e9ff4,kadhi and khichdi,primary,en
food_5b4141d6,kadhi pakoda,primary,en
food_6725f0e7,kadhi pakora,primary,en
food_29dfb69b,kafuli,primary,en
food_drk_kashmiri_kahwa,kahwa,transliteration,gu
food_e04657c0,kakori kebab,primary,en
food_17a844b6,kale,primary,en
food_24d5d61e,kale salad,primary,en
food_10a84b03,kangshoi,primary,en
food_9dc4db70,kanji,primary,en
food_c53cf1ed,kansar,primary,en
food_0e70eb7a,karanji,primary,en
food_eef2040e,karela bharta,primary,en
food_4c027ba0,karela nu shak,primary,en
food_1480ae2b,karimeen pollichathu,primary,en
food_c96cffd6,kashmiri 'tahar',primary,en
food_b380943e,kashmiri masala,primary,en
food_bc65690a,kashmiri mutton koftas,primary,en
food_bc65690a,gushtaba,regional,hi
food_39cf52cb,kashmiri pulao,primary,en
food_381a9624,kashmiri tea,primary,en
food_381a9624,kehwa,regional,hi
food_40bc0bce,katha meetha petha,primary,en
food_fcbfbf74,kathi roll chicken,primary,en
food_7a9301c1,kathi roll egg,primary,en
food_110ef7f9,kathi roll paneer,primary,en
food_7f3098b1,kebabs,primary,en
food_c4797071,keema kofta curry,primary,en
food_0e26fc3e,keema pancake,primary,en
food_d477f033,keema parantha/paratha,primary,en
food_cd77f470,keerai koottu,primary,en
food_7a105a78,keerai masiyal,primary,en
food_623f177d,keerai poriyal,primary,en
food_c3f287ce,keerai sadam,primary,en
food_f3616865,kefir,primary,en
food_bf49f84a,ker sangri,primary,en
food_537249e3,kerala beef fry,primary,en
food_a778f3bd,kerala chicken curry,primary,en
food_7d69afbb,kerala fish curry,primary,en
food_c8da1a24,kerala sadya,primary,en
food_fb71c52d,keri no ras,primary,en
food_b888fe77,kesari bat,primary,en
food_644ef5cb,kesari bath,primary,en
food_07cfe496,ketchup,primary,en
food_d993977c,khaja,primary,en
food_7cb2d0c4,khakhra,primary,en
food_15a57ad6,khakhra chaat,primary,en
food_350a1462,khaman,primary,en
food_350a1462,dhokla,regional,hi
food_10160b40,khandvi,primary,en
food_9a19cf69,khar,primary,en
food_2f60b5a8,kharoli,primary,en
food_045694d6,khasta kachori,transliteration,hi
food_412f2e53,khatkhate,primary,en
food_d0373504,khatta channa,primary,en
food_ccd7b309,kheer,primary,en
food_616eca86,kheer makhana,primary,en
food_25d12724,khichdi,primary,en
food_264de14f,khichdi kadhi,primary,en
food_8522aeb5,khichu,primary,en
food_03ddf59d,khoa and coconut pancake,primary,en
food_58c3e98d,khoa coconut burfi,primary,en
food_1c621eb0,khoa ladoo,primary,en
food_eba6a52d,khorisa,primary,en
food_d32eb4f1,khoya paneer,primary,en
food_2ff6ab47,khura,primary,en
food_6d0d4cdb,kibbeh,primary,en
food_5d6c55d9,kidney bean curry,primary,en
food_5d6c55d9,rajmah curry,regional,hi
food_bd4c7cb2,kidney bean sandwich with cottage cheese,primary,en
food_9d9a0599,kimchi,primary,en
food_88dac4a2,kimchi jjigae,primary,en
food_7a249a75,kinema curry,primary,en
food_578685be,kiwi granola pudding,primary,en
food_de49831c,kiwifruit,primary,en
food_6a99107b,kodi vepudu,primary,en
food_4ca508d4,kodubale,primary,en
food_4bee94ed,kofta,primary,en
food_390ed962,koldil chicken,primary,en
food_8239f23d,koldil duck,primary,en
food_e944906c,kolhapuri akkha masoor dal,primary,en
food_220979bf,kolhapuri chicken,primary,en
food_3ab2958c,kolhapuri misal,colloquial_alias,en
food_b64cb688,kolhapuri mutton,primary,en
food_817da317,kolim / jawla,primary,en
food_a561168c,kolkata biryani,primary,en
food_4f043300,kombdi vade,primary,en
food_2a3e6716,kombucha,primary,en
food_ec8f10d9,konir dom,primary,en
food_8f9e3413,koottu,primary,en
food_6e89a277,kootu,primary,en
food_d6f710d6,kopra paak,primary,en
food_a6f41687,kori gassi,primary,en
food_f85d0a46,kori rotti,primary,en
food_14a74191,korma,primary,en
food_951c9efd,kos kootu,primary,en
food_a63d8853,kosambari,primary,en
food_7ad62676,kosha mangsho,primary,en
food_f7f1e90b,koshambri,primary,en
food_79bfc1b0,koshimbir,primary,en
food_2398c886,kothamali sadam,primary,en
food_1ca2fe9d,kothimbir vadi,primary,en
food_f1cce708,kulfi,primary,en
food_7c7808a6,kulfi falooda,primary,en
food_1c025328,kullu trout,primary,en
food_f7cb4b33,kumaoni mutton,primary,en
food_9c10db6d,kumaoni raita,primary,en
food_64f18b46,kumol sawul,primary,en
food_ae102559,kundapura chicken,primary,en
food_1237c674,kuzhakkattai,primary,en
food_baa20af2,kuzhambu,primary,en
food_3371fea8,laal maas,primary,en
food_159ed502,laapsi,primary,en
food_6d61b72e,labneh,primary,en
food_09b5c738,laddu,primary,en
food_d28db7ed,lai haq maas,primary,en
food_c4857d35,lasagna,primary,en
food_ca7161e6,lasagne with meat sauce,primary,en
food_374e35be,lasagne with vegetables,primary,en
food_5e08bbc3,lassi,colloquial_alias,en
food_3e5d3106,salted,regional,hi
food_2084516b,lauki ke kofte,primary,en
food_1b9046fd,lauki ki bhaaji,primary,en
food_5e8ff6b3,lem-o-gin,primary,en
food_50ba46db,lemon and ginger squash,primary,en
food_50ba46db,nimbu aur adrak ka squash,regional,hi
food_00ac6399,lemon bar,primary,en
food_5b037542,lemon butter fish,primary,en
food_fcf07c42,lemon cake,primary,en
food_b99f3f7c,lemon chicken,primary,en
food_86a9948a,lemon chiffon pie,primary,en
food_9dd397df,lemon cookies,primary,en
food_d6027606,lemon coriander soup,primary,en
food_1dce7632,lemon curd filling,primary,en
food_cb941dff,lemon green chilli pickle,primary,en
food_cb941dff,nimboo aur hari mirch ka achaar,regional,hi
food_f33e9c23,lemon juice,primary,en
food_598b61c5,lemon meringue pie,primary,en
food_5e573a9d,lemon rice,primary,en
food_5e573a9d,pulihora,regional,hi
food_5e573a9d,elumichai sadam,regional,hi
food_5e573a9d,chitranna,regional,hi
food_f275bd92,lemon slice,primary,en
food_44c73dac,lemon souffle,primary,en
food_b40b4b39,lemon squash,primary,en
food_b40b4b39,nimbu ka squash,regional,hi
food_58e36fa5,lemon tart,primary,en
food_31df80d7,lemon wedge,primary,en
food_auth_nimbu_pani,lemonade,colloquial_alias,en
food_cbf8f341,lentil soup,primary,en
food_11c39c50,lentils and semolina porridge,primary,en
food_11c39c50,dal suji porridge/daliya,regional,hi
food_3da9b50b,lentils and wheat porridge,primary,en
food_3da9b50b,dal wheat porridge/daliya,regional,hi
food_1eb80dcb,lettuce,primary,en
food_389535f8,lichi squash,primary,en
food_4c93ce4e,lilva kachori,primary,en
food_50f37078,lime,primary,en
food_6415fb88,lime juice,primary,en
food_eddd9161,lime wedge,primary,en
food_cf1b4644,limoncello,primary,en
food_6589f03d,litti,primary,en
food_4bbd3111,litti chokha,transliteration,gu
food_1fdd2241,lobia curry,primary,en
food_5399b9eb,lobiya,primary,en
food_fd9f9f8b,lobster,primary,en
food_ae8a1858,lobster bisque,primary,en
food_e9989a75,locha,primary,en
food_d8048a93,lomo saltado,primary,en
food_40511acf,loskora,primary,en
food_2bc7be5a,lotus seed halwa,primary,en
food_2bc7be5a,kamal gattay ka halwa,regional,hi
food_75280ed3,lotus stem curry,primary,en
food_75280ed3,kamal kakdi curry,regional,hi
food_79e900e1,lotus stem kofta curry,primary,en
food_79e900e1,kamal kakdi kofta curry,regional,hi
food_6055c45d,lotus stem pickle,primary,en
food_6055c45d,kamal kakdi ka achar,regional,hi
food_fd5337ed,low calorie quick mayonnaise,primary,en
food_1dd2a9a8,luchi,primary,en
food_02b0ad57,lucknowi biryani,primary,en
food_96a6b57b,maa chaane ki dal,primary,en
food_0914373c,maasor tenga,primary,en
food_1537f22d,macadamia nuts,primary,en
food_81163e15,macaroni & cheese,primary,en
food_688560f2,macaroni salad,primary,en
food_8b41a0f3,macha besara,primary,en
food_add773c8,macha ghanta,primary,en
food_c0463cad,macha tarkari,primary,en
food_fec3550b,macher jhol,primary,en
food_938d1436,machher jhol,primary,en
food_306513de,machhli jhor,primary,en
food_2debe63d,mackerel,primary,en
food_4673036f,macroni cheese pie,primary,en
food_97b6539f,madra,primary,en
food_5ec0539c,mag dhokli,primary,en
food_baab4b6d,maghaz,primary,en
food_2d98a478,maize porridge,primary,en
food_a280fb09,makhaan ka kheer,primary,en
food_b079b549,makhana kheer,primary,en
food_e76389a7,makhaniya lassi,primary,en
food_f7520be4,makki di roti,primary,en
food_f7520be4,makki ki roti,transliteration,en
food_d525c639,makki ki roti sarson ka saag,primary,en
food_d9e0ac42,mal pua,primary,en
food_dcbb0f7c,malabar chicken biryani,primary,en
food_a29bf312,malabar parotta,primary,en
food_97459567,malaiyo,primary,en
food_2359f6c6,malpua,primary,en
food_06d4174c,malva pudding,primary,en
food_4eb05f42,malvani chicken,primary,en
food_c9a4e94d,malvani fish curry,primary,en
food_71028229,manakeesh,primary,en
food_e8b3ee08,mandarin orange,primary,en
food_e4099dd3,mandua roti,primary,en
food_3a81fb81,mangalore buns,primary,en
food_d2e55883,mangalorean fish curry,primary,en
food_628ca09d,mango,primary,en
food_72d96127,mango cheesecake,primary,en
food_8cc0cf1d,mango ice cream,primary,en
food_d391d5fd,mango malpua,primary,en
food_c165de17,mango milkshake,primary,en
food_c165de17,aam milkshake,regional,hi
food_4cc2c677,mango milkshake with ice cream,primary,en
food_4cc2c677,aam milkshake ice cream ke saath,regional,hi
food_59da1929,mango mousse,primary,en
food_1b50ab8a,mango murabba candy,primary,en
food_8b5332df,mango pickle,primary,en
food_8b5332df,aam ka achaar,regional,hi
food_4d2b4306,mango raita,primary,en
food_4d2b4306,aam ka raita,regional,hi
food_b3a14caa,mango squash,primary,en
food_b3a14caa,aam ka squash,regional,hi
food_723989a6,mango vanilla custard,primary,en
food_882e0c68,manicotti,primary,en
food_797c504f,manipuri black rice pudding,primary,en
food_84d5fc22,maple syrup,primary,en
food_e1d16c11,marble cake,primary,en
food_e27d5193,marmalade,primary,en
food_e27d5193,murabba,regional,hi
food_efc965bd,marshmallow,primary,en
food_72de8875,masala arbi,primary,en
food_841fc90b,masala biscuit,primary,en
food_6925ee8d,masala dosa,primary,en
food_26271e02,masala dosa mixed vegetable fillings,primary,en
food_f93c411d,masala dosa paneer fillings,primary,en
food_b1673ea3,masala green chilli pakora/pakoda,primary,en
food_b1673ea3,hari mirch kay pakode,regional,hi
food_520e99c6,masala onion pakora/pakoda,primary,en
food_520e99c6,pyaaz ke pakode,regional,hi
food_47ee8cab,masala souffle,primary,en
food_bf8e1456,masala urad dal vada,primary,en
food_d657aef5,masala vada,primary,en
food_7d6aaaed,mashed banana with milk,primary,en
food_d2aa36e8,mashed cauliflower,primary,en
food_77de9473,mashed potatoes,primary,en
food_05bf086f,masor koni,primary,en
food_771ec51e,masor petu,primary,en
food_baf6f970,masor tenga,primary,en
food_f13a6f8c,matar paneer,primary,en
food_c83064f6,matcha latte,primary,en
food_dae25b8e,mate,primary,en
food_e01b2460,mathri,primary,en
food_4762bdd8,mathura peda,primary,en
food_1955d2e3,mawa bati,primary,en
food_be1564cb,mayonnaise,primary,en
food_13a626c2,mayonnaise vegetable dip,primary,en
food_dd08c5cb,mayonnaise without eggs,primary,en
food_44fe5ef4,meat and macaroni casserole,primary,en
food_700d227a,meat consomme,primary,en
food_700d227a,with mutton,regional,hi
food_34e08ad1,meat stock,primary,en
food_7e7c2b24,meatball sub,primary,en
food_34b75826,media luna,primary,en
food_e97d0f49,meen kuzhambu,primary,en
food_919cb244,melted butter,primary,en
food_e5b93257,melting moments,primary,en
food_af17e4a3,meringue and rice pudding,primary,en
food_6a523a1f,methi chaman,primary,en
food_71fdba23,methi malai paneer,primary,en
food_1495086a,methi na gota,transliteration,gu
food_475a931e,methi pakora/pakoda,primary,en
food_1495086a,methi ke pakode,transliteration,hi
food_f13897fb,methi parantha/paratha,primary,en
food_e3bfd6c0,methi poori,primary,en
food_e427aecb,methi saag,primary,en
food_7951130d,methi thepla,primary,en
food_0fd46348,mexican rice,primary,en
food_e31a794c,mignonette sauce,primary,en
food_e119a196,milk cake,primary,en
food_d1605f61,milk cookies,primary,en
food_f758a692,millet lapsi,primary,en
food_9508375b,millet soup,primary,en
food_79323aeb,minced meat ball curry,primary,en
food_d7f8f4dd,minced meat cutlet,primary,en
food_82cb82c5,minced meat pancake,primary,en
food_82cb82c5,with chicken,regional,hi
food_74c796ea,minced meat patties,primary,en
food_6f6e3e49,minced meat pie,primary,en
food_7f007ff0,minced meat samosa,primary,en
food_7f007ff0,keema ka samosa,regional,hi
food_a8c84351,minestrone soup,primary,en
food_81df8f3f,mint,primary,en
food_d2c13ed3,mint and coriander chutney,primary,en
food_d2c13ed3,pudinay aur dhaniye ki chutney,regional,hi
food_05bf7678,mint and peanut raita,primary,en
food_05bf7678,pudinay aur moongfali ka raita,regional,hi
food_fad455e7,mint and peanut sandwich,primary,en
food_dd053457,mint chutney,primary,en
food_ab9dbb8c,mint raita,primary,en
food_ab9dbb8c,pudinay ka raita,regional,hi
food_26f19f64,mint tea,primary,en
food_20a27e86,mint tomato chutney,primary,en
food_20a27e86,pudinay aur tamatar ki chutney,regional,hi
food_07ce8282,mintade,primary,en
food_0bbed19b,mirchi bada,primary,en
food_8606e8ce,mirchi bajji,primary,en
food_6aecec2b,mirchi vada,primary,en
food_5c446d68,misa mach poora,primary,en
food_3ab2958c,misal pav,primary,en
food_8012e155,mishti chholar dal,primary,en
food_45b543ca,mishti doi,primary,en
food_91381801,missi roti,primary,en
food_9e7ef667,mithe chawal,primary,en
food_d93a9403,mixed dal,primary,en
food_3343e006,mixed nuts,primary,en
food_46e4263e,mixed pulse and vegetable salad,primary,en
food_f1446844,mixed stock,primary,en
food_d78ffca3,mixed vegetable,primary,en
food_6522ac70,mixed vegetable pakora/pakoda,primary,en
food_6430a6fb,mixed vegetable pickle,primary,en
food_6430a6fb,sabziyoon ka achaar,regional,hi
food_b4bb0827,mixed vegetable pulao,primary,en
food_140813d3,mixed vegetable salad with curd sauce,primary,en
food_c2080694,mixed vegetable soup,primary,en
food_b336726c,mizo chicken,primary,en
food_8ce2fa02,mizo rice,primary,en
food_9ae6728b,mocha latte,primary,en
food_3368f403,modak,primary,en
food_c18ad353,modur pulao,primary,en
food_e5996951,mohan thaal,primary,en
food_dcf41a95,mohanthal,primary,en
food_987955f0,momo,primary,en
food_168baa1b,momos,primary,en
food_867fe4d7,mooli bhujia,primary,en
food_0b16d51d,moong bean dosa,primary,en
food_a27bf5fd,pesarattu,primary,en
food_23e67a9e,moong dal halwa,primary,en
food_2efe232c,moong dal kheer,primary,en
food_2452a45f,moong dal ki lapsi,primary,en
food_db6562e3,moong dal mixture,primary,en
food_b2f109f3,moong dal stuffed cheela/chilla,primary,en
food_b2f109f3,moong dal ka cheela/chilla,regional,hi
food_af09d94e,moong dal with vadi,primary,en
food_37bb1f69,mosdeng serma,primary,en
food_5ec0f9d1,moti mahal dal,primary,en
food_5ec0f9d1,urad rajmah mix dal,regional,hi
food_d731d871,mozzarella,primary,en
food_bbb27a27,muffin,primary,en
food_418aed1a,mughlai paratha,primary,en
food_c8809d91,mui borok,primary,en
food_9dd9fd68,mulligatawny soup,primary,en
food_13241d3f,murgh musallam,primary,en
food_17bd17be,muri naaru,primary,en
food_9cb3fc17,murmura,primary,en
food_9cb3fc17,puffed rice,regional,hi
food_78752af7,murmura chikki,primary,en
food_796afc25,murukku,primary,en
food_fa313a30,mushroom,primary,en
food_c46e8e6d,mushroom and cheese sandwich,primary,en
food_c46e8e6d,toasted,regional,hi
food_d4c44bcf,mushroom do pyaza,primary,en
food_7056bae7,mushroom matar,primary,en
food_0086c9d1,mushroom pulao,primary,en
food_3e9312bd,mushroom sauce,primary,en
food_6c3b2f9b,mussels,primary,en
food_e96553a8,mustard sauce,primary,en
food_2216d5b9,mustard seeds baghar,primary,en
food_2216d5b9,mustard seed tadka,regional,hi
food_2768283b,muthia,primary,en
food_6c51654a,muthiya,primary,en
food_86981641,mutton biryani,primary,en
food_7f79da2f,mutton biryani/biriyani,primary,en
food_4648450f,mutton chops,primary,en
food_253f28e0,mutton curry,primary,en
food_c051685d,mutton do piaza,primary,en
food_ac4cef0b,mutton jhol,primary,en
food_4161b923,mutton korma,primary,en
food_bb7bcaa9,mutton pulao,primary,en
food_6991beb6,mutton samosa,primary,en
food_862cdbac,mutton seekh kebab,primary,en
food_a23df226,mutton tikka,primary,en
food_10e8c111,mutton yakhni,primary,en
food_67453e73,mysore masala dosa,primary,en
food_783f8126,mysore pak,primary,en
food_db76be5f,naan,primary,en
food_e139c7e5,naan bread,primary,en
food_51c466b4,naan khatai,primary,en
food_71eb6c91,nadru yakhni,primary,en
food_2c861d45,naga chicken,primary,en
food_b39849e1,naga chutney,primary,en
food_139c5c33,naga pork curry,primary,en
food_aa8c90ad,nakham bitchi,primary,en
food_8e7d762d,namakpara,primary,en
food_43196eac,namkeen daliya,primary,en
food_f42ae01b,nandu omelette,primary,en
food_4e73004a,nannari sharbat,primary,en
food_f4f56cbf,naralachi vadi,primary,en
food_bf851e88,navratan pulao,primary,en
food_9da670a0,navrattan korma,primary,en
food_9a85b01b,neer dosa,primary,en
food_1d0c1354,negroni,primary,en
food_fea0c390,nethili fry,primary,en
food_120c5c50,nga thongba,primary,en
food_88c8bdd5,nihari,primary,en
food_4386f7b4,nutella,primary,en
food_046bf584,nutritional yeast,primary,en
food_64a667dc,oat milk,primary,en
food_5b9bfd99,oatmeal,primary,en
food_94ca7111,oatmeal porridge,primary,en
food_24974fa2,oats burfi,primary,en
food_609fef55,obbattu,primary,en
food_7968fb26,okra/lady's fingers fry,primary,en
food_7968fb26,bhindi sabzi/sabji/subji,regional,hi
food_0c802f64,olan,primary,en
food_d11e0600,olive,primary,en
food_7f976c5f,olive biscuit,primary,en
food_fcda93c3,olive oil,primary,en
food_974dd9a7,olives,primary,en
food_890bd893,onion,primary,en
food_4be3d56e,onion chutney,primary,en
food_4be3d56e,pyaaz ki chutney/vengaya chutney,regional,hi
food_5abb23c5,onion pakora/pakoda,primary,en
food_5abb23c5,pyaaz ke pakode,regional,hi
food_48869ea0,onion raita,primary,en
food_48869ea0,pyaaz ka raita,regional,hi
food_51e18eba,onion rings,primary,en
food_6e4eb3c7,onion tomato baghar,primary,en
food_6e4eb3c7,pyaaz tamatar ka tadka,regional,hi
food_ff0411a3,onion tomato uttapam,primary,en
food_eeac8a9b,onion-green chilli parantha/paratha,primary,en
food_eeac8a9b,pyaaz aur hari mirch ka parantha/paratha,regional,hi
food_fe6a5964,onions,primary,en
food_a9a0c220,oondees,primary,en
food_f3f37289,ooti with fish,primary,en
food_d6242475,orange,primary,en
food_c5c69f3c,orange and pineapple cream,primary,en
food_ec6790f0,orange biscuit,primary,en
food_75a6b7d2,orange cake,primary,en
food_5ad3b62d,orange chiffon pie,primary,en
food_3d833568,orange cream flan,primary,en
food_30ae4999,orange cream tart,primary,en
food_2c7a53e9,orange eggless cake,primary,en
food_dcfa9a3e,orange gateau,primary,en
food_f3d3297e,orange juice,primary,en
food_a60c8204,orange marmalade,primary,en
food_a60c8204,santray ka murabba,regional,hi
food_f5e3b626,orange milkshake,primary,en
food_f5e3b626,narangi milkshake,regional,hi
food_5c870fe1,orange milkshake with ice cream,primary,en
food_5c870fe1,narangi milkshake ice cream ke saath,regional,hi
food_943f4a04,orange omelette/omlet,primary,en
food_49aaf8a9,orange peel,primary,en
food_52819346,orange sauce,primary,en
food_9fe697ae,orange slice,primary,en
food_d4441b98,orange souffle,primary,en
food_14c8d111,orange squash,primary,en
food_14c8d111,santre ka squash,regional,hi
food_012c5665,oregano,primary,en
food_e768c06c,osso buco,primary,en
food_2b7d833c,ou tenga maas,primary,en
food_295fad30,oyster,primary,en
food_6ad71188,paaner do pyaza,primary,en
food_ba9c82a6,pachadi,primary,en
food_11b4ebe7,pad thai,primary,en
food_a5a0cfff,paella,primary,en
food_37b46dc5,pahadi chicken,primary,en
food_92c34125,pakhala,primary,en
food_5961c675,pakhala bhata,primary,en
food_f8f9938c,paknam,primary,en
food_826c7c4e,palak paneer,primary,en
food_fa859467,pancake,primary,en
food_1de3f736,pancakes,primary,en
food_5e943e81,pancetta,primary,en
food_2c1f84b4,panchmel dal,primary,en
food_697d4f84,paneer and pea samosa,primary,en
food_697d4f84,paneer matar ka samosa,regional,hi
food_dab1524f,paneer butter masala,primary,en
food_4476257d,paneer curry,primary,en
food_snk_paneer_tikki,paneer cutlet,colloquial_alias,en
food_60d0c1b5,paneer in butter sauce,primary,en
food_9a0aadac,paneer kaathi roll,primary,en
food_38e99c2f,paneer kheer,primary,en
food_76d74a94,paneer kofta curry,primary,en
food_164074f6,paneer lababdar,primary,en
food_2daaf186,paneer makhana korma,primary,en
food_d686df90,paneer pakora/pakoda,primary,en
food_0997cc49,paneer parantha/paratha,primary,en
food_c66b5efb,paneer patties,primary,en
food_7d3e6d7f,paneer pea sandwich,primary,en
food_7d3e6d7f,toasted,regional,hi
food_f0f8c595,paneer potato cutlet,primary,en
food_f0f8c595,paneer aloo cutlet,regional,hi
food_9360742e,paneer pulao,primary,en
food_9b738180,paneer shaslik/tikka,primary,en
food_9e69f8aa,paneer soup,primary,en
food_1d0499f3,paneer stuffed cheela/chilla,primary,en
food_654c6acc,paneer tikka,primary,en
food_55fbca34,paneer tikka masala,primary,en
food_805bc038,"paneer, apple and pineapple salad",primary,en
food_cb968738,panettone,primary,en
food_6d389160,pani pitha,primary,en
food_8db68534,pani puri,transliteration,hi
food_0082b432,pani tenga,primary,en
food_8db68534,panipuri,transliteration,en
food_01d2ab89,paniyaram,primary,en
food_380a67ef,panjeeri,primary,en
food_68f75dc1,panna cotta,primary,en
food_e448c1d1,pantua,primary,en
food_2186a3b7,papad,primary,en
food_570ba6f8,papadum,primary,en
food_0f927466,papaya,primary,en
food_88105226,papdi,primary,en
food_9432d70c,paratha,primary,en
food_f2cccec3,paravannam,primary,en
food_6009ee1d,parmigiano-reggiano,primary,en
food_52126410,paro manxho,primary,en
food_bd7d6c10,parotta,primary,en
food_bc47cf47,parsley,primary,en
food_dfcfdbd7,parsley potato,primary,en
food_a3fc9889,paruppu sadam,primary,en
food_8e34c03e,passion fruit,primary,en
food_7ad86ac6,pasta cheese sauce,primary,en
food_2082fc6c,pasta hot pot,primary,en
food_b40b1822,pasta salad,primary,en
food_62df7340,pasta spinach sauce,primary,en
food_73a0f6b9,patande,primary,en
food_383d93f3,pate,primary,en
food_a32d3687,patot diya fish,primary,en
food_4eda948c,patra,transliteration,hi
food_ac8a0a5c,patrode,primary,en
food_a0a69eee,paushtik ladoo,primary,en
food_4398a819,paushtik roti,primary,en
food_9d3a755e,pav bhaji,primary,en
food_0ac8495e,pav bhaji masala,primary,en
food_e454c0a6,pavlova,primary,en
food_17cf7597,payasam,primary,en
food_a9f1d582,payokh,primary,en
food_1e64d795,pea curry,primary,en
food_1e64d795,matar ki sabzi,regional,hi
food_d686b4c2,pea keema curry,primary,en
food_d686b4c2,matar keema ki sabzi,regional,hi
food_1a48c572,pea keema sandwich,primary,en
food_1a48c572,toasted,regional,hi
food_0cd881c1,pea kofta curry,primary,en
food_0cd881c1,matar kofta curry,regional,hi
food_42adc68a,pea mushroom curry,primary,en
food_42adc68a,matar mushroom,regional,hi
food_fbe1a72b,pea paneer curry,primary,en
food_fbe1a72b,matar paneer,regional,hi
food_bcca7eef,pea parantha/paratha,primary,en
food_bcca7eef,matar ka parantha/paratha,regional,hi
food_72f3192f,pea potato curry,primary,en
food_72f3192f,aloo matar,regional,hi
food_d64bfcc6,pea potato sandwich,primary,en
food_d64bfcc6,toasted,regional,hi
food_0b354a48,pea vadi curry,primary,en
food_00264380,peach blueberry preserves,primary,en
food_8744f024,peach melba ice cream,primary,en
food_f0570d5b,peanut and tomato sandwich,primary,en
food_f0570d5b,moongfali aur tamatar ka sandwich,regional,hi
food_fa59db5b,peanut biscuit,primary,en
food_75d0834f,peanut brittle,primary,en
food_75d0834f,moongfali ki chikki,regional,hi
food_4ab5eb7f,peanut burfi,primary,en
food_4ab5eb7f,moongfali ki burfi,regional,hi
food_f9aa6fa5,peanut butter,primary,en
food_5dbf98eb,peanut butter & jelly sandwich,primary,en
food_a6983f60,peanut butter cucumber sandwich,primary,en
food_5fba83a9,peanut chutney,primary,en
food_5fba83a9,mungfali ki chutney,regional,hi
food_5f1b72b6,peanut cutlet,primary,en
food_5f1b72b6,mungfali ke cutlet,regional,hi
food_05ccc568,peanut pulao,primary,en
food_e67280e1,peanut raita,primary,en
food_e67280e1,mungfali ka raita,regional,hi
food_c5d62b1a,peanut sago vada,primary,en
food_c5d62b1a,sabudana mungfali vada,regional,hi
food_42160fde,peanut sauce,primary,en
food_8d65a588,pear,primary,en
food_a3feab5f,pear chocholate sunday,primary,en
food_002e1ee3,pear preserves,primary,en
food_002e1ee3,naashpati ka murabba,regional,hi
food_4537fc59,pearl millet infant food,primary,en
food_4537fc59,bajra shishu aahaar,regional,hi
food_487cc9d9,pearl millet ladoo,primary,en
food_487cc9d9,bajra ladoo,regional,hi
food_2b1f61e2,pearl millet mathri,primary,en
food_2b1f61e2,bajra mathri,regional,hi
food_840ae118,peas brinjal bhartha,primary,en
food_840ae118,matar baingan bhartha,regional,hi
food_8e1bc388,peas kachori,primary,en
food_8e1bc388,matar kachori,regional,hi
food_e0ab05f3,peas poori,primary,en
food_e0ab05f3,matar ki poori,regional,hi
food_b41dfeba,peas pulao,primary,en
food_b41dfeba,matar pulao,regional,hi
food_e4a6a6c4,pecans,primary,en
food_999f367c,pecorino cheese,primary,en
food_9957d34a,pecorino romano,primary,en
food_9873dad5,peda,primary,en
food_e5894926,penda,primary,en
food_7cb934c9,penne platter,primary,en
food_1ec06515,pepperoncini,primary,en
food_a27bf5fd,pesarattu,primary,en
food_78e05753,pesto,primary,en
food_faaf55a4,pesto sauce,primary,en
food_da4b9c69,petha,primary,en
food_041ecf39,phaanu,primary,en
food_399d1fa6,phagshapa,primary,en
food_c3195659,philly cheesesteak,primary,en
food_46af7c0b,phirni,primary,en
food_251be6c0,pickle,primary,en
food_1a5399ee,pickled cabbage,primary,en
food_115a4889,pickled cucumber,primary,en
food_0ea22e01,pickled mustard greens,primary,en
food_c7103ca3,pickled radish,primary,en
food_925d970c,pickled turnips,primary,en
food_7fbedf67,pico de gallo,primary,en
food_80bab1a5,pika pila,primary,en
food_af7ca3da,pin wheel biscuit,primary,en
food_e025c183,pin wheel sandwich,primary,en
food_d38a58d6,pine nuts,primary,en
food_ec5ea158,pineapple cake,primary,en
food_6cd7acd3,pineapple jam,primary,en
food_353903fc,pineapple milkshake,primary,en
food_353903fc,ananas milkshake,regional,hi
food_d96da8ed,pineapple milkshake with ice cream,primary,en
food_d96da8ed,ananas milkshake ice cream ke saath,regional,hi
food_f09528b7,pineapple pastry,primary,en
food_24e3b1bf,pineapple raita,primary,en
food_24e3b1bf,ananas ka raita,regional,hi
food_88d83294,pineapple souffle,primary,en
food_3dd33b4e,pineapple squash,primary,en
food_3dd33b4e,ananas ka squash,regional,hi
food_de9d4336,pineapple tart,primary,en
food_4cd9ed92,pineapple upside down pudding,primary,en
food_fcecee97,pinni,primary,en
food_56a8c6f8,pisco sour,primary,en
food_099c4003,pistachio,primary,en
food_6d5bcd17,pistachios,primary,en
food_c18942c7,pita bread,primary,en
food_e5dbbcaa,pita crisps,primary,en
food_234ead81,pitha,primary,en
food_7167d434,pithla bhakri,primary,en
food_e33d99d4,pittha,primary,en
food_e3f8b04e,pizza,primary,en
food_34ad5bfd,plain burfi,primary,en
food_34ad5bfd,burfi,regional,hi
food_e8410b2a,plain cream cake,primary,en
food_f2627c39,plain dosa,primary,en
food_bae7a921,plain khitchdi,primary,en
food_bae7a921,plain khichri/khichdi,regional,hi
food_8efbe9c9,plain omelette/omlet,primary,en
food_f1833e88,plain parantha/paratha,primary,en
food_9045a005,plain pulao,primary,en
food_bbfc2e18,plain urad dal vada,primary,en
food_bbfc2e18,uzunne vada/minapa garelu/ulundu vadai/medu vada,regional,hi
food_d343f6be,plum chutney,primary,en
food_d343f6be,aloo bukhara ki chutney,regional,hi
food_f03826b1,plum jam,primary,en
food_f03826b1,aloo bukhara jam,regional,hi
food_19617284,plum squash,primary,en
food_19617284,aloo bukhara squash,regional,hi
food_904f3ea5,poached egg,primary,en
food_fdcaf719,poha,primary,en
food_644ec1e8,poha with curd,primary,en
food_644ec1e8,poha aur dahi,regional,hi
food_dc647a14,poi,primary,en
food_ba397c09,polenta,primary,en
food_7836c2f9,pomegranate molasses,primary,en
food_3324bea1,pomegranate raita,primary,en
food_3324bea1,anaar ka raita,regional,hi
food_edfed663,pongal,primary,en
food_0158a232,pooran-poli,primary,en
food_auth_puri,poori,transliteration,en
food_155ca862,pootharekulu,primary,en
food_ff57cc76,popcorn,primary,en
food_1f94bf75,poriyal,primary,en
food_18e2385a,pork belly,primary,en
food_df862f49,pork bun,primary,en
food_472b47b3,pork chop,primary,en
food_e3e5c81f,pork floss,primary,en
food_d816b5ac,pork jarpaa jurpie,primary,en
food_76899175,pork momos,primary,en
food_c3d41942,pork thukpa,primary,en
food_d7beed0f,pork vindaloo,primary,en
food_a690fba4,poshtik chilla/cheela,primary,en
food_855b5011,poshtik cutlet,primary,en
food_d2213281,poshtik khichdi/khichri,primary,en
food_917a4d7b,poshtik namak paras,primary,en
food_e0faf783,potato,primary,en
food_3768c4b3,potato aigrettes,primary,en
food_02708460,potato bonda,primary,en
food_02708460,aloo bonda,regional,hi
food_2e4b5340,potato canjee,primary,en
food_2e4b5340,aloo canjee,regional,hi
food_968f3873,potato capsicum,primary,en
food_968f3873,shimla mirch aloo,regional,hi
food_e536d188,potato cauliflower,primary,en
food_d2ac3ee0,aloo gobhi,transliteration,en
food_cd07952a,potato chips,primary,en
food_7fddc154,potato curry,primary,en
food_7fddc154,aloo ki sabzi,regional,hi
food_27cf87af,potato fenugreek,primary,en
food_27cf87af,aloo methi,regional,hi
food_8f0d8c95,potato halwa,primary,en
food_8f0d8c95,aloo ka halwa,regional,hi
food_24b80a5e,potato kofta curry,primary,en
food_24b80a5e,aloo kofta curry,regional,hi
food_cf56b3ab,potato leek soup,primary,en
food_89206f68,potato nests,primary,en
food_48475a3a,potato pakora/pakoda,primary,en
food_48475a3a,aloo pakoda,regional,hi
food_cccb96cf,potato parantha/paratha,primary,en
food_cccb96cf,aloo ka parantha/paratha,regional,hi
food_261e2120,potato pickle,primary,en
food_261e2120,aloo ka achaar,regional,hi
food_b7036227,potato raita,primary,en
food_b7036227,aloo ka raita,regional,hi
food_0e43d4db,potato salad,primary,en
food_0e43d4db,aloo ka salaad,regional,hi
food_f5962b32,potato samosa,primary,en
food_f5962b32,aloo ka samosa,regional,hi
food_78a62220,potato stuffed poori,primary,en
food_78a62220,aloo ki poori,regional,hi
food_6d3a5a48,potato with curd,primary,en
food_0fd3d882,powdered sugar,primary,en
food_49b7bbb0,prawn balchao,primary,en
food_ff703872,prawn curry,primary,en
food_ff703872,with coconut,regional,hi
food_3a4fcf4a,prawn ghee roast,primary,en
food_ff8760e8,prawn malai curry,primary,en
food_daf17b46,prawn masala,primary,en
food_bcdc4c76,prawn roast,primary,en
food_d17d9aa2,prawn sandwich,primary,en
food_d0d1274a,pretzel bun,primary,en
food_7c712312,pretzels,primary,en
food_15529811,prosciutto,primary,en
food_9a9efb12,prosecco,primary,en
food_341364d9,protein bar,primary,en
food_drk_whey_protein_shake,protein shake,transliteration,gu
food_ff182e9e,provoleta,primary,en
food_dbc4f7db,provolone cheese,primary,en
food_afc922f7,puff pastry,primary,en
food_02322266,puffed wheat,primary,en
food_02322266,murmure/moori,regional,hi
food_dea83929,puffy omelette/omlet,primary,en
food_78cdcf7a,pukhlein,primary,en
food_a604f746,puli sadam,primary,en
food_33b72335,pulihora,primary,en
food_328c01db,pulled pork sandwich,primary,en
food_e5bb823d,pulse mix,primary,en
food_e6ac8037,pumaloi,primary,en
food_22abbfa2,pumpkin coconut burfi,primary,en
food_22abbfa2,kaddu aur nariyal ki burfi,regional,hi
food_839ca885,pumpkin cookies,primary,en
food_587e7e35,pumpkin halwa,primary,en
food_587e7e35,kaddu ka halwa,regional,hi
food_054baf60,pumpkin kheer,primary,en
food_054baf60,kaddu ki kheer,regional,hi
food_1f8dbcf3,pumpkin raita,primary,en
food_1f8dbcf3,kaddu ka raita,regional,hi
food_d6aac643,pumpkin soup,primary,en
food_a044f2b1,punugulu,primary,en
food_1cad86dc,puran poli,primary,en
food_f4afaab3,puri bhaji,primary,en
food_8559c9fd,putharekulu,primary,en
food_64be4a31,putharo,primary,en
food_a81a1118,puttu,primary,en
food_9f1df649,pyaaz kachori,primary,en
food_64002be2,pyaz ki kachori,primary,en
food_1c394323,qubani ka meetha,primary,en
food_6824cdcf,queen of pudding,primary,en
food_70b59cd7,quesadilla,primary,en
food_acef9ada,quinoa,primary,en
food_4b2706ba,quinoa khichdi/khichri,primary,en
food_4deabdfd,quinoa salad,primary,en
food_b50dd6fa,radish parantha/paratha,primary,en
food_b50dd6fa,mooli ka parantha/paratha,regional,hi
food_31965de2,ragi mudde,primary,en
food_b05f1cc7,ragi mudhe,primary,en
food_a095687b,ragù,primary,en
food_055becc5,rainbow sandwich,primary,en
food_62d9d51a,raisins,primary,en
food_3a01b98e,raita,primary,en
food_e04c34da,rajasthani chicken,primary,en
food_f08f3743,rajasthani kadhi,primary,en
food_1f7f905a,rajbogh,primary,en
food_4f85127a,rajma,primary,en
off_mtr_minute_meals_rajma_chawal,rajma chawal,learned,en
food_8dab1b05,rajma madra,primary,en
food_a8037123,ramatori bhaaji,primary,en
food_29171fe9,ramen,primary,en
food_a9117983,rasabali,primary,en
food_5f5c2001,rasagola,primary,en
food_e67b220d,rasam,primary,en
food_e4bab5e5,rasam powder,primary,en
food_e4bab5e5,rasam masala,regional,hi
food_4fadb5e5,rasam with lemon,primary,en
food_4fadb5e5,nimmakaya rasam/nimmakaya charu/elumichai rasam/nimbe hannina saaru,regional,hi
food_f0022d5b,rasam with tamarind,primary,en
food_f0022d5b,puli rasam/ chintapandu rasam/ charu/saaru,regional,hi
food_99133617,rasbhari,primary,en
food_d1db17fa,rasgulla,primary,en
food_615e2de5,rasmalai,primary,en
food_4cee3df2,raspberries,primary,en
food_c2d0d6e4,raspberry bavarian cream,primary,en
food_ad57efda,raspberry shortbread cookies,primary,en
food_7eea98c2,rasya muthia,primary,en
food_24413904,raw banana kofta curry,primary,en
food_24413904,kela kofta curry,regional,hi
food_2d8ded89,raw mango chutney,primary,en
food_2d8ded89,kachhe aam/kairi ki chutney,regional,hi
food_auth_aam_panna,raw mango drink,colloquial_alias,en
food_auth_aam_panna,aam panna,primary,en
food_9ad4b7e1,raw papaya with coconut,primary,en
food_9ad4b7e1,papaya thoran,regional,hi
food_1ddef462,raw turnip with coconut,primary,en
food_45d3993f,red cabbage,primary,en
food_5ef419ab,red onion,primary,en
food_808c692f,red rice,primary,en
food_23ad9eba,red wine,primary,en
food_4517acca,refried beans,primary,en
food_f72955b0,reuben sandwich,primary,en
food_99cc36b2,ribbon sandwich,primary,en
food_30e5ad1e,ribollita,primary,en
food_f8c9e475,rice dal porridge,primary,en
food_f8c9e475,chawal dal ki khichdi/khichri,regional,hi
food_632af0bc,rice flakes,primary,en
food_632af0bc,chiwda/aval,regional,hi
food_b2bafc2d,rice flakes and roasted channa,primary,en
food_7097b1af,rice kheer,primary,en
food_7097b1af,chawal ki kheer,regional,hi
food_adc5b547,rice krispies,primary,en
food_31249b6d,rice moong dal cheela,primary,en
food_31249b6d,chawal aur moong dal ka cheela,regional,hi
food_8b380575,rice murukku,primary,en
food_e7689b20,rice puttu,primary,en
food_e7689b20,ari puttu,regional,hi
food_e5c28063,rice upma,primary,en
food_b88b81cc,rich chocolate mousse,primary,en
food_c601fda4,ricotta,primary,en
food_8b5cc96a,ricotta cheese,primary,en
food_78c33114,risotto,primary,en
food_40496474,risotto alla milanese,primary,en
food_f3c8c2d6,rista,primary,en
food_e4cc6292,roast chicken,primary,en
food_c286858b,roast potatoes,primary,en
food_53a57d6e,roasted cauliflower steak,primary,en
food_0f550502,rogan josh,primary,en
food_fdc69b02,roghan josh,primary,en
food_41e8ed5f,rolled sandwich,primary,en
food_e5ebf2ef,root beer,primary,en
food_d0b81861,ros omelette,primary,en
food_35151afa,rosemary,primary,en
food_9b05fab6,royal icing,primary,en
food_d8e4793b,royyala iguru,primary,en
food_e4fc1a71,rugra,primary,en
food_5b76558d,russian salad,primary,en
food_b2135c0e,rye bread,primary,en
food_f1ec7fe2,rye crispbread,primary,en
food_e4cf6844,s'more,primary,en
food_d714c083,saath,primary,en
food_e767fd89,sabudana khichadi,primary,en
food_dbecf302,sabudana khichdi,primary,en
food_888bc6c6,sabudana vada,transliteration,gu
food_f9ce7ff9,safed maas,primary,en
food_e0194f52,saffron,primary,en
food_a81346c5,saffron biscuit,primary,en
food_a81346c5,kesar biscuit,regional,hi
food_674f1e84,saffron milk,primary,en
food_674f1e84,kesariya doodh,regional,hi
food_fdad37af,sage,primary,en
food_eb766bb4,sago cutlet/vadas,primary,en
food_eb766bb4,sabudana cutlet/vadas,regional,hi
food_6373fa5f,sago khitchdi/khichri,primary,en
food_6373fa5f,sabudana khitchdi/khichri,regional,hi
food_00157e1b,sajina,primary,en
food_06aee57c,sajjige,primary,en
food_0ae53931,sake,primary,en
food_fbd461c0,sakinalu,primary,en
food_07b1330b,sakkara pongal,primary,en
food_6007db65,salami,primary,en
food_4131fb29,salami sandwich,primary,en
food_05ea2b12,salmon,primary,en
food_c6f4a081,salsa,primary,en
food_810a8bb7,salt,primary,en
food_95971ee3,saltimbocca,primary,en
food_8b272ea0,saltine crackers,primary,en
food_b5864474,sambar powder,primary,en
food_b5864474,sambar masala,regional,hi
food_3846053a,samosa,primary,en
food_32f34808,sandesh,primary,en
food_97b0ec15,sandige,primary,en
food_9942a43c,santula,primary,en
food_ed29f0d0,sarson ka saag,primary,en
food_e0616780,sarson saag,primary,en
food_1ca6efa7,sarva pindi,primary,en
food_14329d18,sashimi,primary,en
food_eaacc7f4,sattu drink,colloquial_alias,en
food_972e78dc,sattu ki roti,primary,en
food_2e09ec90,sattu paratha,primary,en
food_eaacc7f4,sattu sharbat,transliteration,gu
food_3edf43c1,sauerkraut,primary,en
food_fdde6b1b,saunth/sonth chutney with ginger,primary,en
food_cbb295d0,saunth/sonth chutney with tamarind/imli,primary,en
food_853bde10,sausage link,primary,en
food_3c94d060,sauteed radishes with green beans,primary,en
food_ffed3e95,savoury cheese horns,primary,en
food_1524087a,savoury puffs,primary,en
food_ac06e06a,sawhchiar,primary,en
food_582d32bb,scallops,primary,en
food_4a01fe5e,schezwan chutney,primary,en
food_650e82c1,scotch egg,primary,en
food_55aacce2,scrambled egg,primary,en
food_55aacce2,ande ki bhurji,regional,hi
food_d4537076,scrambled eggs,primary,en
food_d2524122,sea salt,primary,en
food_94051129,seaweed salad,primary,en
food_24e83426,seitan,primary,en
food_95601e6d,sel roti,primary,en
food_fa7a6422,semolina burfi,primary,en
food_fa7a6422,suji/rava burfi,regional,hi
food_13a0fa5a,semolina cake,primary,en
food_13a0fa5a,suji/rava cake,regional,hi
food_55523b16,semolina carrot vada,primary,en
food_55523b16,suji gajar vada,regional,hi
food_snk_rava_dhokla,semolina dhokla,colloquial_alias,en
food_3eea3186,suji/rava dhokla,regional,hi
food_0e8df8ad,semolina dosa,primary,en
food_0e8df8ad,suji/rava dosa,regional,hi
food_1885dc56,semolina halwa,primary,en
food_1885dc56,suji ka halwa,regional,hi
food_dcbec9b9,semolina idli,primary,en
food_dcbec9b9,suji/rava idli,regional,hi
food_dbd6d3a4,semolina kheer,primary,en
food_dbd6d3a4,suji/rava kheer,regional,hi
food_138821e4,semolina ladoo with coconut,primary,en
food_138821e4,suji/rava aur nariyal ke ladoo,regional,hi
food_1e663a02,semolina ladoo with khoya,primary,en
food_1e663a02,suji/rava aur khoye ke ladoo,regional,hi
food_15965c48,semolina ladoo with nuts,primary,en
food_15965c48,suji/rava ladoo with nuts,regional,hi
food_7541e5ad,semolina milk drink,primary,en
food_7541e5ad,thari kanji,regional,hi
food_9aedac7c,semolina porridge,primary,en
food_9aedac7c,suji/rava daliya,regional,hi
food_5c4b64aa,semolina upma,primary,en
food_5c4b64aa,suji/rava upma,regional,hi
food_43a04ab7,sesame biscuit,primary,en
food_43a04ab7,til ke biscuit,regional,hi
food_9f144fa2,sesame chickpeas brittle,primary,en
food_9f144fa2,til aur channe ki chikki,regional,hi
food_8183487a,sesame ladoo,primary,en
food_8183487a,til ke ladoo,regional,hi
food_a1fa6697,sesame oil,primary,en
food_6f5aff1a,sesame toast,primary,en
food_7ed7d455,sev,primary,en
food_7ed7d455,omapodi/karapusa,regional,hi
food_snk_amiri_khaman,sev khamani,colloquial_alias,en
food_auth_sev_tameta_nu_shaak,sev tameta,transliteration,en
food_06cbecd7,sev usal,primary,en
food_926749a9,sevai,primary,en
food_514c6f35,sha phal,primary,en
food_50c02e81,shahi chicken masala,primary,en
food_338fe0ad,shahi keema kofta curry,primary,en
food_127d8bfa,shahi paneer,primary,en
food_2af3c70f,shahi suji halwa,primary,en
food_d3dbe9cc,shahi tukra,primary,en
food_081e2410,shahi tukre,primary,en
food_3ef2dfc0,shakarpara,primary,en
food_0fb5142a,shami kebab,primary,en
food_1dd6a732,shammi kebab,primary,en
food_f12f4294,shankarpali,primary,en
food_d3478122,shawarma,primary,en
food_36debc53,sheer chai,primary,en
food_6e422627,shepherd's pie,primary,en
food_6e422627,vegetarian,regional,hi
food_6e422627,with minced meat,regional,hi
food_b4ddd712,shiro,primary,en
food_b703ffb5,shish tawook,primary,en
food_a763783b,shishu ahar,primary,en
food_c4058cb7,shondesh,primary,en
food_3be97ce8,shorshe ilish,primary,en
food_49001d92,short bread cookies,primary,en
food_d40fe4be,short crust pastry,primary,en
food_efce5cbe,shredded cheese,primary,en
food_7189d930,shrikhand,primary,en
food_325c3c92,shrimp,primary,en
food_7335747f,shrimp cocktail,primary,en
food_ecd786d0,shrimp scampi,primary,en
food_ba67a995,shukto,primary,en
food_22911fff,siddu,primary,en
food_1a334695,side salad,primary,en
food_1c14475b,sikkimese pork curry,primary,en
food_238268c5,silken tofu,primary,en
food_e1396fea,simple syrup,primary,en
food_786bc409,singhada lapsi,primary,en
food_84b41e97,singju,primary,en
food_91a7ad76,singori,primary,en
food_603ebbaa,skirt steak,primary,en
food_ec29d576,small onion pickle,primary,en
food_9c79fed3,smoked pork,primary,en
food_6199fb7d,smoked pork with bamboo shoot,primary,en
food_dfc468ce,smoothie,primary,en
food_029fd66c,snow flakes pudding,primary,en
food_623160e6,soda,colloquial_alias,en
food_34ea0b85,soft custard,primary,en
food_34ea0b85,stirred,regional,hi
food_d656967d,sohan papdi,primary,en
food_drk_solkadhi,sol kadhi,colloquial_alias,en
food_588a795a,sooji halwa,primary,en
food_20aaba46,soonvali,primary,en
food_e6c106f0,sorpotel,primary,en
food_9b2c194c,sour cream,primary,en
food_8924777f,sour cream potato salad,primary,en
food_fe2923fd,sour lentils,primary,en
food_fe2923fd,khatti dal,regional,hi
food_fe01b4fc,soy milk,primary,en
food_00b3cbdc,soy sauce,primary,en
food_458eea28,soya chikki,primary,en
food_e409b3b6,soya chunks and peas,primary,en
food_e409b3b6,nutrinugget matar,regional,hi
food_9ccd49f6,soya chunks korma,primary,en
food_9ccd49f6,nutrinugget korma,regional,hi
food_3ebfb49f,soya chunks sweet and sour,primary,en
food_3ebfb49f,nutrinugget sweet and sour,regional,hi
food_bbc9e242,soya roti,primary,en
food_c7da21de,soya seekh kebab,primary,en
food_43379278,soyabean curry,primary,en
food_3a05f141,soyabean muthias,primary,en
food_1a72eac7,soyabean namak paras,primary,en
food_f448390b,soyabean tikki,primary,en
food_d70514ea,soyrizo,primary,en
food_f1f68ea8,spaghetti,primary,en
food_b708e3ec,spaghetti and cheese balls in tomato sauce,primary,en
food_51a71595,spaghetti bolognese,primary,en
food_95f619e8,spaghetti with meat balls and tomato sauce,primary,en
food_8a32f255,spaghetti with paneer balls and tomato sauce,primary,en
food_70ff83d9,spanish omelette/omlet,primary,en
food_7463a999,spanish rice,primary,en
food_2a9545de,spicy chutney sandwich,primary,en
food_c4bd9b3a,spicy corn chaat,primary,en
food_87bfc71a,spicy mustard,primary,en
food_b49dcd48,spinach and paneer souffle,primary,en
food_04a4a2b7,spinach and potato,primary,en
food_04a4a2b7,palak aloo,regional,hi
food_48a00da6,spinach artichoke dip,primary,en
food_1a9c2ba5,spinach burfi,primary,en
food_1a9c2ba5,palak burfi,regional,hi
food_6fefbd44,spinach chickpeas cutlet,primary,en
food_6fefbd44,palak channa dal cutlet,regional,hi
food_dd995a3b,spinach khichri,primary,en
food_dd995a3b,palak khichri/khichdi,regional,hi
food_a23142ac,spinach kofta curry,primary,en
food_a23142ac,palak kofta curry,regional,hi
food_892dbf22,spinach mushroom,primary,en
food_892dbf22,palak mushroom,regional,hi
food_8eab7b70,spinach mushroom scrambled egg,primary,en
food_8eab7b70,palak mushroom bhurji,regional,hi
food_1455ec17,spinach mutton,primary,en
food_1455ec17,palak mutton,regional,hi
food_e847e71a,spinach pakora/pakoda,primary,en
food_e847e71a,palak pakoda,regional,hi
food_85a8c006,spinach paneer,primary,en
food_85a8c006,palak paneer,regional,hi
food_84ef71de,spinach paneer kofta curry,primary,en
food_84ef71de,palak paneer kofta curry,regional,hi
food_92d5c0d8,spinach peanut burfi,primary,en
food_92d5c0d8,palak aur mungfali ki burfi,regional,hi
food_2e1ff877,spinach peanut namak paras,primary,en
food_2e1ff877,palak moongfali namak paras,regional,hi
food_46ba02f7,spinach poori,primary,en
food_46ba02f7,palak poori,regional,hi
food_9d441c04,spinach raita,primary,en
food_9d441c04,palak ka raita,regional,hi
food_d082d59a,spinach souffle,primary,en
food_53b04c9f,spinach soup,primary,en
food_53b04c9f,palak ka soup,regional,hi
food_bf91064c,spinach soup in milk,primary,en
food_32aa22eb,split bengal gram burfi/fudge,primary,en
food_32aa22eb,channa dal burfi,regional,hi
food_5bff05c6,split bengal gram dal,primary,en
food_5bff05c6,channa dal,regional,hi
food_f82b458c,split bengal gram dal and vegetable pulao,primary,en
food_f82b458c,channa dal and vegetable pulao,regional,hi
food_0c6b9733,split bengal gram sweet rice,primary,en
food_0c6b9733,channa dal sweet rice,regional,hi
food_613d6b72,split bengal gram with bottle gourd,primary,en
food_613d6b72,channa dal with ghiya/lauki,regional,hi
food_ea883282,split pea soup,primary,en
food_11f926b3,sponge cake,primary,en
food_bf464456,sponge dosa,primary,en
food_afc10fb8,spring basket salad,primary,en
food_54b9fdaf,spring roll,primary,en
food_0c57b817,sprouted moong dal chat,primary,en
food_16ac8fff,sprouted moong daliya,primary,en
food_d82d3eea,sprouted moong parantha/paratha,primary,en
food_7e73cbbe,sprouted moong poha,primary,en
food_8bc35e23,sprouted moong pulao,primary,en
food_279986cd,sprouted moong raita,primary,en
food_d7ea70d2,sprouted moong salad,primary,en
food_289a4969,sprouts upma,primary,en
food_d69a547a,sriracha,primary,en
food_ea7f4736,stale bread,primary,en
food_7d6db970,starfruit preserves,primary,en
food_51ed8025,steamed broccoli,primary,en
food_d061dc42,steamed cake with chocolate sauce,primary,en
food_13ab852b,steamed orange pudding,primary,en
food_db029e26,steeped hot coffee,primary,en
food_457f49bb,stewed apple,primary,en
food_881df523,stewed apple with custard,primary,en
food_2c4eca8c,stewed fruit,primary,en
food_2c4eca8c,with pear,regional,hi
food_5404b739,sticky rice,primary,en
food_8e80cc7a,strawberry and vanilla cake with butter icing,primary,en
food_3e4bc22a,strawberry ice cream,primary,en
food_a941f9d2,string cheese,primary,en
food_9ff4ea05,stuffed baked potatoes,primary,en
food_d7f12a3d,stuffed bittergourd,primary,en
food_d7f12a3d,wet,regional,hi
food_d7f12a3d,dry,regional,hi
food_a28fb5ff,stuffed bottle gourd,primary,en
food_a28fb5ff,stuffed ghiya/lauki,regional,hi
food_9f301619,stuffed brinjal,primary,en
food_9f301619,bharwa baingan,regional,hi
food_7ec402db,stuffed capsicum,primary,en
food_7ec402db,bharwa shimla mirch,regional,hi
food_d0223147,stuffed egg omelette/omlet,primary,en
food_936d5a61,stuffed grape leaves,primary,en
food_d00b1951,stuffed okra,primary,en
food_d00b1951,bharwa bhindi,regional,hi
food_8a567d66,stuffed round gourd,primary,en
food_8a567d66,bharwa tinde,regional,hi
food_1db1af6a,stuffed tomatoes,primary,en
food_1db1af6a,bharwa tamatar,regional,hi
food_af413061,submarine sandwich,primary,en
food_9c51da22,sugar,primary,en
food_5c96c75c,sukhdi,primary,en
food_cb781a26,sumac,primary,en
food_7829ce6e,summer cooler,primary,en
food_16256c82,sunflower cookies,primary,en
food_4934964f,sunga pitha,primary,en
food_c78b9c33,sunga pork,primary,en
food_9a5baa0f,sunset and sunrise open sandwich,primary,en
food_2dda5ca5,supplì,primary,en
food_6d2f5463,surnoli,primary,en
food_0f4edb24,surti egg ghotala,primary,en
food_7b463526,surti ghari,primary,en
food_e8c2c303,surti locho,primary,en
food_64a17d74,surti sev khamani,primary,en
food_0178fbbe,sutarfeni,primary,en
food_7d412419,sweet & sour chicken,primary,en
food_30f6184e,sweet and salty biscuit,primary,en
food_30f6184e,meethay aur namkeen biscuit,regional,hi
food_e47ee109,sweet and sour tomato pickle,primary,en
food_e47ee109,khatta meetha tamatar ka achaar,regional,hi
food_a59cc1ca,sweet chili sauce,primary,en
food_6f568857,sweet corn soup,primary,en
food_f7d87f08,sweet couscous dessert,primary,en
food_5e08bbc3,sweet lassi,primary,en
food_5e08bbc3,meethi lassi,transliteration,hi
food_9fdc96a3,sweet lemon pickle,primary,en
food_9fdc96a3,neembu ka meetha achaar,regional,hi
food_d24e2c66,sweet open sandwich,primary,en
food_466c36e0,sweet peach pickle,primary,en
food_466c36e0,aadoo ka achaar,regional,hi
food_3b9e403b,sweet plain biscuit,primary,en
food_aab89b5a,sweet poori,primary,en
food_aab89b5a,meethi poori,regional,hi
food_421dded9,sweet potato,primary,en
food_9e88794c,sweet potato biscuit,primary,en
food_9e88794c,shakarkand ke biscuit,regional,hi
food_b4e51bb5,sweet raita,primary,en
food_b4e51bb5,meetha raita,regional,hi
food_c8a22613,sweet rice,primary,en
food_c8a22613,meethe chawal,regional,hi
food_e56d406f,sweet split chickpea roti,primary,en
food_e56d406f,sweet channa dal roti/puranpoli,regional,hi
food_c5249a76,sweet tea,primary,en
food_512bc435,sweet vermouth,primary,en
food_b0326446,sweet wheat porridge,primary,en
food_b0326446,sweet dalia,regional,hi
food_223efc89,sweetened yogurt,primary,en
food_223efc89,shrikhand,regional,hi
food_10008d81,swiss cheese,primary,en
food_0439e830,swiss roll,primary,en
food_69494cc1,t-bone steak,primary,en
food_b06cf7b8,tabak maaz,primary,en
food_1f67062f,tabouli,primary,en
food_dd7ab8b1,tagliatelle al ragù,primary,en
food_0506baab,tahini,primary,en
food_3469d232,tahini sauce,primary,en
food_6b22226a,talaumein soup,primary,en
food_03a07c07,talawa gosht,primary,en
food_a776011f,talit macchi,primary,en
food_e21736c8,tamarind chutney,primary,en
food_e21736c8,chintapandu pachadi/puli chutney,regional,hi
food_a4e5f4ff,tamarind rice,primary,en
food_a4e5f4ff,chintapandu pulihora/puliyodharai/puli sadam/huli anna,regional,hi
food_5defbcd2,tamatar chaat,primary,en
food_4c617809,tandoori chicken,primary,en
food_62362169,tandoori fish,primary,en
food_fea23da3,tandoori fish tikka,primary,en
food_1af3742e,tandoori parantha/paratha,primary,en
food_d3315006,tapioca pearls,primary,en
food_f014cec2,tartar sauce,primary,en
food_f28b185d,tartare sauce,primary,en
food_f2074963,tehri,primary,en
food_d26af304,tempeh,primary,en
food_23436a5b,tenga doi,primary,en
food_6006a8dc,thai basil,primary,en
food_4a585292,thai iced tea,primary,en
food_a4e6fcf6,thalipeeth,primary,en
food_0f887ff8,thandai,transliteration,hi
food_e225ea46,thattai,primary,en
food_79446515,thayir sadam,transliteration,en
food_4c14b6ec,theeyal,primary,en
food_4fe7d8c7,thekua,primary,en
food_e10337e5,thengai sadam,primary,en
food_e51a1e12,thepla,primary,en
food_7704c6ce,thickened sweetened milk,primary,en
food_7704c6ce,rabri,regional,hi
food_c11d816a,thoran,primary,en
food_d41d219a,thousand island dressing,primary,en
food_568d6ca2,thukpa,primary,en
food_dde837e6,til pitha,primary,en
food_752fa224,tilapia,primary,en
food_14ed59f6,tiramisu,primary,en
food_bb7d43c8,tofu,primary,en
food_66e33e4c,tofu scramble,primary,en
food_92f49c2b,tofu stir-fry,primary,en
food_63bce2ed,tomato,primary,en
food_b7dd509c,tomato and cucumber sandwich,primary,en
food_b7dd509c,tamatar aur kheere ka sandwich,regional,hi
food_a49b0a39,tomato aspic,primary,en
food_ee705f29,tomato chicken,primary,en
food_1e994e83,tomato chutney,primary,en
food_1e994e83,tamatar ki chutney,regional,hi
food_6e38c413,tomato fish,primary,en
food_d30e90bf,tomato ginger chutney,primary,en
food_d30e90bf,tamatar adarak ki chutney,regional,hi
food_69150c8c,tomato ketchup,primary,en
food_dc68bab5,tomato onion raita,primary,en
food_dc68bab5,tamatar aur pyaaz ka raita,regional,hi
food_3a2e491e,tomato puree,primary,en
food_ae66adef,tomato sandwich,primary,en
food_ae66adef,grilled,regional,hi
food_13342bdb,tomato sauce,primary,en
food_850c9fdd,tomato soup,primary,en
food_d67f0349,tortilla chips,primary,en
food_08160cc1,tossed green salad,primary,en
food_3c2a9004,tossed salad,primary,en
food_38bfcf44,trail mix,primary,en
food_742b9d5e,triffle pudding,primary,en
food_11067de2,trofie pasta,primary,en
food_b2381a04,tudkiya bhath,primary,en
food_2da3959f,tuna,primary,en
food_335c3438,tuna melt,primary,en
food_cab045fd,tuna salad,primary,en
food_79146472,tuna sauce,primary,en
food_be2522ff,tunday kababi,primary,en
food_4def78ff,tungrymbai,primary,en
food_ddbb768a,turiya patra vatana sabji,primary,en
food_0493ec10,turkey bacon,primary,en
food_fc18eff0,turkey burger,primary,en
food_7969bc5f,turkey chili,primary,en
food_61d178b4,turkey sandwich,primary,en
food_4fd40f5b,turkey sausage,primary,en
food_2213ee70,turkish coffee,primary,en
food_98a28709,turmeric,primary,en
food_c062f02b,tutti fruitti biscuit,primary,en
food_3468818b,tutti frutti cake,primary,en
food_eaa10fc2,tzatziki sauce,primary,en
food_8d9bbbe9,udupi sambar,primary,en
food_4c85581d,undhiyu,primary,en
food_52cbf36c,unniyappam,primary,en
food_a3e65aa6,upma,primary,en
food_36855ecc,upmaa,primary,en
food_0f0875e5,urad sabut special,primary,en
food_ffb41935,urad special dehusked,primary,en
food_ef294d20,uttapam,primary,en
food_07a42b05,vada,learned,en
food_f2f44da6,vada pav,primary,en
food_e4e7172b,vangi bath,primary,en
food_309aeb1b,vanilla ice cream with apples in hot cherry sauce,primary,en
food_f1207d64,vanilla ice cream with egg,primary,en
food_56e852ec,vanilla ice cream without egg,primary,en
food_68595840,vanilla souffle,primary,en
food_faed8b8d,varuval,primary,en
food_24a2e5cc,vawksa rep,primary,en
food_4c4ae76e,veal parmesan,primary,en
food_37c0328f,veg kolhapuri,primary,en
food_865e7d07,veg manchurian,primary,en
food_10de767d,veg paneer stew,primary,en
food_981dc6cd,vegetable and cheese pie,primary,en
food_d0ad3b8c,vegetable and mayonnaise sandwich,primary,en
food_e22510a5,vegetable biryani/biriyani,primary,en
food_4aba19ca,vegetable broth,primary,en
food_8ce5f9cb,vegetable burger,primary,en
food_90947301,vegetable chowmein,primary,en
food_3b828585,vegetable curry with coconut,primary,en
food_cba0afdb,vegetable cutlet,primary,en
food_4b7006cd,vegetable jalfrezi,primary,en
food_faabf017,vegetable khichdi/khichri,primary,en
food_fa43c4d0,vegetable mix,primary,en
food_bca3d5cc,vegetable namkeen jave,primary,en
food_e0dd5842,vegetable pancake,primary,en
food_a76040c4,vegetable patties,primary,en
food_3fdb1caa,vegetable poha,primary,en
food_cbfb5732,vegetable samosa,primary,en
food_52846278,vegetable seekh kebab,primary,en
food_9c34ce07,vegetable soup,primary,en
food_97c21cee,vegetable stock,primary,en
food_de6d4dc5,vegetable upma,primary,en
food_db708b7a,vegetable yakhni,primary,en
food_f10722ad,vegetables stir fry,primary,en
food_a803aaea,vegetarian club sandwich,primary,en
food_1f690c36,vegetarian egg kofta curry,primary,en
food_fc5a4eb4,vegetarian nargisi kofta curry,primary,en
food_b9c67ea3,vegeterian scotch egg,primary,en
food_b5574525,veggie burger,primary,en
food_50208318,veggie straws,primary,en
food_2fe0624e,vermicelli kheer,primary,en
food_2fe0624e,semiya/seviyan ki kheer,regional,hi
food_07a86143,vermicelli porridge,primary,en
food_07a86143,semiya/seviyan porridge,regional,hi
food_9a6ccf34,vermicelli upma,primary,en
food_9a6ccf34,semiya/seviyan upma,regional,hi
food_2000cbb4,victorian sandwich cake,primary,en
food_3c7a3d16,vindaloo,primary,en
food_3c82f2ac,vitello tonnato,primary,en
food_3bbc3919,vodka,primary,en
food_bc7db2c0,vodka soda,primary,en
food_367e0560,waffle cone,primary,en
food_67276323,waffles,primary,en
food_eefac99f,wahan mosdeng,primary,en
food_c2bc9176,waldroff salad,primary,en
food_16137192,walnut chutney,primary,en
food_16137192,akhrot ki chutney,regional,hi
food_e79242d4,walnuts,primary,en
food_b6e53c88,wasabi,primary,en
food_e80098ab,washed moong dal,primary,en
food_e80098ab,dhuli moong ki dal,regional,hi
food_c324167b,washed urad dal,primary,en
food_c324167b,dhuli urad ki dal,regional,hi
food_83190a69,water cracker,primary,en
food_504a7b89,watercress sandwich,primary,en
food_d9687529,watermelon,primary,en
food_fddb5733,wheat and gram flour ladoo,primary,en
food_fddb5733,atta besan ladoo,regional,hi
food_26523a37,wheat cake,primary,en
food_c67db1bd,wheat flakes,primary,en
food_c1635a9e,wheat flour and moong dal burfi,primary,en
food_c1635a9e,atta aur moong dal ki burfi,regional,hi
food_84f28efb,wheat flour and nuts ladoos,primary,en
food_84f28efb,atta nuts ladoos,regional,hi
food_28d7a2a8,wheat upma,primary,en
food_d44ff679,whey soup,primary,en
food_a09dd068,whiskey,primary,en
food_10d1bf72,white beans,primary,en
food_8f62c9d2,white bread,primary,en
food_630e7c55,white rice,primary,en
food_33e2be47,white sauce,primary,en
food_33e2be47,thin,regional,hi
food_33e2be47,medium,regional,hi
food_33e2be47,thick,regional,hi
food_6e474250,white stock,primary,en
food_da8b1622,white wine,primary,en
food_819e61a3,white wine sauce,primary,en
food_eab43bad,whole masoor,primary,en
food_eab43bad,masoor ki dal,regional,hi
food_80580126,whole moong,primary,en
food_80580126,moong ki dal,regional,hi
food_1e5a69a2,whole moth,primary,en
food_1e5a69a2,moth ki dal,regional,hi
food_24e6820a,whole urad,primary,en
food_24e6820a,urad ki dal,regional,hi
food_a7645d74,whole wheat toast,primary,en
food_6f0c4026,wild rice,primary,en
food_28c828db,woodapple juice,primary,en
food_28c828db,bel ka sharbat,regional,hi
food_03ad454d,xacuti chicken,primary,en
food_ff9c423f,yak meat curry,primary,en
food_955c6494,yakhni,primary,en
food_df81d38a,yam fried,primary,en
food_df81d38a,zimikand/suran fried,regional,hi
food_1f247b23,yam kofta curry,primary,en
food_1f247b23,zimikand/suran kofta curry,regional,hi
food_e5e457f1,yellow rice,primary,en
food_64332ae8,yelumicham sadam,primary,en
food_14170702,za'atar,primary,en
food_56ee4ed6,zan,primary,en
food_3f2b9e59,zunka,primary,en
food_paneer_001,paneer,primary,en
food_paneer_001,panir,transliteration,en
food_milk_001,milk,primary,en
food_auth_cow_milk,doodh,transliteration,en
food_milk_001,whole milk,regional,en
food_curd_001,curd,primary,en
food_curd_001,dahi,transliteration,en
food_curd_001,yogurt,regional,en
food_egg_001,egg,primary,en
food_egg_001,anda,regional,hi
food_omelette_001,omelette,primary,en
food_roti_001,roti,primary,en
food_roti_001,chapati,regional,en
food_roti_001,chapatti,regional,en
food_pizza_margherita,margherita pizza,primary,en
food_pizza_margherita,margarita pizza,regional,en
food_pizza_margherita,margerita pizza,regional,en
food_pizza_margherita,margherita,primary,en
food_pizza_cheezy7,cheezy-7 pizza,primary,en
food_pizza_cheezy7,cheezy 7 pizza,regional,en
food_pizza_cheezy7,cheezy 7,regional,en
food_pizza_cheezy7,cheezy-7,regional,en
food_pizza_cheezy7,7 cheese pizza,regional,en
food_sushi_001,sushi,primary,en
food_sushi_001,sushi roll,regional,en
food_sushi_001,maki sushi,regional,en
food_sashimi_001,sashimi,primary,en
food_ramen_001,ramen,primary,en
food_dimsum_001,dim sum,primary,en
food_taco_001,taco,primary,en
food_pasta_001,pasta,primary,en
food_auth_masala_chai,chai,colloquial_alias,en
food_chai_001,chay,regional,gu
food_auth_masala_chai,tea,colloquial_alias,en
food_auth_masala_chai,masala chai,transliteration,hi
food_auth_cutting_chai,cutting chai,primary,en
food_coffee_001,coffee,primary,en
food_coffee_001,kofi,regional,gu
food_greentea_001,green tea,transliteration,gu
food_greentea_001,green-tea,regional,en
food_greentea_001,matcha,regional,en
food_greentea_001,herbal tea,regional,en
food_dalkhakhra_001,dal khakhra,primary,en
food_dalkhakhra_001,dal khakhara,regional,gu
food_dalkhakhra_001,dalkhakhra,regional,en
food_dalkhakhra_001,moong dal khakhra,regional,en
food_khakhra_001,khakhra,primary,en
food_7cb2d0c4,khakra,transliteration,en
food_khakhra_001,khakhara,regional,gu
food_methikhakhra_001,methi khakhra,primary,en
food_methikhakhra_001,methi khakra,regional,gu
food_masalakhakhra_001,masala khakhra,primary,en
food_masalakhakhra_001,masala khakra,regional,gu
food_manchurian_001,manchurian,primary,en
food_manchurian_001,veg manchurian,regional,en
food_manchurian_001,dry manchurian,regional,en
food_manchurian_001,gravy manchurian,regional,en
usda_bhakri_flour,bhakri gghee vali,learned,en
usda_bhakri_flour,bhakri flour,learned,en
off_perly,perly,learned,en
usda_mori_nu__tofu__silken__firm,"mori-nu, tofu, silken, firm",learned,en
usda_cereals_ready_to_eat__mom_s_best__sweetened_wheat_fuls,"cereals ready-to-eat, mom's best, sweetened wheat-fuls",learned,en
usda_cereals_ready_to_eat__mom_s_best__sweetened_wheat_fuls,moms,learned,en
usda_dal,rice dal,learned,en
food_live_test_exotic_dragonfruit_bowl,test_exotic_dragonfruit_bowl,learned,en
usda_chicken,chicken,learned,en
food_pancake_test_999,pancake delight test,primary,
usda_milk__low_fat__1,"milk, low fat (1%)",learned,en
usda_milk__low_fat__1,1 glass dudh,learned,en
usda_water,water,learned,en
usda_12_days_of_giving_chocolate_edition,give diat tommorrow,learned,en
usda_12_days_of_giving_chocolate_edition,12 days of giving chocolate edition,learned,en
usda_cereal__ready_to_eat__nfs,what can eat complete targer,learned,en
usda_cereal__ready_to_eat__nfs,"cereal, ready-to-eat, nfs",learned,en
usda_bread__chappatti_or_roti,"bread, chappatti or roti",learned,en
usda_bread__chappatti_or_roti,2 roti,learned,en
off_unsweetened_oat_drink,unsweetened oat drink,learned,en
food_auth_oats,oats,primary,en
food_64a667dc,men oats,learned,en
food_64a667dc,oats khae,learned,en
off_rava_idli,rava idli,learned,en
off_rava_idli,2 idli,learned,en
usda_burrito_bowl__chicken,1 bowl sharu ma,learned,en
usda_burrito_bowl__chicken,"burrito bowl, chicken",learned,en
usda_avocado__for_use_on_a_sandwich,"avocado, for use on a sandwich",learned,en
usda_avocado__for_use_on_a_sandwich,men avocado sandwich,learned,en
usda_turkey__ground__85__lean__15__fat__raw,15 pushups lagavya,learned,en
usda_turkey__ground__85__lean__15__fat__raw,"turkey, ground, 85% lean, 15% fat, raw",learned,en
usda_100__durum_wheat_semolina_italian_pasta__spaghetti,reps lagavya,learned,en
usda_100__durum_wheat_semolina_italian_pasta__spaghetti,"100% durum wheat semolina italian pasta, spaghetti",learned,en
usda_infant_formula__similac_for_spit_up__ready_to_feed,"infant formula, similac for spit-up, ready-to-feed",learned,en
usda_infant_formula__similac_for_spit_up__ready_to_feed,oush ups mara,learned,en
usda_tea__hot__leaf__green,aaaje green tea,learned,en
usda_tea__hot__leaf__green,"tea, hot, leaf, green",learned,en
usda_mori_nu__tofu__silken__firm,nu food,learned,en
usda_dosa__with_filling,dosa sathe sambhar and nariyal ni chattni,learned,en
usda_dosa__with_filling,"dosa, with filling",learned,en
usda_ghee,ghee,primary,en
off_doritos_nacho_cheese,doritos nacho cheese,learned,en
usda_raw_dragon_fruit,raw dragon fruit,learned,en
food_3846053a,saavarma samosa,learned,en
usda_diya__whole_moong,manchurian khabar diya,learned,en
usda_diya__whole_moong,"diya, whole moong",learned,en
usda_bread__puri,"bread, puri",learned,en
usda_bread__puri,men pani puri chhu,learned,en
usda_aronia_berry_ginger_lime_flavored__non_carbonated_antioxidant_beverage__aronia_berry_ginger_lime,tohi,learned,en
usda_aronia_berry_ginger_lime_flavored__non_carbonated_antioxidant_beverage__aronia_berry_ginger_lime,"aronia berry ginger lime flavored  non-carbonated antioxidant beverage, aronia berry ginger lime",learned,en
usda_bread__chappatti_or_roti,men be roti,learned,en
off_clover_500g,clover 500g,learned,en
food_auth_masala_chaas,buttermilk,colloquial_alias,en
food_5625b957,idli sambhar,learned,en
usda_dosa__with_filling,be dosa,learned,en
usda_almonds__honey_roasted,men roasted almond ice cream,learned,en
usda_almonds__honey_roasted,"almonds, honey roasted",learned,en
food_07a42b05,men mendu vada,learned,en
usda_almond_butter,almond butter,learned,en
usda_almond_butter,rosted almond icecream,learned,en
food_07a42b05,mandu vada,learned,en
usda_coffee__latte,latte coffee,learned,en
usda_coffee__latte,"coffee, latte",learned,en
off_mocha_cappuccino,mocha cappuccino,learned,en
off_mocha_cappuccino,mocha coffee,learned,en
usda_silk_chai__soymilk,"silk chai, soymilk",learned,en
usda_dirty_rice,dirty rice,learned,en
usda_dirty_rice,thoda rice khadah,learned,en
usda_bhakri_flour,bhakri khahi,learned,en
usda_bread__puri,breckfast puri,learned,en
off_risoto_rice,risoto rice,learned,en
usda_groundcherries___cape_gooseberries_or_poha___raw,"groundcherries, (cape-gooseberries or poha), raw",learned,en
usda_groundcherries___cape_gooseberries_or_poha___raw,oats poha,learned,en
usda_cereals__cream_of_wheat__1_minute_cook_time__dry,"cereals, cream of wheat, 1 minute cook time, dry",learned,en
usda_cereals__cream_of_wheat__1_minute_cook_time__dry,men chest four time,learned,en
usda_caribou__shoulder_meat__dried__alaska_native,shoulder two time,learned,en
usda_caribou__shoulder_meat__dried__alaska_native,"caribou, shoulder meat, dried (alaska native)",learned,en
usda_skratch_labs__exercise_hydration_mix,triceps two time. e chhe eni exercise aave eni exercise aave chest,learned,en
usda_skratch_labs__exercise_hydration_mix,"skratch labs, exercise hydration mix",learned,en
usda_beverages__minute_maid__lemonada__limeade,"beverages, minute maid, lemonada, limeade",learned,en
usda_beverages__minute_maid__lemonada__limeade,played minutes kabaddi,learned,en
usda_beverages__minute_maid__lemonada__limeade,played minutes cricket,learned,en
usda_beverages__minute_maid__lemonada__limeade,did minutes elliptical,learned,en
usda_beverages__minute_maid__lemonada__limeade,did minutes pranayama,learned,en
usda_mountain_yam__hawaii__raw,"mountain yam, hawaii, raw",learned,en
usda_mountain_yam__hawaii__raw,did mountain climbers,learned,en
usda_lamb__new_zealand__imported__testes__raw,test hello,learned,en
usda_lamb__new_zealand__imported__testes__raw,"lamb, new zealand, imported, testes, raw",learned,en
usda_chana_matar_chole,chana matar chole,learned,en
usda_chana_matar_chole,bhai chole bhature dabake,learned,en
usda_pie__fried_pies__cherry,meethi lassi pi thi,learned,en
usda_pie__fried_pies__cherry,"pie, fried pies, cherry",learned,en
usda_bread__kneel_down__navajo,scarfed down a banana,learned,en
usda_bread__kneel_down__navajo,"bread, kneel down (navajo)",learned,en
usda_beverages__minute_maid__lemonada__limeade,clocked km trail running in minutes,learned,en
usda_oil__flaxseed__cold_pressed,did sets of reps bench press,learned,en
usda_oil__flaxseed__cold_pressed,"oil, flaxseed, cold pressed",learned,en
usda_oh_my_ghee__popcorn__oh_my_ghee,oh wait add ghee on top curd too,learned,en
usda_sauce__hot_chile__sriracha__cha__by_texas_pete,cha li,learned,en
usda_coffee__brewed,aakhe coffee,learned,en
usda_coffee__brewed,"coffee, brewed",learned,en
usda_dirty_rice,thoda rice,learned,en
food_3846053a,bapor pachhi samosa,learned,en
usda_moo_shu_pork__without_chinese_pancake,shu shu,learned,en
food_3846053a,rondhe samosa,learned,en
food_3846053a,xrblq samosa,learned,en
usda_bhakri_flour,rondhe cha annd bhakri,learned,en
usda_bread__chappatti_or_roti,bopore roti,learned,en
usda_bread__chappatti_or_roti,for roti,learned,en
usda_pheasant__cooked__total_edible,total kcal,learned,en
usda_pheasant__cooked__total_edible,"pheasant, cooked, total edible",learned,en
usda_hello_ginger_kombucha__hello_ginger,hello how are,learned,en
usda_infant_formula__gerber_good_start_gentle__stage_2,good,learned,en
usda_howe__salted_nut_roll,how are,learned,en
usda_howe__salted_nut_roll,"howe, salted nut roll",learned,en
usda_abc_mini_chocolates__abc,"abc mini chocolates, abc",learned,en
food_auth_masala_chaas,chhas,colloquial_alias,en
food_auth_masala_chaas,chaas,colloquial_alias,en
food_auth_chaas,chhaas,transliteration,en
food_chhas_001,mattha,primary,en
food_chhas_001,chaach,primary,en
usda_tortilla_chips__other_flavors__doritos,doritos,learned,en
usda_yule_log_cake__yule_log,maru log batav,learned,en
usda_roti_pratha,roti pratha,learned,en
usda_roti_pratha,pratha che,learned,en
usda_organic_chocolate_chips,organic chocolate chips,learned,en
usda_organic_chocolate_chips,buter naaan,learned,en
food_c4f80c17,mug dal keechdi,learned,en
usda_2__low_fat_yogurt__bananaberry,"2% low fat yogurt, bananaberry",learned,en
usda_2__low_fat_yogurt__bananaberry,powha banavyo hato,learned,en
usda_palak_panir,panir bhurji,learned,en
food_826c7c4e,palak panir,transliteration,en
usda_american_deluxe_pasteurized_process_american_cheese__american_cheese,garm doodh,learned,en
usda_bhindi_cut_okra,bhindi cut okra,learned,en
usda_bhindi_cut_okra,bhindi,learned,en
usda_premium_ice_crem__strawberry_bon_bon,vanila ice crem,learned,en
usda_tea__bubble,"tea, bubble",learned,en
usda_tea__bubble,tea morming,learned,en
usda_tom_kha_broth__tom_kha,shak khas,learned,en
usda_groundcherries___cape_gooseberries_or_poha___raw,bateka poha lais,learned,en
food_8735b2c8,aloo,learned,en
off_millet_batter_for_idli___dosa,idli for,learned,en
usda_vegetable_juice__bolthouse_farms__daily_greens,show daily log,learned,en
usda_pheasant__cooked__total_edible,total batao,learned,en
usda_fanimation__animated_led_show,show,learned,en
usda_fanimation__animated_led_show,"fanimation, animated led show",learned,en
usda_what_a_melon_bubble_gum_filled_lollipop__what_a_melon,what did,learned,en
usda_mi_queso__su_queso__medium,raatre su,learned,en
usda_spartan__half___half_ultra_pasteurized,kya tha,learned,en
usda_snack_mix,snack mix,learned,en
usda_snack_mix,what snacks did,learned,en
usda_pheasant__cooked__total_edible,how much did total,learned,en
off_fromage_blanc_nature,foods,learned,en
off_fromage_blanc_nature,fromage blanc nature,learned,en
usda_cream__sour__full_fat,show full day log,learned,en
usda_cream__sour__full_fat,"cream, sour, full fat",learned,en
usda_yule_log_cake__yule_log,aakho log batavo,learned,en
usda_sabzi_polo,sabzi polo,learned,en
usda_rajma_masala__rajma,"rajma masala, rajma",learned,en
usda_rajma_masala__rajma,logged rajma,learned,en
usda_tea__bubble,dhokla at tea,learned,en
usda_chana_matar_chole,consumed one chole bhature,learned,en
usda_soybean_curd,soybean curd,learned,en
usda_soybean_curd,finished curd rice,learned,en
usda_whole_wheat_bread,whole wheat bread,learned,en
usda_dosa__with_filling,polished off masala dosa,learned,en
off_cruesly_mélange_de_noix,cruesly mélange de noix,learned,en
off_cruesly_mélange_de_noix,muesli,learned,en
usda_organic_porridge_oats,finished oats porridge,learned,en
usda_organic_porridge_oats,organic porridge oats,learned,en
usda_candies__mars_snackfood_us__snickers_munch_bar,munched on roasted chana,learned,en
usda_fenugreek_seeds__methi,fenugreek seeds (methi),learned,en
off_peanut_butter_chikki,peanut chikki,learned,en
off_peanut_butter_chikki,peanut butter chikki,learned,en
food_a3e65aa6,sवारे upma,learned,en
usda_chickpea_flour__besan,nashte besan chilla,learned,en
usda_chickpea_flour__besan,chickpea flour (besan),learned,en
usda_handvo_mix,handvo mix,learned,en
usda_handvo_mix,handvo bhavyo etle,learned,en
usda_goma_ae__sesame_seasoning,"goma-ae, sesame seasoning",learned,en
usda_goma_ae__sesame_seasoning,ae ghar shaak rotli,learned,en
usda_indianlife__chevdo,"indianlife, chevdo",learned,en
usda_indianlife__chevdo,makai chevdo,learned,en
food_auth_veg_biryani,veg biriani,transliteration,en
usda_mitha_magic_kaju_katli,kaju katlii,learned,en
usda_mitha_magic_kaju_katli,mitha magic kaju katli,learned,en
usda_smart_soup__indian_bean_masala,mushrom masala,learned,en
usda_rulebreakin__rustic_veg_pizza__rulebreakin__rustic_veg,veg pulaoo,learned,en
usda_salad,salad,learned,en
food_auth_chole,chole,primary,en
usda_bhel_mix,bhel,learned,en
usda_bhel_mix,bhel mix,learned,en
usda_fries,fries,learned,en
food_drk_coca_cola,coke,colloquial_alias,en
food_auth_butter_naan,butter naan,primary,en
usda_bread__naan,"bread, naan",learned,en
usda_oysters__steamed,steamed veggies,learned,en
usda_oysters__steamed,"oysters, steamed",learned,en
usda_km_special_flr_50lb_aa,ran km this,learned,en
usda_beverages__minute_maid__lemonada__limeade,rowed minutes,learned,en
usda_moong_dal,protein content moong dal,learned,en
usda_moong_dal,moong dal,primary,en
usda_crackers__cheese__reduced_fat,how much fat cheese,learned,en
usda_crackers__cheese__reduced_fat,"crackers, cheese, reduced fat",learned,en
off_barenaked_rice,carbs rice,learned,en
off_barenaked_rice,barenaked rice,learned,en
usda_cracker__meal,recap meals,learned,en
usda_cracker__meal,"cracker, meal",learned,en
usda_what_a_melon_bubble_gum_filled_lollipop__what_a_melon,what on log,learned,en
usda_what_a_melon_bubble_gum_filled_lollipop__what_a_melon,what did consist,learned,en
usda_chicken__back,read back,learned,en
usda_chicken__back,"chicken, back",learned,en
usda_oats__includes_foods_for_usda_s_food_distribution_program,tell food tally,learned,en
usda_burn_baby_burn_salsa__7_pepper,how much did burn,learned,en
usda_holiday_train_gingerbread_kit__holiday_train,recap training,learned,en
usda_nice___almonds,weather nice,learned,en
usda_nice___almonds,"nice!, almonds",learned,en
usda_mayonnaise__low_sodium__low_calorie_or_diet,phone battery low,learned,en
usda_apricot__canned,can tell joke,learned,en
usda_apricot__canned,"apricot, canned",learned,en
usda_movie_time_butter_popcorn,movie time butter popcorn,learned,en
usda_movie_time_butter_popcorn,what time movie,learned,en
usda_soup__stock__beef__home_prepared,tell about stock market,learned,en
usda_won_ton_wrappers__won_ton,who won cricket match,learned,en
usda_reset_cold_pressed_juice_beverage__reset,how do reset password,learned,en
usda_spongebob_squarepants_candy_book,book cab,learned,en
usda_spongebob_squarepants_candy_book,spongebob squarepants candy book,learned,en
usda_alcoholic_beverage__wine__table__red__cabernet_franc,what capital france,learned,en
off_cricalait,something,learned,en
off_cricalait,cricalait,learned,en
usda_bacon_bits,bacon bits,learned,en
usda_bacon_bits,bit that thing,learned,en
usda_spartan__half___half_ultra_pasteurized,kuch tha,learned,en
usda_hot___sweet_chips,hot & sweet chips,learned,en
usda_hot___sweet_chips,usual,learned,en
usda_applesauce__regular,regular stuff,learned,en
usda_applesauce__regular,"applesauce, regular",learned,en
usda_mojo_picon_spicy_canary_island_condiment_for_bread__seafood__vegetables__mojo_picon,dalia,learned,en
usda_coconut_water__unsweetened,"coconut water, unsweetened",learned,en
usda_coconut_water__unsweetened,consumed coconut water,learned,en
off_apple_pie_walnuts,apple pie walnuts,learned,en
off_apple_pie_walnuts,handful walnuts,learned,en
usda_rice__fried__meatless,"rice, fried, meatless",learned,en
usda_rice__fried__meatless,veg fried rice,learned,en
food_drk_black_coffee,black coffee,primary,en
usda_cheese,cheese,learned,en
usda_whole_wheat_wraps,whole wheat wraps,learned,en
off_spanish_butter_bean_stew,spanish butter bean stew,learned,en
off_spanish_butter_bean_stew,stew,learned,en
off_sprouted_ragi_powder_porridge,sprouted ragi powder porridge,learned,en
off_sprouted_ragi_powder_porridge,ragi porridge,learned,en
usda_sabzi_polo,lauki sabzi,learned,en
usda_eggs__grade_a__large__egg_white,egg bhurji,learned,en
off_wicked_gud_noodles_schezwan,schezwan noodles,learned,en
off_wicked_gud_noodles_schezwan,wicked gud noodles schezwan,learned,en
usda_corn_beverage,corn beverage,learned,en
usda_corn_beverage,corn chaat,learned,en
off_cherry_balsamic_salad_with_chicken_and_goat_cheese,sprout salad,learned,en
usda_cabbage__kimchi,cabbage thoran,learned,en
usda_cabbage__kimchi,"cabbage, kimchi",learned,en
food_826c7c4e,paneer bhurji,learned,en
off_methi_aloo,methi aloo,learned,en
usda_sabzi_polo,tinda sabzi,learned,en
off_mother_s_recipe_gujarati_chhundo_pickle_300gm,chhundo,learned,en
usda_goma_ae__sesame_seasoning,ae ringan olo,learned,en
usda_sabzi_polo,bhindi sabzi,learned,en
usda_fenugreek_seeds__methi,ae methi thepla athanu,learned,en
food_snk_nylon_khaman,khaman dhokla,colloquial_alias,en
food_c4f80c17,ghar dal bhaat,learned,en
usda_groundcherries___cape_gooseberries_or_poha___raw,bataka poha chaas,learned,en
food_c4f80c17,ae mag dal,learned,en
food_c4f80c17,tuvar dal bhaat,learned,en
off_veg_kofta_balls,veg kofta balls,learned,en
off_veg_kofta_balls,veg kofta,learned,en
food_c4f80c17,dhabha dal,learned,en
usda_beef_curry,kaaju curry,learned,en
usda_beef_curry,beef curry,learned,en
usda_bread__puri,aamras puri,learned,en
usda_lakeside_mix_veg,mix veg sabjii,learned,en
usda_lakeside_mix_veg,lakeside mix veg,learned,en
off_mexican_style_stir_fry_veg_mix,mixed veg,learned,en
usda_beef__round__top_round__boneless__choice__raw,did rounds tabata,learned,en
usda_skip_jack_wild_tuna,did skips,learned,en
usda_skip_jack_wild_tuna,skip jack wild tuna,learned,en
usda_rope_candy,rope candy,learned,en
usda_rope_candy,rope,learned,en
usda_gift_set,gift set,learned,en
usda_gift_set,did sets lat pulldowns,learned,en
usda_cookie__multigrain__high_fiber,"cookie, multigrain, high fiber",learned,en
usda_cookie__multigrain__high_fiber,did high knees,learned,en
usda_tofu_yogurt,how much protein tofu,learned,en
usda_tofu_yogurt,tofu yogurt,learned,en
usda_bread__chapati_or_roti__plain__commercially_prepared,calories in one chapati,learned,en
usda_avocado_dressing,avocado dressing,learned,en
usda_avocado_dressing,how much fat avocado,learned,en
off_mini_soya_chunks,mini soya chunks,learned,en
off_mini_soya_chunks,protein soya chunks,learned,en
off_protein_bars_cocoa_hazelnut,protein bars cocoa hazelnut,learned,en
off_protein_bars_cocoa_hazelnut,protein milk,learned,en
usda_formulated_bar__high_fiber__chewy__oats_and_chocolate,fiber oats,learned,en
usda_chickpeas__nfs,"chickpeas, nfs",learned,en
usda_chickpeas__nfs,how much protein chickpeas,learned,en
usda_cracker__meal,give meal history,learned,en
usda_beef__chuck__under_blade_steak__boneless__separable_lean_and_fat__trimmed_to_0__fat__choice__cooked__braised,what logged under,learned,en
usda_read___green_grapes,read out log,learned,en
usda_read___green_grapes,read + green grapes,learned,en
usda_sherbet__all_flavors,"sherbet, all flavors",learned,en
usda_sherbet__all_flavors,what all slot,learned,en
usda_snack_mix,recap snacks logged,learned,en
usda_mani_mac___cheese,mani mac & cheese,learned,en
usda_cracker__meal,what do logged meal,learned,en
usda_pulled_pork_in_barbecue_sauce,pull entries,learned,en
usda_oats__includes_foods_for_usda_s_food_distribution_program,give food breakdown,learned,en
usda_dolores__chili_brick,lorem ipsum dolor,learned,en
usda_dolores__chili_brick,"dolores, chili brick",learned,en
usda_toddler_formula__gerber_good_start__stage_3,car won start,learned,en
usda_dairy_milk_cookie_favourites,dairy milk cookie favourites,learned,en
usda_dairy_milk_cookie_favourites,what your favourite colour,learned,en
usda_party_decoratifs___send_in_the_clowns,send email to boss,learned,en
usda_bread__spanish_coffee,translate this to spanish,learned,en
usda_bread__spanish_coffee,"bread, spanish coffee",learned,en
usda_music_box_with_candy,music box with candy,learned,en
usda_music_box_with_candy,play music,learned,en
usda_everest_peppermint_chewing_gum__everest_peppermint,how tall mount everest,learned,en
usda_cereals__cream_of_wheat__1_minute_cook_time__dry,what times,learned,en
usda_a_story_of_the_world_s_finest_rye_bread,tell bedtime story,learned,en
usda_who_stole_christmas_holiday_cookie_mix__who_stole_christmas,who president,learned,en
usda_sauce__barbecue__open_pit__original,open calculator app,learned,en
usda_little_caesars_14__cheese_pizza__thin_crust,little,learned,en
usda_lak_sa_paste,thoda sa,learned,en
usda_lak_sa_paste,lak sa paste,learned,en
usda_whatever_sea_salt_dark_chocolate__whatever_sea_salt,whatever there,learned,en
usda_cracker__meal,meal,learned,en
usda_candies__heath_bites,grabbed bite,learned,en
usda_candies__heath_bites,"candies, heath bites",learned,en
usda_domino_s_14__cheese_pizza__ultimate_deep_dish_crust,that dish again,learned,en
usda_salsa__red__homemade,"salsa, red, homemade",learned,en
usda_salsa__red__homemade,homemade thing,learned,en
off_tartine_de_campagne,tartine de campagne,learned,en
off_tartine_de_campagne,special,learned,en
off_aromatic_christmas_leftovers_curry_kit,leftovers,learned,en
usda_fenugreek_seeds__methi,methi muthia,learned,en
usda_masala_chaas_premium_yogurt_drink__masala_chaas,consumed chaas,learned,en
usda_rulebreakin__rustic_veg_pizza__rulebreakin__rustic_veg,veg dalia,learned,en
usda_applebee_s__fish__hand_battered,makhana handful,learned,en
food_auth_nimbu_pani,nimbu paani,transliteration,en
usda_chaat_house_paani_puri,chaat house paani puri,learned,en
usda_sabzi_polo,turai sabzi,learned,en
food_auth_chana_chaat,chana chaat,primary,en
off_veg_hakka_noodles,veg hakka noodles,learned,en
usda_white_pumpkin___milk_pudding__petha_halwa,singhare halwa,learned,en
usda_biryani_with_vegetables,raatre veg biryani,learned,en
usda_biryani_with_vegetables,biryani with vegetables,learned,en
usda_groundcherries___cape_gooseberries_or_poha___raw,nashte poha jalebi,learned,en
food_7951130d,methi theplaa,transliteration,en
usda_chaat_house_paani_puri,chaat papdii,learned,en
usda_rulebreakin__rustic_veg_pizza__rulebreakin__rustic_veg,veg frankiee,learned,en
food_826c7c4e,corn palak sabjii,learned,en
usda_mtr__jeera_rice__cumin_rice,jeera ricee,learned,en
food_3f83e2ee,two chutneys,learned,en
usda_fish_wrap_sandwich,wrap,learned,en
usda_fish_wrap_sandwich,fish wrap sandwich,learned,en
off_everest_pani_puri_masala,everest pani puri masala,learned,en
food_auth_puri,puri,primary,en
usda_macaroni_and_cheese__box_mix_with_cheese_sauce__prepared,did box jumps,learned,en
usda_beverages__minute_maid__lemonada__limeade,ran intervals minutes,learned,en
usda_chin_chin__lotus_oatmeal,"chin chin, lotus oatmeal",learned,en
usda_chin_chin__lotus_oatmeal,completed chin ups,learned,en
usda_lap_chau_foods__sesame_cookies,swam laps,learned,en
usda_hammer___sickle__russian_ginger_beer_with_lime,did sets hammer curls,learned,en
usda_chicken__gizzard__all_classes__raw,did minute spin class,learned,en
food_826c7c4e,how much fat paneer,learned,en
usda_groundcherries___cape_gooseberries_or_poha___raw,carbs poha,learned,en
usda_chicken__back,read back meals,learned,en
usda_haldiram_s__minute_khana,"haldiram's, minute khana",learned,en
usda_haldiram_s__minute_khana,kitna khana log hua,learned,en
usda_leavening_agents__yeast__baker_s__active_dry,list physical activity,learned,en
usda_what_a_melon_bubble_gum_filled_lollipop__what_a_melon,what on tv tonight,learned,en
usda_cereals_ready_to_eat__mom_s_best__sweetened_wheat_fuls,remind to call mom,learned,en
usda_traffic_jam,traffic jam,learned,en
usda_traffic_jam,how traffic,learned,en
usda_new_zealand_spinach__raw,"new zealand spinach, raw",learned,en
usda_new_zealand_spinach__raw,tell news,learned,en
usda_what_a_melon_bubble_gum_filled_lollipop__what_a_melon,what horoscope,learned,en
usda_leeks___bulb_and_lower_leaf_portion___raw,small portion,learned,en
off_vegan_coconut_crunch,sweet thing,learned,en
off_vegan_coconut_crunch,vegan coconut crunch,learned,en
usda_a_couple_of_squares__gingerbread_cookie,couple those,learned,en
food_5625b957,mini idli,learned,en
food_a3e65aa6,veg poha upma,learned,en
usda_mini_onion_bhajis,sukhi bhaji rotli,learned,en
usda_mini_onion_bhajis,mini onion bhajis,learned,en
usda_indianlife__chevdo,ae makai chevdo,learned,en
usda_oil__flaxseed__cold_pressed,did sets overhead press,learned,en
usda_flutter_bites__shortbread_cookies,did flutter kicks,learned,en
usda_flutter_bites__shortbread_cookies,"flutter bites, shortbread cookies",learned,en
usda_cereals__cream_of_wheat__1_minute_cook_time__dry,ran km time trial,learned,en
usda_what_a_melon_bubble_gum_filled_lollipop__what_a_melon,what wifi password,learned,en
usda_premium_bar_room_blitz,book hotel room,learned,en
usda_premium_bar_room_blitz,premium bar room blitz,learned,en
off_organic_berry_fruit_cereal,organic berry fruit cereal,learned,en
food_auth_bajra_rotlo,bajra no rotlo,transliteration,en
food_auth_bajra_rotlo,bajra rotlo,primary,en
food_280a0dd9,bajri no rotlo,regional,gu
food_280a0dd9,bajri rotlo,regional,gu
food_roti_001,rotlo,transliteration,en
food_8c24c9f6,jowar rotlo,regional,en
food_8c24c9f6,jowar no rotlo,regional,en
food_8c24c9f6,juvar rotlo,regional,gu
food_c504b018,aloo methi,primary,en
food_280a0dd9,bajra rotla,regional,gu
food_280a0dd9,bajra na rotla,regional,gu
food_280a0dd9,bajri na rotla,regional,gu
food_280a0dd9,rotla,regional,gu
food_8c24c9f6,juvar rotla,regional,gu
food_8c24c9f6,juvar na rotla,regional,gu
food_8c24c9f6,jowar rotla,regional,en
food_8c24c9f6,jowar na rotla,regional,en
food_85c4125d,rajma chawal,primary,en
usda_german_style_pickles__german_style,kuch sabji,learned,en
usda_domino_s_14__cheese_pizza__ultimate_deep_dish_crust,that vegetable dish,learned,en
usda_sabzi_polo,koi sabzi thi wo,learned,en
usda_beef_curry,usual curry,learned,en
usda_sabzi_polo,thodi si sabzi thi,learned,en
usda_doughnut__yeast_type,koi mithai type,learned,en
usda_doughnut__yeast_type,"doughnut, yeast type",learned,en
usda_cereals__quaker__quick_oats__dry,quick,learned,en
food_c4f80c17,vatki dal jevu,learned,en
usda_what_a_melon_bubble_gum_filled_lollipop__what_a_melon,guess what,learned,en
usda_gulab_jamun_mix,two whole gulab jamun,learned,en
usda_gulab_jamun_mix,gulab jamun mix,learned,en
food_3846053a,toh bas samosa hi,learned,en
off_gosh__aloo_tikki_bites,gosh! aloo tikki bites,learned,en
off_gosh__aloo_tikki_bites,tikki,learned,en
off_randoms,randoms,learned,en
off_randoms,random sweet,learned,en
food_85c4125d,rajma rice,regional,en
food_auth_veg_biryani,veg biryani,primary,en
food_3fc108be,bhindi nu shaak,regional,gu
food_3fc108be,bhindi nu shak,regional,gu
food_3fc108be,bhindi sabji,regional,hi
food_3fc108be,bhindi sabzi,regional,hi
food_07a42b05,grabbed vada pav home,learned,en
off_energy__bar_almond___grape___vitamin_b1___source_de_vitamine_b1_qui_contribue_à_un_métabolisme_énergétique_normal____amande___raisin,normal,learned,en
off_uncooked_phulka,phulka,learned,en
off_uncooked_phulka,uncooked phulka,learned,en
off_paper_boat_aamras_drink_200ml,aamras,learned,en
usda_oil__industrial__soy__partially_hydrogenated___and_soy__winterized___pourable_clear_fry,clear,learned,en
usda_oats__includes_foods_for_usda_s_food_distribution_program,kcal food list,learned,en
usda_pumpkin_seeds__salted,also pumpkin seed,learned,en
usda_pumpkin_seeds__salted,"pumpkin seeds, salted",learned,en
usda_bread__paratha,"bread, paratha",learned,en
usda_bread__paratha,avti paratha lais,learned,en
usda_2__low_fat_yogurt__bananaberry,dodva hato,learned,en
usda_milk__reduced_fat__2,2 pieces,learned,en
usda_milk__reduced_fat__2,"milk, reduced fat (2%)",learned,en
usda_dessert_topping__powdered__1_5_ounce_prepared_with_1_2_cup_milk,2 cups,learned,en
food_roti_001,rotli,transliteration,en
food_roti_001,roti   chapati,clean_phrase,en
food_roti_001,રોટલી,gujarati_script,gu
food_roti_001,roti / chapati,transliteration,en
food_roti_001,रोटी,hindi_script,hi
food_096cfd3c,ચપાતી,gujarati_script,gu
food_096cfd3c,wheat chapati,transliteration,en
food_096cfd3c,चपाती,hindi_script,hi
food_3e87e32c,ભાખરી,gujarati_script,gu
food_3e87e32c,भाखरी,hindi_script,hi
food_3e87e32c,bhakhri,transliteration,en
food_3e87e32c,gujarati wheat bhakri,transliteration,en
food_auth_bajra_rotlo,pearl millet flatbread  bajra rotlo,clean_phrase,en
food_auth_bajra_rotlo,बाजरे की रोटी,hindi_script,hi
food_auth_bajra_rotlo,બાજરીનો રોટલો,gujarati_script,gu
food_auth_bajra_rotlo,pearl millet flatbread (bajra rotlo),english_display,en
food_7951130d,मेथी थेपला,hindi_script,hi
food_7951130d,fenugreek spiced flatbread (thepla),transliteration,en
food_7951130d,fenugreek spiced flatbread  thepla,clean_phrase,en
food_7951130d,મેથી થેપલા,gujarati_script,gu
food_auth_dudhi_thepla,bottle gourd thepla,transliteration,en
food_auth_dudhi_thepla,dudhi thepla,primary,en
food_auth_dudhi_thepla,lauki thepla,transliteration,en
food_auth_dudhi_thepla,लौकी थेपला,hindi_script,hi
food_auth_dudhi_thepla,દૂધી થેપલા,gujarati_script,gu
food_7d6c3581,stuffed potato paratha,transliteration,en
food_7d6c3581,bataka paratha,transliteration,en
food_7d6c3581,બટાકા પરાઠા,gujarati_script,gu
food_7d6c3581,आलू पराठा,hindi_script,hi
food_auth_paneer_paratha,paneer paratha,primary,en
food_auth_paneer_paratha,cottage cheese stuffed paratha,transliteration,en
food_auth_paneer_paratha,પનીર પરાઠા,gujarati_script,gu
food_auth_paneer_paratha,पनीर पराठा,hindi_script,hi
food_auth_gobi_paratha,kobij paratha,transliteration,en
food_auth_gobi_paratha,કોબીજ પરાઠા,gujarati_script,gu
food_auth_gobi_paratha,गोभी पराठा,hindi_script,hi
food_auth_gobi_paratha,gobi paratha,primary,en
food_auth_gobi_paratha,cauliflower stuffed paratha,transliteration,en
food_auth_puri,deep fried puffed bread (puri),english_display,en
food_auth_puri,पूरी,hindi_script,hi
food_auth_puri,પૂરી,gujarati_script,gu
food_auth_puri,deep fried puffed bread  puri,clean_phrase,en
food_41f75510,fluffy deep fried bhatura,transliteration,en
food_41f75510,ભટૂરા,gujarati_script,gu
food_41f75510,भटूरा,hindi_script,hi
food_auth_butter_naan,બટર નાન,gujarati_script,gu
food_auth_butter_naan,tandoori butter naan,transliteration,en
food_auth_butter_naan,बटर नान,hindi_script,hi
food_auth_kulcha,कुलचा,hindi_script,hi
food_auth_kulcha,kulcha,primary,en
food_auth_kulcha,amritsari stuffed kulcha,transliteration,en
food_auth_kulcha,કુલચા,gujarati_script,gu
food_f7520be4,मक्के की रोटी,hindi_script,hi
food_f7520be4,મકાઈ રોટલી,gujarati_script,gu
food_f7520be4,makai rotli,transliteration,en
food_f7520be4,cornmeal flatbread (makki roti),transliteration,en
food_f7520be4,cornmeal flatbread  makki roti,clean_phrase,en
food_auth_jowar_bhakri,જુવાર ભાખરી,gujarati_script,gu
food_auth_jowar_bhakri,jowar bhakri,primary,en
food_auth_jowar_bhakri,ज्वार भाकरी,hindi_script,hi
food_auth_jowar_bhakri,sorghum flatbread (jowar bhakri),transliteration,en
food_auth_jowar_bhakri,juvar bhakhri,transliteration,en
food_auth_jowar_bhakri,sorghum flatbread  jowar bhakri,clean_phrase,en
food_1cad86dc,sweet stuffed lentil flatbread,transliteration,en
food_1cad86dc,पूरन पोली,hindi_script,hi
food_1cad86dc,પુરણ પોળી,gujarati_script,gu
food_6bbf954f,yellow dal tadka,transliteration,en
food_6bbf954f,દાળ તડકા,gujarati_script,gu
food_6bbf954f,दाल तड़का,hindi_script,hi
food_auth_dal_fry,दाल फ्राई,hindi_script,hi
food_auth_dal_fry,dal fry,primary,en
food_auth_dal_fry,spiced toor dal fry,transliteration,en
food_auth_dal_fry,દાળ ફ્રાય,gujarati_script,gu
food_2a674be3,creamy black lentil dal makhani,clean_phrase,en
food_2a674be3,દાળ મખની,gujarati_script,gu
food_2a674be3,दाल मखनी,hindi_script,hi
food_auth_gujarati_dal,sweet   tangy gujarati tuver dal,clean_phrase,en
food_auth_gujarati_dal,गुजराती दाल,hindi_script,hi
food_auth_gujarati_dal,gujarati dal,primary,en
food_auth_gujarati_dal,sweet & tangy gujarati tuver dal,english_display,en
food_auth_gujarati_dal,ગુજરાતી દાળ,gujarati_script,gu
usda_moong_dal,mag ni dal,transliteration,en
usda_moong_dal,मूंग दाल,hindi_script,hi
usda_moong_dal,yellow split moong dal,transliteration,en
usda_moong_dal,મગની દાળ,gujarati_script,gu
food_auth_chana_dal,chana dal,primary,en
food_auth_chana_dal,चना दाल,hindi_script,hi
food_auth_chana_dal,bengal gram dal,transliteration,en
food_auth_chana_dal,chana ni dal,transliteration,en
food_auth_chana_dal,ચણાની દાળ,gujarati_script,gu
food_b99315d5,गुजराती कढ़ी,hindi_script,hi
food_b99315d5,sweet & spiced gujarati yogurt kadhi,english_display,en
food_b99315d5,ગુજરાતી કઢી,gujarati_script,gu
food_b99315d5,sweet   spiced gujarati yogurt kadhi,clean_phrase,en
food_auth_punjabi_kadhi_pakora,पंजाबी कढ़ी पकोड़ा,hindi_script,hi
food_auth_punjabi_kadhi_pakora,પંજાબી કઢી પકોડા,gujarati_script,gu
food_auth_punjabi_kadhi_pakora,punjabi kadhi pakora,primary,en
food_auth_punjabi_kadhi_pakora,punjabi yogurt curry with crispy pakoras,english_display,en
food_auth_punjabi_kadhi_pakora,punjabi kadhi pakoda,transliteration,en
food_5bddb797,sambhar,transliteration,en
food_5bddb797,સાંભાર,gujarati_script,gu
food_5bddb797,south indian vegetable sambar,transliteration,en
food_5bddb797,sambar,primary,en
food_5bddb797,सांभर,hindi_script,hi
food_e67b220d,रसम,hindi_script,hi
food_e67b220d,રસમ,gujarati_script,gu
food_e67b220d,spiced tamarind tomato broth (rasam),english_display,en
food_e67b220d,spiced tamarind tomato broth  rasam,clean_phrase,en
food_auth_jeera_rice,jeera rice,primary,en
food_auth_jeera_rice,जीरा राइस,hindi_script,hi
food_auth_jeera_rice,જીરા રાઈસ,gujarati_script,gu
food_auth_jeera_rice,cumin spiced basmati rice,transliteration,en
food_25d12724,moong dal rice khichdi,transliteration,en
food_25d12724,ખીચડી,gujarati_script,gu
food_25d12724,खिचड़ी,hindi_script,hi
food_auth_veg_biryani,वेज बिरयानी,hindi_script,hi
food_auth_veg_biryani,hyderabadi vegetable dum biryani,transliteration,en
food_auth_veg_biryani,વેજ બિરયાની,gujarati_script,gu
food_082328ef,hyderabadi chicken biryani,transliteration,en
food_082328ef,चिकन बिरयानी,hindi_script,hi
food_082328ef,ચિકન બિરયાની,gujarati_script,gu
food_79446515,dahi bhat,transliteration,en
food_79446515,દહીં ભાત,gujarati_script,gu
food_79446515,south indian tempered curd rice,clean_phrase,en
food_79446515,दही चावल,hindi_script,hi
food_auth_pulao,pulao,primary,en
food_auth_pulao,garden vegetable pulao,transliteration,en
food_auth_pulao,पुलाव,hindi_script,hi
food_auth_pulao,પુલાવ,gujarati_script,gu
food_auth_sev_tameta_nu_shaak,kathiyawadi sev tameta sabzi,transliteration,en
food_auth_sev_tameta_nu_shaak,સેવ ટમેટાનું શાક,gujarati_script,gu
food_auth_sev_tameta_nu_shaak,सेव टमाटर की सब्जी,hindi_script,hi
food_auth_sev_tameta_nu_shaak,sev tameta nu shaak,primary,en
food_auth_sev_tameta_nu_shaak,sev tamatar sabzi,transliteration,en
food_4c85581d,ઊંધિયું,gujarati_script,gu
food_4c85581d,surti undhiyu mixed vegetable,transliteration,en
food_4c85581d,उंधियू,hindi_script,hi
food_auth_lasaniya_bataka,लहसुनी आलू,hindi_script,hi
food_auth_lasaniya_bataka,lasaniya bataka,primary,en
food_auth_lasaniya_bataka,kathiyawadi garlic spiced baby potatoes,clean_phrase,en
food_auth_lasaniya_bataka,લસણીયા બટાકા,gujarati_script,gu
food_auth_lasaniya_bataka,lahsuni aloo,transliteration,en
food_auth_ringna_no_oro,ringna no oro,primary,en
food_auth_ringna_no_oro,baingan bharta,transliteration,en
food_auth_ringna_no_oro,kathiyawadi smoked eggplant mash (ringna oro),english_display,en
food_auth_ringna_no_oro,बैंगन का भर्ता,hindi_script,hi
food_auth_ringna_no_oro,kathiyawadi smoked eggplant mash  ringna oro,clean_phrase,en
food_auth_ringna_no_oro,રીંગણાનો ઓળો,gujarati_script,gu
food_dab1524f,पनीर बटर मसाला,hindi_script,hi
food_dab1524f,rich cottage cheese in butter tomato gravy,clean_phrase,en
food_dab1524f,પનીર બટર મસાલા,gujarati_script,gu
food_826c7c4e,fresh spinach puree with cottage cheese,clean_phrase,en
food_826c7c4e,પાલક પનીર,gujarati_script,gu
food_826c7c4e,पालक पनीर,hindi_script,hi
food_95587156,कढ़ाई पनीर,hindi_script,hi
food_95587156,wok-tossed cottage cheese with bell peppers,english_display,en
food_95587156,કડાઈ પનીર,gujarati_script,gu
food_95587156,wok tossed cottage cheese with bell peppers,clean_phrase,en
food_auth_chole,amritsari spiced chickpea curry,transliteration,en
food_auth_chole,છોલે ચણા,gujarati_script,gu
food_auth_chole,chole chana,transliteration,en
food_auth_chole,छोले,hindi_script,hi
food_4f85127a,राजमा,hindi_script,hi
food_4f85127a,રાજમા,gujarati_script,gu
food_4f85127a,punjabi red kidney bean curry,clean_phrase,en
food_d2ac3ee0,spiced potato & cauliflower stir fry,english_display,en
food_d2ac3ee0,spiced potato   cauliflower stir fry,clean_phrase,en
food_d2ac3ee0,आलू गोभी,hindi_script,hi
food_d2ac3ee0,બટાકા ફ્લાવર શાક,gujarati_script,gu
food_d2ac3ee0,bataka flower nu shaak,transliteration,en
food_3fc108be,भिंडी मसाला,hindi_script,hi
food_3fc108be,okra stir fry with onions & spices,english_display,en
food_3fc108be,bhinda nu shaak,transliteration,en
food_3fc108be,okra stir fry with onions   spices,clean_phrase,en
food_3fc108be,ભીંડાનું શાક,gujarati_script,gu
food_ed29f0d0,सरसों का साग,hindi_script,hi
food_ed29f0d0,sarsav nu shaak,transliteration,en
food_ed29f0d0,સરસવનું શાક,gujarati_script,gu
food_ed29f0d0,punjabi mustard greens puree,transliteration,en
food_5843291e,tandoori chicken in silky butter gravy,clean_phrase,en
food_5843291e,બટર ચિકન,gujarati_script,gu
food_5843291e,बटर चिकन,hindi_script,hi
food_8db68534,crispy hollow puris with spiced mint water,clean_phrase,en
food_8db68534,पानी पूरी,regional_script,hi
food_8db68534,પાણીપુરી,gujarati_script,gu
food_auth_sev_puri,crisp puris topped with potatoes & nylon sev,english_display,en
food_auth_sev_puri,crisp puris topped with potatoes   nylon sev,clean_phrase,en
food_auth_sev_puri,sev puri,primary,en
food_auth_sev_puri,સેવ પુરી,gujarati_script,gu
food_auth_sev_puri,सेव पूरी,hindi_script,hi
food_fd067479,ભેળ પુરી,gujarati_script,gu
food_fd067479,puffed rice chaat with chutneys,english_display,en
food_fd067479,भेल पूरी,regional_script,hi
food_9d3a755e,પાવ ભાજી,gujarati_script,gu
food_9d3a755e,spiced vegetable mash with butter toasted pav,clean_phrase,en
food_9d3a755e,पाव भाजी,regional_script,hi
food_f2f44da6,વડા પાવ,gujarati_script,gu
food_f2f44da6,spiced potato fritter in bread roll,clean_phrase,en
food_f2f44da6,वड़ा पाव,regional_script,hi
food_3846053a,સમોસા,regional_script,gu
food_3846053a,crispy spiced potato filled pastry,clean_phrase,en
food_3846053a,समोसा,regional_script,hi
food_ecaddc97,कचौरी,hindi_script,hi
food_ecaddc97,કચોરી,gujarati_script,gu
food_ecaddc97,flaky spiced dal / onion pastry,english_display,en
food_ecaddc97,flaky spiced dal   onion pastry,clean_phrase,en
food_350a1462,खमण,hindi_script,hi
food_350a1462,ખમણ,gujarati_script,gu
food_350a1462,steamed spongy gram flour khaman,clean_phrase,en
food_3d967f27,steamed fermented rice   dal dhokla,clean_phrase,en
food_3d967f27,ढोकला,hindi_script,hi
food_3d967f27,ઢોકળાં,gujarati_script,gu
food_3d967f27,steamed fermented rice & dal dhokla,english_display,en
food_10160b40,rolled gram flour   buttermilk pinwheels,clean_phrase,en
food_10160b40,खांडवी,regional_script,hi
food_10160b40,ખાંડવી,regional_script,gu
food_10160b40,rolled gram flour & buttermilk pinwheels,english_display,en
food_d5006b66,हांडवो,regional_script,hi
food_d5006b66,હાંડવો,regional_script,gu
food_d5006b66,baked savory lentil & vegetable cake,english_display,en
food_d5006b66,baked savory lentil   vegetable cake,clean_phrase,en
food_1dfd9a1f,ફાફડા,regional_script,gu
food_1dfd9a1f,फाफड़ा,regional_script,hi
food_1dfd9a1f,crisp gram flour strips  fafda,clean_phrase,en
food_1dfd9a1f,crisp gram flour strips (fafda),english_display,en
food_7cb2d0c4,crispy thin whole wheat crackers,clean_phrase,en
food_7cb2d0c4,खाखरा,hindi_script,hi
food_7cb2d0c4,ખાખરા,gujarati_script,gu
food_df9cdd56,दाबेली,regional_script,hi
food_df9cdd56,spiced potato burger with peanuts & pomegranate,english_display,en
food_df9cdd56,કચ્છી દાબેલી,gujarati_script,gu
food_df9cdd56,kacchi dabeli,transliteration,en
food_df9cdd56,spiced potato burger with peanuts   pomegranate,clean_phrase,en
food_fdcaf719,flattened rice with onions   peanuts,clean_phrase,en
food_fdcaf719,pauva,transliteration,en
food_fdcaf719,पोहा,hindi_script,hi
food_fdcaf719,પૌંઆ,gujarati_script,gu
food_fdcaf719,flattened rice with onions & peanuts,english_display,en
food_5625b957,इडली,hindi_script,hi
food_5625b957,steamed fermented rice cakes,transliteration,en
food_5625b957,ઈડલી,gujarati_script,gu
food_6925ee8d,मसाला डोसा,hindi_script,hi
food_6925ee8d,મસાલા ઢોસા,gujarati_script,gu
food_6925ee8d,crispy crepe with spiced potato filling,clean_phrase,en
food_auth_medu_vada,medu vada,transliteration,gu
food_auth_medu_vada,मेदु वड़ा,regional_script,hi
food_auth_medu_vada,crispy fried lentil doughnuts,transliteration,en
food_auth_medu_vada,મેદુ વડા,regional_script,gu
food_ef294d20,उत्तपम,hindi_script,hi
food_ef294d20,thick savory rice pancake with veggies,clean_phrase,en
food_ef294d20,ઉત્તપમ,gujarati_script,gu
food_auth_masala_chai,મસાલા ચા,regional_script,gu
food_auth_masala_chai,मसाला चाय,regional_script,hi
food_auth_masala_chai,spiced indian milk tea,transliteration,en
food_auth_cutting_chai,કટિંગ ચા,gujarati_script,gu
food_auth_cutting_chai,कटिंग चाय,hindi_script,hi
food_auth_cutting_chai,mumbai half-measure strong spiced tea,english_display,en
food_auth_cutting_chai,mumbai half measure strong spiced tea,clean_phrase,en
food_auth_chaas,છાસ,gujarati_script,gu
food_auth_chaas,छाछ,hindi_script,hi
food_auth_chaas,spiced buttermilk  chaas   mattha,clean_phrase,en
food_auth_chaas,spiced buttermilk (chaas / mattha),english_display,en
food_5e08bbc3,sweetened churned yogurt lassi,transliteration,en
food_5e08bbc3,મીઠી લસ્સી,regional_script,gu
food_5e08bbc3,मीठी लस्सी,regional_script,hi
food_auth_filter_coffee,south indian frothy filter kaapi,english_display,en
food_auth_filter_coffee,filter coffee,primary,en
food_auth_filter_coffee,ફિલ્ટર કોફી,regional_script,gu
food_auth_filter_coffee,फ़िल्टर कॉफ़ी,hindi_script,hi
food_auth_nimbu_pani,nimbu pani,transliteration,hi
food_auth_nimbu_pani,नींबू पानी,regional_script,hi
food_auth_nimbu_pani,લીંબુ પાણી,regional_script,gu
food_auth_nimbu_pani,limbu pani,colloquial_alias,en
food_auth_nimbu_pani,fresh spiced lemonade,transliteration,en
food_auth_badam_milk,badam doodh,transliteration,en
food_auth_badam_milk,badam milk,primary,en
food_auth_badam_milk,બદામ દૂધ,gujarati_script,gu
food_auth_badam_milk,बादाम दूध,hindi_script,hi
food_auth_badam_milk,almond saffron flavored milk,transliteration,en
food_auth_sugarcane_juice,ganne ka ras,transliteration,hi
food_auth_sugarcane_juice,sugarcane juice,primary,en
food_auth_sugarcane_juice,गन्ने का रस,regional_script,hi
food_auth_sugarcane_juice,fresh sugarcane juice,colloquial_alias,en
food_auth_sugarcane_juice,sherdi no ras,colloquial_alias,en
food_auth_sugarcane_juice,શેરડીનો રસ,regional_script,gu
food_auth_jaljeera,जलजीरा,regional_script,hi
food_auth_jaljeera,jaljeera,transliteration,hi
food_auth_jaljeera,જલજીરા,gujarati_script,gu
food_auth_jaljeera,spiced cumin   mint cooler,clean_phrase,en
food_auth_jaljeera,spiced cumin & mint cooler,english_display,en
food_0f887ff8,ठंडाई,regional_script,hi
food_0f887ff8,spiced nut   poppy seed festive milk drink,clean_phrase,en
food_0f887ff8,spiced nut & poppy seed festive milk drink,english_display,en
food_0f887ff8,ઠંડાઈ,regional_script,gu
food_98e5defa,fried milk dumplings in rose sugar syrup,clean_phrase,en
food_98e5defa,gulab jambu,transliteration,en
food_98e5defa,गुलाब जामुन,hindi_script,hi
food_98e5defa,ગુલાબ જાંબુ,gujarati_script,gu
food_55603d09,जलेबी,hindi_script,hi
food_55603d09,crispy spiral fritters in sugar syrup,english_display,en
food_55603d09,જલેબી,gujarati_script,gu
food_5c96c75c,traditional gujarati whole wheat   jaggery fudge,clean_phrase,en
food_5c96c75c,સુખડી,gujarati_script,gu
food_5c96c75c,सुखड़ी,hindi_script,hi
food_5c96c75c,traditional gujarati whole wheat & jaggery fudge,english_display,en
food_ccd7b309,खीर,hindi_script,hi
food_ccd7b309,slow simmered rice   cardamom milk pudding,clean_phrase,en
food_ccd7b309,ખીર,gujarati_script,gu
food_ccd7b309,slow-simmered rice & cardamom milk pudding,english_display,en
food_0c66abe2,સફરજન,gujarati_script,gu
food_0c66abe2,fresh apple,transliteration,en
food_0c66abe2,safarjan,transliteration,en
food_0c66abe2,सेब,hindi_script,hi
food_0c66abe2,seb,transliteration,en
food_ec355f0f,ripe yellow banana,transliteration,en
food_ec355f0f,केला,hindi_script,hi
food_ec355f0f,kelu,transliteration,en
food_ec355f0f,kela,transliteration,en
food_ec355f0f,કેળું,gujarati_script,gu
food_628ca09d,keri,transliteration,en
food_628ca09d,alphonso mango,transliteration,en
food_628ca09d,કેરી,gujarati_script,gu
food_628ca09d,aam,transliteration,en
food_628ca09d,आम,hindi_script,hi
food_0f927466,papaiyu,transliteration,en
food_0f927466,fresh papaya slices,transliteration,en
food_0f927466,પપૈયું,gujarati_script,gu
food_0f927466,papita,transliteration,en
food_0f927466,पपीता,hindi_script,hi
food_d9687529,tarbooj,transliteration,en
food_d9687529,tarbuj,transliteration,en
food_d9687529,fresh watermelon,english_display,en
food_d9687529,तरबूज,hindi_script,hi
food_d9687529,તરબૂચ,gujarati_script,gu
food_auth_pomegranate,anar,transliteration,en
food_auth_pomegranate,fresh pomegranate arils,english_display,en
food_auth_pomegranate,pomegranate,primary,en
food_auth_pomegranate,अनार,hindi_script,hi
food_auth_pomegranate,dadam,transliteration,en
food_auth_pomegranate,દાડમ,gujarati_script,gu
food_curd_001,fresh plain curd (dahi),transliteration,en
food_curd_001,fresh plain curd  dahi,clean_phrase,en
food_curd_001,दही,hindi_script,hi
food_curd_001,દહીં,gujarati_script,gu
food_auth_cow_milk,गाय का दूध,hindi_script,hi
food_auth_cow_milk,fresh whole milk,transliteration,en
food_auth_cow_milk,cow milk,primary,en
food_auth_cow_milk,ગાયનું દૂધ,gujarati_script,gu
food_paneer_001,fresh cottage cheese (paneer),transliteration,en
food_paneer_001,fresh cottage cheese  paneer,clean_phrase,en
food_paneer_001,पनीर,hindi_script,hi
food_paneer_001,પનીર,gujarati_script,gu
usda_ghee,pure desi cow ghee,transliteration,en
usda_ghee,ઘી,gujarati_script,gu
usda_ghee,घी,hindi_script,hi
food_auth_white_butter,fresh homemade white butter  makhan,clean_phrase,en
food_auth_white_butter,makhan,transliteration,en
food_auth_white_butter,fresh homemade white butter (makhan),english_display,en
food_auth_white_butter,white butter,primary,en
food_auth_white_butter,માખણ,gujarati_script,gu
food_auth_white_butter,मक्खन,hindi_script,hi
food_auth_oats,ओट्स,hindi_script,hi
food_auth_oats,rolled oats porridge,transliteration,en
food_auth_oats,ઓટ્સ,gujarati_script,gu
food_auth_maggi_noodles,मैगी,hindi_script,hi
food_auth_maggi_noodles,instant masala maggi noodles,transliteration,en
food_auth_maggi_noodles,maggi,transliteration,en
food_auth_maggi_noodles,maggi noodles,primary,en
food_auth_maggi_noodles,મેગી,gujarati_script,gu
food_auth_brown_bread,brown bread,primary,en
food_auth_brown_bread,whole wheat brown bread,transliteration,en
food_auth_brown_bread,બ્રાઉન બ્રેડ,gujarati_script,gu
food_auth_brown_bread,ब्राउन ब्रेड,hindi_script,hi
food_f9aa6fa5,पीनट बटर,hindi_script,hi
food_f9aa6fa5,પીનટ બટર,gujarati_script,gu
food_f9aa6fa5,natural creamy peanut butter,transliteration,en
food_auth_marie_biscuit,marie biscuit,primary,en
food_auth_marie_biscuit,crisp tea marie biscuits,transliteration,en
food_auth_marie_biscuit,મેરી બિસ્કિટ,gujarati_script,gu
food_auth_marie_biscuit,मैरी बिस्कुट,hindi_script,hi
food_roti_001,be rotisabzi,transliteration,en
food_roti_001,3 rotidal,transliteration,en
food_roti_001,rotttti,transliteration,en
food_roti_001,small bowl roti,transliteration,en
food_roti_001,be rotidal,transliteration,en
food_roti_001,roti with ghee,transliteration,en
food_roti_001,rpti,transliteration,en
food_roti_001,ek rotisabzi,transliteration,en
food_roti_001,ek rotidal,transliteration,en
food_roti_001,roti extra butter,transliteration,en
food_roti_001,rrrrotli,transliteration,en
food_roti_001,bowl rotishak,transliteration,en
food_roti_001,roti sugar free,transliteration,en
food_roti_001,tran roti,transliteration,en
food_roti_001,roti roasted,transliteration,en
food_roti_001,3 rotishak,transliteration,en
food_roti_001,bowl rotidal,transliteration,en
food_roti_001,rotliiii,transliteration,en
food_roti_001,ek rotishak,transliteration,en
food_roti_001,tran rotishak,transliteration,en
food_roti_001,rotishak,transliteration,en
food_roti_001,ek vaati rotli,transliteration,en
food_roti_001,1 glass roti,transliteration,en
food_roti_001,teen rotidal,transliteration,en
food_roti_001,roti shallow fried,transliteration,en
food_roti_001,1 katori roti,transliteration,en
food_roti_001,feeku non-spicy roti,transliteration,en
food_roti_001,snack: 2 pieces roti,transliteration,en
food_roti_001,half glass roti,transliteration,en
food_roti_001,rotee,transliteration,en
food_roti_001,rotiii,transliteration,en
food_roti_001,rottttli,transliteration,en
food_roti_001,roti sweet,transliteration,en
food_roti_001,totli,transliteration,en
food_roti_001,rtli,transliteration,en
food_roti_001,roti multigrain,transliteration,en
food_roti_001,500g roti,transliteration,en
food_roti_001,ek glass roti,transliteration,en
food_roti_001,roti and dal tadka,transliteration,en
food_roti_001,ek glass rotli,transliteration,en
food_roti_001,rorli,transliteration,en
food_roti_001,roti spicy,transliteration,en
food_roti_001,char roti,transliteration,en
food_roti_001,roti steamed,transliteration,en
food_roti_001,3 pieces roti,transliteration,en
food_roti_001,do rotisabzi,transliteration,en
food_roti_001,3 rotisabzi,transliteration,en
food_roti_001,rotidal,transliteration,en
food_roti_001,1 rotishak,transliteration,en
food_roti_001,rtoli,transliteration,en
food_roti_001,200ml roti,transliteration,en
food_roti_001,do rotishak,transliteration,en
food_roti_001,be rotishak,transliteration,en
food_roti_001,rori,transliteration,en
food_roti_001,roti aur dal tadka,transliteration,en
food_roti_001,roti without ghee,transliteration,en
food_roti_001,50g roti,transliteration,en
food_roti_001,1 bowl roti,transliteration,en
food_roti_001,sukhi dry sabzi roti,transliteration,en
food_roti_001,roto,transliteration,en
food_roti_001,rotiiii,transliteration,en
food_roti_001,rrrroti,transliteration,en
food_roti_001,rtoi,transliteration,en
food_roti_001,ek rotli,transliteration,en
food_roti_001,200g roti,transliteration,en
food_roti_001,1 piece roti,transliteration,en
food_roti_001,toti,transliteration,en
food_roti_001,ek katori roti,transliteration,en
food_roti_001,rooooti,transliteration,en
food_roti_001,tran rotli,transliteration,en
food_roti_001,roti gravy,transliteration,en
food_roti_001,roooti,transliteration,en
food_roti_001,rrrotli,transliteration,en
food_roti_001,breakfast: 2 pieces roti,transliteration,en
food_roti_001,roti mild,transliteration,en
food_roti_001,be vaati rotli,transliteration,en
food_roti_001,roti sathe dal tadka,transliteration,en
food_roti_001,multigrain fiber rich roti,transliteration,en
food_roti_001,2 pieces roti,transliteration,en
food_roti_001,roti air fried,transliteration,en
food_roti_001,ek cup roti,transliteration,en
food_roti_001,rotly,transliteration,en
food_roti_001,rotisabzi,transliteration,en
food_roti_001,1 rotisabzi,transliteration,en
food_roti_001,bowl rotisabzi,transliteration,en
food_roti_001,2 rotidal,transliteration,en
food_roti_001,dinner: 2 pieces roti,transliteration,en
food_roti_001,lunch: 2 pieces roti,transliteration,en
food_roti_001,ek vaati roti,transliteration,en
food_roti_001,roti deep fried,transliteration,en
food_roti_001,panch roti,transliteration,en
food_roti_001,rotttli,transliteration,en
food_roti_001,roli,transliteration,en
food_roti_001,1 cup roti,transliteration,en
food_roti_001,2 katori roti,transliteration,en
food_roti_001,150g roti,transliteration,en
food_roti_001,rotil,transliteration,en
food_roti_001,orti,transliteration,en
food_roti_001,be roti,transliteration,en
food_roti_001,ortli,transliteration,en
food_roti_001,meethu jaggery sweet roti,transliteration,en
food_roti_001,rooootli,transliteration,en
food_roti_001,roty,transliteration,en
food_roti_001,5 pieces roti,transliteration,en
food_roti_001,glass rotisabzi,transliteration,en
food_roti_001,rothli,transliteration,en
food_roti_001,roti with jaggery,transliteration,en
food_roti_001,ek roti,transliteration,en
food_roti_001,roti whole wheat,transliteration,en
food_roti_001,tran rotidal,transliteration,en
food_roti_001,big bowl roti,transliteration,en
food_roti_001,2 glasses roti,transliteration,en
food_roti_001,100g roti,transliteration,en
food_roti_001,ek cup rotli,transliteration,en
food_roti_001,glass rotishak,transliteration,en
food_roti_001,500ml roti,transliteration,en
food_roti_001,roti dry,transliteration,en
food_roti_001,roootli,transliteration,en
food_roti_001,roti with butter,transliteration,en
food_roti_001,roti boiled,transliteration,en
food_roti_001,ek katori rotli,transliteration,en
food_roti_001,250g roti,transliteration,en
food_roti_001,roti jain,transliteration,en
food_roti_001,rothi,transliteration,en
food_roti_001,rotlee,transliteration,en
food_roti_001,2 rotishak,transliteration,en
food_roti_001,100ml roti,transliteration,en
food_roti_001,roti with dal tadka,transliteration,en
food_roti_001,roit,transliteration,en
food_roti_001,2 bowls roti,transliteration,en
food_roti_001,roti tadka,transliteration,en
food_roti_001,rti,transliteration,en
food_roti_001,rolti,transliteration,en
food_roti_001,be vaati roti,transliteration,en
food_roti_001,rptli,transliteration,en
food_roti_001,teen rotishak,transliteration,en
food_roti_001,teen rotisabzi,transliteration,en
food_roti_001,rrroti,transliteration,en
food_roti_001,tran rotisabzi,transliteration,en
food_roti_001,do rotidal,transliteration,en
food_roti_001,roti ane dal tadka,transliteration,en
food_roti_001,2 cups roti,transliteration,en
food_roti_001,tawa roasted crispy roti,transliteration,en
food_roti_001,be rotli,transliteration,en
food_roti_001,1 rotidal,transliteration,en
food_roti_001,roi,transliteration,en
food_roti_001,rottti,transliteration,en
food_roti_001,rotliii,transliteration,en
food_roti_001,2 rotisabzi,transliteration,en
food_roti_001,250ml roti,transliteration,en
food_roti_001,4 pieces roti,transliteration,en
food_roti_001,glass rotidal,transliteration,en
food_096cfd3c,chaapaati,transliteration,en
food_096cfd3c,chapati multigrain,transliteration,en
food_096cfd3c,meethu jaggery sweet chapati,transliteration,en
food_096cfd3c,chapati boiled,transliteration,en
food_096cfd3c,chapattti,transliteration,en
food_096cfd3c,chapaaati,transliteration,en
food_096cfd3c,lunch: 3 pieces chapati,transliteration,en
food_096cfd3c,chapari,transliteration,en
food_096cfd3c,100ml chapati,transliteration,en
food_096cfd3c,250ml chapati,transliteration,en
food_096cfd3c,chpati,transliteration,en
food_096cfd3c,chapati gravy,transliteration,en
food_096cfd3c,chapatttti,transliteration,en
food_096cfd3c,4 pieces chapati,transliteration,en
food_096cfd3c,1 katori chapati,transliteration,en
food_096cfd3c,chapati sweet,transliteration,en
food_096cfd3c,chapaty,transliteration,en
food_096cfd3c,5 pieces chapati,transliteration,en
food_096cfd3c,chapati tadka,transliteration,en
food_096cfd3c,ek glass chapati,transliteration,en
food_096cfd3c,chapati jain,transliteration,en
food_096cfd3c,chapati mild,transliteration,en
food_096cfd3c,200g chapati,transliteration,en
food_096cfd3c,500g chapati,transliteration,en
food_096cfd3c,1 piece chapati,transliteration,en
food_096cfd3c,panch chapati,transliteration,en
food_096cfd3c,chpaati,transliteration,en
food_096cfd3c,2 bowls chapati,transliteration,en
food_096cfd3c,half glass chapati,transliteration,en
food_096cfd3c,small bowl chapati,transliteration,en
food_096cfd3c,chapati aur bhindi masala,transliteration,en
food_096cfd3c,50g chapati,transliteration,en
food_096cfd3c,chaptai,transliteration,en
food_096cfd3c,ek katori chapati,transliteration,en
food_096cfd3c,hcapati,transliteration,en
food_096cfd3c,chapati with ghee,transliteration,en
food_096cfd3c,2 pieces chapati,transliteration,en
food_096cfd3c,ek cup chapati,transliteration,en
food_096cfd3c,multigrain fiber rich chapati,transliteration,en
food_096cfd3c,250g chapati,transliteration,en
food_096cfd3c,chapati ane bhindi masala,transliteration,en
food_096cfd3c,chapati roasted,transliteration,en
food_096cfd3c,1 glass chapati,transliteration,en
food_096cfd3c,be chapati,transliteration,en
food_096cfd3c,cahpati,transliteration,en
food_096cfd3c,chapait,transliteration,en
food_096cfd3c,tran chapati,transliteration,en
food_096cfd3c,1 bowl chapati,transliteration,en
food_096cfd3c,chapati deep fried,transliteration,en
food_096cfd3c,2 katori chapati,transliteration,en
food_096cfd3c,chapati with butter,transliteration,en
food_096cfd3c,chapsti,transliteration,en
food_096cfd3c,big bowl chapati,transliteration,en
food_096cfd3c,150g chapati,transliteration,en
food_096cfd3c,chspati,transliteration,en
food_096cfd3c,chaaaapati,transliteration,en
food_096cfd3c,chapati and bhindi masala,transliteration,en
food_096cfd3c,chaaapati,transliteration,en
food_096cfd3c,chapati spicy,transliteration,en
food_096cfd3c,chapaaaati,transliteration,en
food_096cfd3c,chapati sugar free,transliteration,en
food_096cfd3c,char chapati,transliteration,en
food_096cfd3c,dinner: 3 pieces chapati,transliteration,en
food_096cfd3c,chapati whole wheat,transliteration,en
food_096cfd3c,500ml chapati,transliteration,en
food_096cfd3c,chapati dry,transliteration,en
food_096cfd3c,chapti,transliteration,en
food_096cfd3c,chapati with jaggery,transliteration,en
food_096cfd3c,chapatiiii,transliteration,en
food_096cfd3c,chapati with bhindi masala,transliteration,en
food_096cfd3c,sukhi dry sabzi chapati,transliteration,en
food_096cfd3c,chapati steamed,transliteration,en
food_096cfd3c,chapati extra butter,transliteration,en
food_096cfd3c,chaati,transliteration,en
food_096cfd3c,ek chapati,transliteration,en
food_096cfd3c,chapatiii,transliteration,en
food_096cfd3c,chhapati,transliteration,en
food_096cfd3c,100g chapati,transliteration,en
food_096cfd3c,2 glasses chapati,transliteration,en
food_096cfd3c,tawa roasted crispy chapati,transliteration,en
food_096cfd3c,chapati without ghee,transliteration,en
food_096cfd3c,feeku non-spicy chapati,transliteration,en
food_096cfd3c,chaapti,transliteration,en
food_096cfd3c,capati,transliteration,en
food_096cfd3c,2 cups chapati,transliteration,en
food_096cfd3c,200ml chapati,transliteration,en
food_096cfd3c,chapai,transliteration,en
food_096cfd3c,be vaati chapati,transliteration,en
food_096cfd3c,chaoati,transliteration,en
food_096cfd3c,breakfast: 3 pieces chapati,transliteration,en
food_096cfd3c,ek vaati chapati,transliteration,en
food_096cfd3c,chapato,transliteration,en
food_096cfd3c,3 pieces chapati,transliteration,en
food_096cfd3c,chapati sathe bhindi masala,transliteration,en
food_096cfd3c,chapati air fried,transliteration,en
food_096cfd3c,1 cup chapati,transliteration,en
food_096cfd3c,chapathi,transliteration,en
food_096cfd3c,chapati shallow fried,transliteration,en
food_096cfd3c,snack: 3 pieces chapati,transliteration,en
food_3e87e32c,500ml bhakri,transliteration,en
food_3e87e32c,bhakhro,transliteration,en
food_3e87e32c,bhakhree,transliteration,en
food_3e87e32c,2 bhakrioro,transliteration,en
food_3e87e32c,bhajhri,transliteration,en
food_3e87e32c,bhhakri,transliteration,en
food_3e87e32c,bowl bhakrioro,transliteration,en
food_3e87e32c,bhskri,transliteration,en
food_3e87e32c,ek katori bhakri,transliteration,en
food_3e87e32c,bhakriii,transliteration,en
food_3e87e32c,bhakri without ghee,transliteration,en
food_3e87e32c,meethu jaggery sweet bhakri,transliteration,en
food_3e87e32c,bhakri with jaggery,transliteration,en
food_3e87e32c,multigrain fiber rich bhakri,transliteration,en
food_3e87e32c,bhakri air fried,transliteration,en
food_3e87e32c,bhaakhri,transliteration,en
food_3e87e32c,bhakrioro,transliteration,en
food_3e87e32c,tran bhakrioro,transliteration,en
food_3e87e32c,ek cup bhakri,transliteration,en
food_3e87e32c,bhakrrri,transliteration,en
food_3e87e32c,big bowl bhakri,transliteration,en
food_3e87e32c,bhakri jain,transliteration,en
food_3e87e32c,bhhakhri,transliteration,en
food_3e87e32c,bhakhhri,transliteration,en
food_3e87e32c,bhkri,transliteration,en
food_3e87e32c,bhaaaakhri,transliteration,en
food_3e87e32c,ek bhakrioro,transliteration,en
food_3e87e32c,bhakri boiled,transliteration,en
food_3e87e32c,bhaaakhri,transliteration,en
food_3e87e32c,bhakri shallow fried,transliteration,en
food_3e87e32c,ek bhakhri,transliteration,en
food_3e87e32c,250g bhakri,transliteration,en
food_3e87e32c,2 katori bhakri,transliteration,en
food_3e87e32c,2 pieces bhakri,transliteration,en
food_3e87e32c,bhakri mild,transliteration,en
food_3e87e32c,bhakti,transliteration,en
food_3e87e32c,1 glass bhakri,transliteration,en
food_3e87e32c,bhakree,transliteration,en
food_3e87e32c,bhakri sugar free,transliteration,en
food_3e87e32c,1 bhakrioro,transliteration,en
food_3e87e32c,half glass bhakri,transliteration,en
food_3e87e32c,dinner: 2 pieces bhakri,transliteration,en
food_3e87e32c,bhaki,transliteration,en
food_3e87e32c,be bhakri,transliteration,en
food_3e87e32c,bhakhrrrri,transliteration,en
food_3e87e32c,hbakri,transliteration,en
food_3e87e32c,ek glass bhakri,transliteration,en
food_3e87e32c,hbakhri,transliteration,en
food_3e87e32c,bhaaaakri,transliteration,en
food_3e87e32c,100g bhakri,transliteration,en
food_3e87e32c,lunch: 2 pieces bhakri,transliteration,en
food_3e87e32c,teen bhakrioro,transliteration,en
food_3e87e32c,do bhakrioro,transliteration,en
food_3e87e32c,4 pieces bhakri,transliteration,en
food_3e87e32c,bhaaakri,transliteration,en
food_3e87e32c,bhakri extra butter,transliteration,en
food_3e87e32c,50g bhakri,transliteration,en
food_3e87e32c,bhakri with ghee,transliteration,en
food_3e87e32c,breakfast: 2 pieces bhakri,transliteration,en
food_3e87e32c,bhajri,transliteration,en
food_3e87e32c,bahkhri,transliteration,en
food_3e87e32c,bhakhrrri,transliteration,en
food_3e87e32c,1 piece bhakri,transliteration,en
food_3e87e32c,150g bhakri,transliteration,en
food_3e87e32c,250ml bhakri,transliteration,en
food_3e87e32c,bhakri steamed,transliteration,en
food_3e87e32c,200g bhakri,transliteration,en
food_3e87e32c,2 glasses bhakri,transliteration,en
food_3e87e32c,be vaati bhakhri,transliteration,en
food_3e87e32c,bharki,transliteration,en
food_3e87e32c,bhakri gravy,transliteration,en
food_3e87e32c,2 cups bhakri,transliteration,en
food_3e87e32c,bahkri,transliteration,en
food_3e87e32c,bhkhri,transliteration,en
food_3e87e32c,bhakhry,transliteration,en
food_3e87e32c,bhkahri,transliteration,en
food_3e87e32c,sukhi dry sabzi bhakri,transliteration,en
food_3e87e32c,3 pieces bhakri,transliteration,en
food_3e87e32c,bhakhir,transliteration,en
food_3e87e32c,bhakri with butter,transliteration,en
food_3e87e32c,char bhakri,transliteration,en
food_3e87e32c,bhari,transliteration,en
food_3e87e32c,bhskhri,transliteration,en
food_3e87e32c,3 bhakrioro,transliteration,en
food_3e87e32c,bhakri sweet,transliteration,en
food_3e87e32c,ek vaati bhakri,transliteration,en
food_3e87e32c,ek glass bhakhri,transliteration,en
food_3e87e32c,snack: 2 pieces bhakri,transliteration,en
food_3e87e32c,bhakri dry,transliteration,en
food_3e87e32c,small bowl bhakri,transliteration,en
food_3e87e32c,bhakri multigrain,transliteration,en
food_3e87e32c,be vaati bhakri,transliteration,en
food_3e87e32c,be bhakrioro,transliteration,en
food_3e87e32c,200ml bhakri,transliteration,en
food_3e87e32c,1 cup bhakri,transliteration,en
food_3e87e32c,be bhakhri,transliteration,en
food_3e87e32c,bhkari,transliteration,en
food_3e87e32c,bakri,transliteration,en
food_3e87e32c,tawa roasted crispy bhakri,transliteration,en
food_3e87e32c,bhakhi,transliteration,en
food_3e87e32c,500g bhakri,transliteration,en
food_3e87e32c,1 bowl bhakri,transliteration,en
food_3e87e32c,bhakro,transliteration,en
food_3e87e32c,bhakri whole wheat,transliteration,en
food_3e87e32c,ek katori bhakhri,transliteration,en
food_3e87e32c,tran bhakri,transliteration,en
food_3e87e32c,bhakri deep fried,transliteration,en
food_3e87e32c,2 bowls bhakri,transliteration,en
food_3e87e32c,bhaakri,transliteration,en
food_3e87e32c,bakhri,transliteration,en
food_3e87e32c,100ml bhakri,transliteration,en
food_3e87e32c,glass bhakrioro,transliteration,en
food_3e87e32c,bhakri spicy,transliteration,en
food_3e87e32c,1 katori bhakri,transliteration,en
food_3e87e32c,bhakrhi,transliteration,en
food_3e87e32c,bhahkri,transliteration,en
food_3e87e32c,bhakry,transliteration,en
food_3e87e32c,bhakrrrri,transliteration,en
food_3e87e32c,ek vaati bhakhri,transliteration,en
food_3e87e32c,bhahri,transliteration,en
food_3e87e32c,bhakriiii,transliteration,en
food_3e87e32c,bhakhriii,transliteration,en
food_3e87e32c,5 pieces bhakri,transliteration,en
food_3e87e32c,tran bhakhri,transliteration,en
food_3e87e32c,bhakri roasted,transliteration,en
food_3e87e32c,ek cup bhakhri,transliteration,en
food_3e87e32c,bhakri tadka,transliteration,en
food_3e87e32c,feeku non-spicy bhakri,transliteration,en
food_3e87e32c,panch bhakri,transliteration,en
food_3e87e32c,ek bhakri,transliteration,en
food_3e87e32c,bhakhti,transliteration,en
food_3e87e32c,bhakhriiii,transliteration,en
food_3e87e32c,bhakir,transliteration,en
food_auth_bajra_rotlo,bajrarotlo,transliteration,en
food_auth_bajra_rotlo,bajra nnno rotlo,transliteration,en
food_auth_bajra_rotlo,bajra rotlo without ghee,transliteration,en
food_auth_bajra_rotlo,2 rotlooro,transliteration,en
food_auth_bajra_rotlo,ek vaati bajra rotlo,transliteration,en
food_auth_bajra_rotlo,bajra np rotlo,transliteration,en
food_auth_bajra_rotlo,bajran o rotlo,transliteration,en
food_auth_bajra_rotlo,baajraa roti,transliteration,en
food_auth_bajra_rotlo,baaaajra no rotlo,transliteration,en
food_auth_bajra_rotlo,bajra no rotlp,transliteration,en
food_auth_bajra_rotlo,baaaajra rotlo,transliteration,en
food_auth_bajra_rotlo,bajra rtolo,transliteration,en
food_auth_bajra_rotlo,bajra no rorlo,transliteration,en
food_auth_bajra_rotlo,bajra rotlo mild,transliteration,en
food_auth_bajra_rotlo,tran bajra rotlo,transliteration,en
food_auth_bajra_rotlo,big bowl bajra rotlo,transliteration,en
food_auth_bajra_rotlo,bajrrrra no rotlo,transliteration,en
food_auth_bajra_rotlo,bajrrra no rotlo,transliteration,en
food_auth_bajra_rotlo,bajraroti,transliteration,en
food_auth_bajra_rotlo,bsjra roti,transliteration,en
food_auth_bajra_rotlo,bajra rtoi,transliteration,en
food_auth_bajra_rotlo,bjara no rotlo,transliteration,en
food_auth_bajra_rotlo,bajra otlo,transliteration,en
food_auth_bajra_rotlo,bajra rotlo spicy,transliteration,en
food_auth_bajra_rotlo,bajra rtlo,transliteration,en
food_auth_bajra_rotlo,bjara rotlo,transliteration,en
food_auth_bajra_rotlo,bajra no rtlo,transliteration,en
food_auth_bajra_rotlo,bajrrrra rotlo,transliteration,en
food_auth_bajra_rotlo,1 rotlooro,transliteration,en
food_auth_bajra_rotlo,bajr no rotlo,transliteration,en
food_auth_bajra_rotlo,bajraaaa roti,transliteration,en
food_auth_bajra_rotlo,500ml bajra rotlo,transliteration,en
food_auth_bajra_rotlo,100g bajra rotlo,transliteration,en
food_auth_bajra_rotlo,bajta roti,transliteration,en
food_auth_bajra_rotlo,abjra rotlo,transliteration,en
food_auth_bajra_rotlo,bajar rotlo,transliteration,en
food_auth_bajra_rotlo,bajra no rrrotlo,transliteration,en
food_auth_bajra_rotlo,bajra rotol,transliteration,en
food_auth_bajra_rotlo,bajr ano rotlo,transliteration,en
food_auth_bajra_rotlo,bajra rotee,transliteration,en
food_auth_bajra_rotlo,bajra rotlo tadka,transliteration,en
food_auth_bajra_rotlo,bajra rotlo jain,transliteration,en
food_auth_bajra_rotlo,500g bajra rotlo,transliteration,en
food_auth_bajra_rotlo,bajra o rotlo,transliteration,en
food_auth_bajra_rotlo,bajra rottttlo,transliteration,en
food_auth_bajra_rotlo,2 pieces bajra rotlo,transliteration,en
food_auth_bajra_rotlo,1 piece bajra rotlo,transliteration,en
food_auth_bajra_rotlo,bjra no rotlo,transliteration,en
food_auth_bajra_rotlo,bajra no ortlo,transliteration,en
food_auth_bajra_rotlo,bajraaa rotlo,transliteration,en
food_auth_bajra_rotlo,baajraa rotlo,transliteration,en
food_auth_bajra_rotlo,panch bajra rotlo,transliteration,en
food_auth_bajra_rotlo,bajrs no rotlo,transliteration,en
food_auth_bajra_rotlo,3 rotlooro,transliteration,en
food_auth_bajra_rotlo,baja rotlo,transliteration,en
food_auth_bajra_rotlo,bajra rotlo with ghee,transliteration,en
food_auth_bajra_rotlo,bajra rolto,transliteration,en
food_auth_bajra_rotlo,do rotlooro,transliteration,en
food_auth_bajra_rotlo,bajr arotlo,transliteration,en
food_auth_bajra_rotlo,bajra on rotlo,transliteration,en
food_auth_bajra_rotlo,1 katori bajra rotlo,transliteration,en
food_auth_bajra_rotlo,bajra no otlo,transliteration,en
food_auth_bajra_rotlo,bajr aroti,transliteration,en
food_auth_bajra_rotlo,bajraaa no rotlo,transliteration,en
food_auth_bajra_rotlo,bjra roti,transliteration,en
food_auth_bajra_rotlo,be vaati bajra rotlo,transliteration,en
food_auth_bajra_rotlo,bajra rotiii,transliteration,en
food_auth_bajra_rotlo,bara rotlo,transliteration,en
food_auth_bajra_rotlo,bajra roto,transliteration,en
food_auth_bajra_rotlo,bsjra no rotlo,transliteration,en
food_auth_bajra_rotlo,bajra nooo rotlo,transliteration,en
food_auth_bajra_rotlo,bajr rotlo,transliteration,en
food_auth_bajra_rotlo,bajra rothi,transliteration,en
food_auth_bajra_rotlo,bajra no roootlo,transliteration,en
food_auth_bajra_rotlo,bajra no rotttlo,transliteration,en
food_auth_bajra_rotlo,bajraaa roti,transliteration,en
food_auth_bajra_rotlo,bajra no totlo,transliteration,en
food_auth_bajra_rotlo,bajra ortlo,transliteration,en
food_auth_bajra_rotlo,ek rotlooro,transliteration,en
food_auth_bajra_rotlo,bhajra roti,transliteration,en
food_auth_bajra_rotlo,bajra rotlo gravy,transliteration,en
food_auth_bajra_rotlo,bajrar oti,transliteration,en
food_auth_bajra_rotlo,bajra rotlo dry,transliteration,en
food_auth_bajra_rotlo,150g bajra rotlo,transliteration,en
food_auth_bajra_rotlo,bajra rotlo multigrain,transliteration,en
food_auth_bajra_rotlo,bajra totlo,transliteration,en
food_auth_bajra_rotlo,bajra rotlp,transliteration,en
food_auth_bajra_rotlo,baaajra rotlo,transliteration,en
food_auth_bajra_rotlo,bajra roit,transliteration,en
food_auth_bajra_rotlo,bajra n orotlo,transliteration,en
food_auth_bajra_rotlo,ek glass bajra rotlo,transliteration,en
food_auth_bajra_rotlo,bajra nnnno rotlo,transliteration,en
food_auth_bajra_rotlo,200g bajra rotlo,transliteration,en
food_auth_bajra_rotlo,bajra rotlo roasted,transliteration,en
food_auth_bajra_rotlo,bajra no rtolo,transliteration,en
food_auth_bajra_rotlo,bajra rotlooo,transliteration,en
food_auth_bajra_rotlo,bajra roooti,transliteration,en
food_auth_bajra_rotlo,char bajra rotlo,transliteration,en
food_auth_bajra_rotlo,2 glasses bajra rotlo,transliteration,en
food_auth_bajra_rotlo,bajrs rotlo,transliteration,en
food_auth_bajra_rotlo,bajra no rooootlo,transliteration,en
food_auth_bajra_rotlo,bajra rorlo,transliteration,en
food_auth_bajra_rotlo,bajra roty,transliteration,en
food_auth_bajra_rotlo,50g bajra rotlo,transliteration,en
food_auth_bajra_rotlo,bajrrra rotlo,transliteration,en
food_auth_bajra_rotlo,bajra nor otlo,transliteration,en
food_auth_bajra_rotlo,250ml bajra rotlo,transliteration,en
food_auth_bajra_rotlo,abjra no rotlo,transliteration,en
food_auth_bajra_rotlo,bajra no rptlo,transliteration,en
food_auth_bajra_rotlo,bowl rotlooro,transliteration,en
food_auth_bajra_rotlo,2 bowls bajra rotlo,transliteration,en
food_auth_bajra_rotlo,1 glass bajra rotlo,transliteration,en
food_auth_bajra_rotlo,bajra no rrrrotlo,transliteration,en
food_auth_bajra_rotlo,baaajra no rotlo,transliteration,en
food_auth_bajra_rotlo,bajra rotttlo,transliteration,en
food_auth_bajra_rotlo,bsjra rotlo,transliteration,en
food_auth_bajra_rotlo,be rotlooro,transliteration,en
food_auth_bajra_rotlo,bajra no rotloooo,transliteration,en
food_auth_bajra_rotlo,barja rotlo,transliteration,en
food_auth_bajra_rotlo,barja no rotlo,transliteration,en
food_auth_bajra_rotlo,bajr roti,transliteration,en
food_auth_bajra_rotlo,bajra rotlo with jaggery,transliteration,en
food_auth_bajra_rotlo,bajrrrra roti,transliteration,en
food_auth_bajra_rotlo,bajra no rottttlo,transliteration,en
food_auth_bajra_rotlo,bajrar otlo,transliteration,en
food_auth_bajra_rotlo,barja roti,transliteration,en
food_auth_bajra_rotlo,bajra rotiiii,transliteration,en
food_auth_bajra_rotlo,bjara roti,transliteration,en
food_auth_bajra_rotlo,glass rotlooro,transliteration,en
food_auth_bajra_rotlo,ek katori bajra rotlo,transliteration,en
food_auth_bajra_rotlo,bajra rotttti,transliteration,en
food_auth_bajra_rotlo,bajra rti,transliteration,en
food_auth_bajra_rotlo,feeku non-spicy bajra rotlo,transliteration,en
food_auth_bajra_rotlo,ek cup bajra rotlo,transliteration,en
food_auth_bajra_rotlo,bajrrra roti,transliteration,en
food_auth_bajra_rotlo,bajra norotlo,transliteration,en
food_auth_bajra_rotlo,bajra mo rotlo,transliteration,en
food_auth_bajra_rotlo,bajra rptlo,transliteration,en
food_auth_bajra_rotlo,baaajra roti,transliteration,en
food_auth_bajra_rotlo,bajar roti,transliteration,en
food_auth_bajra_rotlo,bhajra rotlo,transliteration,en
food_auth_bajra_rotlo,bajra no rolto,transliteration,en
food_auth_bajra_rotlo,bhajra no rotlo,transliteration,en
food_auth_bajra_rotlo,bajra rrrrotlo,transliteration,en
food_auth_bajra_rotlo,bajrano rotlo,transliteration,en
food_auth_bajra_rotlo,bajraaaa rotlo,transliteration,en
food_auth_bajra_rotlo,baja roti,transliteration,en
food_auth_bajra_rotlo,ek bajra no rotlo,transliteration,en
food_auth_bajra_rotlo,bajra rpti,transliteration,en
food_auth_bajra_rotlo,5 pieces bajra rotlo,transliteration,en
food_auth_bajra_rotlo,bajar no rotlo,transliteration,en
food_auth_bajra_rotlo,bajta rotlo,transliteration,en
food_auth_bajra_rotlo,small bowl bajra rotlo,transliteration,en
food_auth_bajra_rotlo,baaaajra roti,transliteration,en
food_auth_bajra_rotlo,bajra rotlo air fried,transliteration,en
food_auth_bajra_rotlo,bajra no rotlooo,transliteration,en
food_auth_bajra_rotlo,baajraa no rotlo,transliteration,en
food_auth_bajra_rotlo,1 bowl bajra rotlo,transliteration,en
food_auth_bajra_rotlo,bajra rottti,transliteration,en
food_auth_bajra_rotlo,100ml bajra rotlo,transliteration,en
food_auth_bajra_rotlo,bajra rori,transliteration,en
food_auth_bajra_rotlo,3 pieces bajra rotlo,transliteration,en
food_auth_bajra_rotlo,2 katori bajra rotlo,transliteration,en
food_auth_bajra_rotlo,half glass bajra rotlo,transliteration,en
food_auth_bajra_rotlo,abjra roti,transliteration,en
food_auth_bajra_rotlo,250g bajra rotlo,transliteration,en
food_auth_bajra_rotlo,bajra roi,transliteration,en
food_auth_bajra_rotlo,bajra no roto,transliteration,en
food_auth_bajra_rotlo,bajra n rotlo,transliteration,en
food_auth_bajra_rotlo,bara roti,transliteration,en
food_auth_bajra_rotlo,200ml bajra rotlo,transliteration,en
food_auth_bajra_rotlo,tran rotlooro,transliteration,en
food_auth_bajra_rotlo,2 cups bajra rotlo,transliteration,en
food_auth_bajra_rotlo,bajra rotlo with butter,transliteration,en
food_auth_bajra_rotlo,bajra rotloooo,transliteration,en
food_auth_bajra_rotlo,bajra no rothlo,transliteration,en
food_auth_bajra_rotlo,bajra rotlo extra butter,transliteration,en
food_auth_bajra_rotlo,bajra oti,transliteration,en
food_auth_bajra_rotlo,bajra toti,transliteration,en
food_auth_bajra_rotlo,bajra no rotol,transliteration,en
food_auth_bajra_rotlo,bajra rrrroti,transliteration,en
food_auth_bajra_rotlo,be bajra rotlo,transliteration,en
food_auth_bajra_rotlo,bajra no rolo,transliteration,en
food_auth_bajra_rotlo,teen rotlooro,transliteration,en
food_auth_bajra_rotlo,bajra rotlo sweet,transliteration,en
food_auth_bajra_rotlo,bajra rrrotlo,transliteration,en
food_auth_bajra_rotlo,bajra rooootlo,transliteration,en
food_auth_bajra_rotlo,bajra rrroti,transliteration,en
food_auth_bajra_rotlo,1 cup bajra rotlo,transliteration,en
food_auth_bajra_rotlo,4 pieces bajra rotlo,transliteration,en
food_auth_bajra_rotlo,bara no rotlo,transliteration,en
food_auth_bajra_rotlo,baja no rotlo,transliteration,en
food_auth_bajra_rotlo,bajra rothlo,transliteration,en
food_auth_bajra_rotlo,bajta no rotlo,transliteration,en
food_auth_bajra_rotlo,bajra rotlo whole wheat,transliteration,en
food_auth_bajra_rotlo,be bajra no rotlo,transliteration,en
food_auth_bajra_rotlo,bajra rotlo shallow fried,transliteration,en
food_auth_bajra_rotlo,bajra roootlo,transliteration,en
food_auth_bajra_rotlo,bajraaaa no rotlo,transliteration,en
food_auth_bajra_rotlo,bajrs roti,transliteration,en
food_auth_bajra_rotlo,bajra rotlo steamed,transliteration,en
food_auth_bajra_rotlo,rotlooro,transliteration,en
food_auth_bajra_rotlo,bajra rotlo sugar free,transliteration,en
food_auth_bajra_rotlo,ek bajra rotlo,transliteration,en
food_auth_bajra_rotlo,bajra noooo rotlo,transliteration,en
food_auth_bajra_rotlo,bajra rooooti,transliteration,en
food_auth_bajra_rotlo,bajra orti,transliteration,en
food_auth_bajra_rotlo,bajra rolo,transliteration,en
food_auth_bajra_rotlo,bajra rotlo deep fried,transliteration,en
food_auth_bajra_rotlo,tran bajra no rotlo,transliteration,en
food_auth_bajra_rotlo,bjra rotlo,transliteration,en
food_auth_bajra_rotlo,bajra rotlo boiled,transliteration,en
food_7951130d,methiii thepla,transliteration,en
food_7951130d,nethi thepla,transliteration,en
food_7951130d,methi thepla tadka,transliteration,en
food_7951130d,methi thepla extra butter,transliteration,en
food_7951130d,be vaati methi thepla,transliteration,en
food_7951130d,methi theeepla,transliteration,en
food_7951130d,methi thepa,transliteration,en
food_7951130d,250ml methi thepla,transliteration,en
food_7951130d,methi thpla,transliteration,en
food_7951130d,ek theplachai,transliteration,en
food_7951130d,methi thepla steamed,transliteration,en
food_7951130d,ek cup methi thepla,transliteration,en
food_7951130d,meti tepla,transliteration,en
food_7951130d,methi theeeepla,transliteration,en
food_7951130d,big bowl methi thepla,transliteration,en
food_7951130d,2 theplachai,transliteration,en
food_7951130d,methi thepla dry,transliteration,en
food_7951130d,methi thepls,transliteration,en
food_7951130d,ek theplachaas,transliteration,en
food_7951130d,2 theplachaas,transliteration,en
food_7951130d,methi tehpla,transliteration,en
food_7951130d,metih thepla,transliteration,en
food_7951130d,be methi thepla,transliteration,en
food_7951130d,methi thepla mild,transliteration,en
food_7951130d,methi thepla with chaas,transliteration,en
food_7951130d,2 cups methi thepla,transliteration,en
food_7951130d,methi tttthepla,transliteration,en
food_7951130d,methy thepla,transliteration,en
food_7951130d,be theplachai,transliteration,en
food_7951130d,methi thepla ane chaas,transliteration,en
food_7951130d,methi thepla gravy,transliteration,en
food_7951130d,5 pieces methi thepla,transliteration,en
food_7951130d,200ml methi thepla,transliteration,en
food_7951130d,methi thwpla,transliteration,en
food_7951130d,theplachai,transliteration,en
food_7951130d,tran methi thepla,transliteration,en
food_7951130d,mettthi thepla,transliteration,en
food_7951130d,3 pieces methi thepla,transliteration,en
food_7951130d,methi thepla without ghee,transliteration,en
food_7951130d,2 glasses methi thepla,transliteration,en
food_7951130d,tran theplachaas,transliteration,en
food_7951130d,1 theplachai,transliteration,en
food_7951130d,ek methi thepla,transliteration,en
food_7951130d,methi ttthepla,transliteration,en
food_7951130d,methi tepla,transliteration,en
food_7951130d,meth ithepla,transliteration,en
food_7951130d,mehi thepla,transliteration,en
food_7951130d,mehti thepla,transliteration,en
food_7951130d,methi thepal,transliteration,en
food_7951130d,meeethi thepla,transliteration,en
food_7951130d,teen theplachaas,transliteration,en
food_7951130d,mwthi thepla,transliteration,en
food_7951130d,merhi thepla,transliteration,en
food_7951130d,500g methi thepla,transliteration,en
food_7951130d,ek vaati methi thepla,transliteration,en
food_7951130d,bowl theplachaas,transliteration,en
food_7951130d,methi hepla,transliteration,en
food_7951130d,methi thela,transliteration,en
food_7951130d,methi theplaaaa,transliteration,en
food_7951130d,methit hepla,transliteration,en
food_7951130d,glass theplachai,transliteration,en
food_7951130d,meth thepla,transliteration,en
food_7951130d,2 katori methi thepla,transliteration,en
food_7951130d,1 glass methi thepla,transliteration,en
food_7951130d,methi thepla sathe chaas,transliteration,en
food_7951130d,1 cup methi thepla,transliteration,en
food_7951130d,methi thepla sugar free,transliteration,en
food_7951130d,methithepla,transliteration,en
food_7951130d,glass theplachaas,transliteration,en
food_7951130d,2 pieces methi thepla,transliteration,en
food_7951130d,200g methi thepla,transliteration,en
food_7951130d,1 bowl methi thepla,transliteration,en
food_7951130d,methi thepla whole wheat,transliteration,en
food_7951130d,methi thepla shallow fried,transliteration,en
food_7951130d,mtehi thepla,transliteration,en
food_7951130d,methiiii thepla,transliteration,en
food_7951130d,3 theplachaas,transliteration,en
food_7951130d,3 theplachai,transliteration,en
food_7951130d,150g methi thepla,transliteration,en
food_7951130d,theplachaas,transliteration,en
food_7951130d,methi rhepla,transliteration,en
food_7951130d,250g methi thepla,transliteration,en
food_7951130d,be theplachaas,transliteration,en
food_7951130d,mmmmethi thepla,transliteration,en
food_7951130d,2 bowls methi thepla,transliteration,en
food_7951130d,methi thepla and chaas,transliteration,en
food_7951130d,methi thepla boiled,transliteration,en
food_7951130d,methi thepla spicy,transliteration,en
food_7951130d,100g methi thepla,transliteration,en
food_7951130d,feeku non-spicy methi thepla,transliteration,en
food_7951130d,meti thepla,transliteration,en
food_7951130d,metho thepla,transliteration,en
food_7951130d,methi thepla air fried,transliteration,en
food_7951130d,mmmethi thepla,transliteration,en
food_7951130d,50g methi thepla,transliteration,en
food_7951130d,methi theplaaa,transliteration,en
food_7951130d,1 katori methi thepla,transliteration,en
food_7951130d,methi thepla jain,transliteration,en
food_7951130d,methi thepla aur chaas,transliteration,en
food_7951130d,small bowl methi thepla,transliteration,en
food_7951130d,100ml methi thepla,transliteration,en
food_7951130d,do theplachaas,transliteration,en
food_7951130d,methhi thhepla,transliteration,en
food_7951130d,mthi thepla,transliteration,en
food_7951130d,do theplachai,transliteration,en
food_7951130d,meeeethi thepla,transliteration,en
food_7951130d,methi htepla,transliteration,en
food_7951130d,bowl theplachai,transliteration,en
food_7951130d,metttthi thepla,transliteration,en
food_7951130d,methi thepla with ghee,transliteration,en
food_7951130d,teen theplachai,transliteration,en
food_7951130d,panch methi thepla,transliteration,en
food_7951130d,tran theplachai,transliteration,en
food_7951130d,1 theplachaas,transliteration,en
food_7951130d,half glass methi thepla,transliteration,en
food_7951130d,1 piece methi thepla,transliteration,en
food_7951130d,char methi thepla,transliteration,en
food_7951130d,methi thepla deep fried,transliteration,en
food_7951130d,methee thepla,transliteration,en
food_7951130d,methi thepla multigrain,transliteration,en
food_7951130d,emthi thepla,transliteration,en
food_7951130d,methi thepla with jaggery,transliteration,en
food_7951130d,methi thepla with butter,transliteration,en
food_7951130d,methi theola,transliteration,en
food_7951130d,ek glass methi thepla,transliteration,en
food_7951130d,methi thpela,transliteration,en
food_7951130d,500ml methi thepla,transliteration,en
food_7951130d,4 pieces methi thepla,transliteration,en
food_7951130d,ek katori methi thepla,transliteration,en
food_7951130d,methi thelpa,transliteration,en
food_7951130d,methi thepla roasted,transliteration,en
food_7951130d,methi thepla sweet,transliteration,en
food_auth_dudhi_thepla,dudhi theplaaaa,transliteration,en
food_auth_dudhi_thepla,50g dudhi thepla,transliteration,en
food_auth_dudhi_thepla,dudhi thepla without ghee,transliteration,en
food_auth_dudhi_thepla,lauki rhepla,transliteration,en
food_auth_dudhi_thepla,dudhi thepla dry,transliteration,en
food_auth_dudhi_thepla,dudhi theola,transliteration,en
food_auth_dudhi_thepla,dudhi thepla tadka,transliteration,en
food_auth_dudhi_thepla,be vaati dudhi thepla,transliteration,en
food_auth_dudhi_thepla,laukhi thepla,transliteration,en
food_auth_dudhi_thepla,laaauki thepla,transliteration,en
food_auth_dudhi_thepla,laki thepla,transliteration,en
food_auth_dudhi_thepla,dudhi thepla shallow fried,transliteration,en
food_auth_dudhi_thepla,dduhi thepla,transliteration,en
food_auth_dudhi_thepla,150g dudhi thepla,transliteration,en
food_auth_dudhi_thepla,dudhi theplaa,transliteration,en
food_auth_dudhi_thepla,lauki hepla,transliteration,en
food_auth_dudhi_thepla,100ml dudhi thepla,transliteration,en
food_auth_dudhi_thepla,dudih thepla,transliteration,en
food_auth_dudhi_thepla,laauki theplaa,transliteration,en
food_auth_dudhi_thepla,dudhi thepls,transliteration,en
food_auth_dudhi_thepla,lauki ttthepla,transliteration,en
food_auth_dudhi_thepla,dudhy thepla,transliteration,en
food_auth_dudhi_thepla,dudhi ttthepla,transliteration,en
food_auth_dudhi_thepla,lauki theeeepla,transliteration,en
food_auth_dudhi_thepla,dudhi thepla multigrain,transliteration,en
food_auth_dudhi_thepla,lauki thela,transliteration,en
food_auth_dudhi_thepla,2 pieces dudhi thepla,transliteration,en
food_auth_dudhi_thepla,sudhi thepla,transliteration,en
food_auth_dudhi_thepla,1 piece dudhi thepla,transliteration,en
food_auth_dudhi_thepla,5 pieces dudhi thepla,transliteration,en
food_auth_dudhi_thepla,dddudhi thepla,transliteration,en
food_auth_dudhi_thepla,lakui thepla,transliteration,en
food_auth_dudhi_thepla,ek glass dudhi thepla,transliteration,en
food_auth_dudhi_thepla,lauuuuki thepla,transliteration,en
food_auth_dudhi_thepla,duuuudhi thepla,transliteration,en
food_auth_dudhi_thepla,ek dudhi thepla,transliteration,en
food_auth_dudhi_thepla,lauko thepla,transliteration,en
food_auth_dudhi_thepla,laooki thepla,transliteration,en
food_auth_dudhi_thepla,lauki thepal,transliteration,en
food_auth_dudhi_thepla,ek vaati dudhi thepla,transliteration,en
food_auth_dudhi_thepla,lauji thepla,transliteration,en
food_auth_dudhi_thepla,dudddhi thepla,transliteration,en
food_auth_dudhi_thepla,laukithepla,transliteration,en
food_auth_dudhi_thepla,1 katori dudhi thepla,transliteration,en
food_auth_dudhi_thepla,lauki tehpla,transliteration,en
food_auth_dudhi_thepla,laukiii thepla,transliteration,en
food_auth_dudhi_thepla,dudhi tehpla,transliteration,en
food_auth_dudhi_thepla,250g dudhi thepla,transliteration,en
food_auth_dudhi_thepla,250ml dudhi thepla,transliteration,en
food_auth_dudhi_thepla,dudhi hepla,transliteration,en
food_auth_dudhi_thepla,dudhi thepla with jaggery,transliteration,en
food_auth_dudhi_thepla,duhdi thepla,transliteration,en
food_auth_dudhi_thepla,dudhi rhepla,transliteration,en
food_auth_dudhi_thepla,feeku non-spicy dudhi thepla,transliteration,en
food_auth_dudhi_thepla,lauki theplaaa,transliteration,en
food_auth_dudhi_thepla,uddhi thepla,transliteration,en
food_auth_dudhi_thepla,lauuuki thepla,transliteration,en
food_auth_dudhi_thepla,dudhi thepla boiled,transliteration,en
food_auth_dudhi_thepla,laukiiii thepla,transliteration,en
food_auth_dudhi_thepla,dudhi thepla sugar free,transliteration,en
food_auth_dudhi_thepla,200g dudhi thepla,transliteration,en
food_auth_dudhi_thepla,2 katori dudhi thepla,transliteration,en
food_auth_dudhi_thepla,dudhiiii thepla,transliteration,en
food_auth_dudhi_thepla,laui thepla,transliteration,en
food_auth_dudhi_thepla,aluki thepla,transliteration,en
food_auth_dudhi_thepla,duddddhi thepla,transliteration,en
food_auth_dudhi_thepla,dudhi thepla extra butter,transliteration,en
food_auth_dudhi_thepla,dudhi thepla mild,transliteration,en
food_auth_dudhi_thepla,lauki thpela,transliteration,en
food_auth_dudhi_thepla,dudhi thpela,transliteration,en
food_auth_dudhi_thepla,4 pieces dudhi thepla,transliteration,en
food_auth_dudhi_thepla,dudhi thhepla,transliteration,en
food_auth_dudhi_thepla,2 glasses dudhi thepla,transliteration,en
food_auth_dudhi_thepla,dudhi thelpa,transliteration,en
food_auth_dudhi_thepla,dudhi thepla gravy,transliteration,en
food_auth_dudhi_thepla,dudhi thepal,transliteration,en
food_auth_dudhi_thepla,lauki theplaaaa,transliteration,en
food_auth_dudhi_thepla,big bowl dudhi thepla,transliteration,en
food_auth_dudhi_thepla,dudhi thepla air fried,transliteration,en
food_auth_dudhi_thepla,dudhithepla,transliteration,en
food_auth_dudhi_thepla,dudhiii thepla,transliteration,en
food_auth_dudhi_thepla,dudhi thepla whole wheat,transliteration,en
food_auth_dudhi_thepla,luki thepla,transliteration,en
food_auth_dudhi_thepla,laukee thepla,transliteration,en
food_auth_dudhi_thepla,lauki thpla,transliteration,en
food_auth_dudhi_thepla,dudhi thepla with ghee,transliteration,en
food_auth_dudhi_thepla,ek katori dudhi thepla,transliteration,en
food_auth_dudhi_thepla,dudhi tttthepla,transliteration,en
food_auth_dudhi_thepla,lauki tepla,transliteration,en
food_auth_dudhi_thepla,dudhi thepla spicy,transliteration,en
food_auth_dudhi_thepla,lsuki thepla,transliteration,en
food_auth_dudhi_thepla,lauki tttthepla,transliteration,en
food_auth_dudhi_thepla,dudhi theeeepla,transliteration,en
food_auth_dudhi_thepla,dudho thepla,transliteration,en
food_auth_dudhi_thepla,dudhi thepla sweet,transliteration,en
food_auth_dudhi_thepla,dudhi thwpla,transliteration,en
food_auth_dudhi_thepla,lauki thepls,transliteration,en
food_auth_dudhi_thepla,dudhi theplaaa,transliteration,en
food_auth_dudhi_thepla,dhudhhi thepla,transliteration,en
food_auth_dudhi_thepla,1 cup dudhi thepla,transliteration,en
food_auth_dudhi_thepla,doodhi thepla,transliteration,en
food_auth_dudhi_thepla,1 glass dudhi thepla,transliteration,en
food_auth_dudhi_thepla,char dudhi thepla,transliteration,en
food_auth_dudhi_thepla,ddhi thepla,transliteration,en
food_auth_dudhi_thepla,dudh ithepla,transliteration,en
food_auth_dudhi_thepla,duhi thepla,transliteration,en
food_auth_dudhi_thepla,dudhi thepa,transliteration,en
food_auth_dudhi_thepla,duuudhi thepla,transliteration,en
food_auth_dudhi_thepla,dudhi tepla,transliteration,en
food_auth_dudhi_thepla,dudhi thpla,transliteration,en
food_auth_dudhi_thepla,lauki theola,transliteration,en
food_auth_dudhi_thepla,2 bowls dudhi thepla,transliteration,en
food_auth_dudhi_thepla,dudhee thepla,transliteration,en
food_auth_dudhi_thepla,200ml dudhi thepla,transliteration,en
food_auth_dudhi_thepla,luaki thepla,transliteration,en
food_auth_dudhi_thepla,500g dudhi thepla,transliteration,en
food_auth_dudhi_thepla,lauk ithepla,transliteration,en
food_auth_dudhi_thepla,dudhit hepla,transliteration,en
food_auth_dudhi_thepla,dudhi thepla deep fried,transliteration,en
food_auth_dudhi_thepla,dudhi thepla with butter,transliteration,en
food_auth_dudhi_thepla,dudhi htepla,transliteration,en
food_auth_dudhi_thepla,lauk thepla,transliteration,en
food_auth_dudhi_thepla,100g dudhi thepla,transliteration,en
food_auth_dudhi_thepla,dushi thepla,transliteration,en
food_auth_dudhi_thepla,lauki htepla,transliteration,en
food_auth_dudhi_thepla,3 pieces dudhi thepla,transliteration,en
food_auth_dudhi_thepla,lauki thhepla,transliteration,en
food_auth_dudhi_thepla,lauik thepla,transliteration,en
food_auth_dudhi_thepla,half glass dudhi thepla,transliteration,en
food_auth_dudhi_thepla,dudhi thepla roasted,transliteration,en
food_auth_dudhi_thepla,ek cup dudhi thepla,transliteration,en
food_auth_dudhi_thepla,dudhi thela,transliteration,en
food_auth_dudhi_thepla,dudhi thepla jain,transliteration,en
food_auth_dudhi_thepla,tran dudhi thepla,transliteration,en
food_auth_dudhi_thepla,dudhi theeepla,transliteration,en
food_auth_dudhi_thepla,laaaauki thepla,transliteration,en
food_auth_dudhi_thepla,ddddudhi thepla,transliteration,en
food_auth_dudhi_thepla,panch dudhi thepla,transliteration,en
food_auth_dudhi_thepla,lauki thelpa,transliteration,en
food_auth_dudhi_thepla,dudh thepla,transliteration,en
food_auth_dudhi_thepla,lauki thwpla,transliteration,en
food_auth_dudhi_thepla,laukit hepla,transliteration,en
food_auth_dudhi_thepla,2 cups dudhi thepla,transliteration,en
food_auth_dudhi_thepla,be dudhi thepla,transliteration,en
food_auth_dudhi_thepla,lauky thepla,transliteration,en
food_auth_dudhi_thepla,dudhi thepla steamed,transliteration,en
food_auth_dudhi_thepla,lauki theeepla,transliteration,en
food_auth_dudhi_thepla,dudi thepla,transliteration,en
food_auth_dudhi_thepla,500ml dudhi thepla,transliteration,en
food_auth_dudhi_thepla,1 bowl dudhi thepla,transliteration,en
food_auth_dudhi_thepla,lauki thepa,transliteration,en
food_auth_dudhi_thepla,small bowl dudhi thepla,transliteration,en
food_7d6c3581,1 piece aloo paratha,transliteration,en
food_7d6c3581,be bataka paratha,transliteration,en
food_7d6c3581,aolo paratha,transliteration,en
food_7d6c3581,aloo paratha with curd,transliteration,en
food_7d6c3581,batttaka paratha,transliteration,en
food_7d6c3581,aloo paratha extra butter,transliteration,en
food_7d6c3581,aloo paratha whole wheat,transliteration,en
food_7d6c3581,bataka partaha,transliteration,en
food_7d6c3581,2 bowls aloo paratha,transliteration,en
food_7d6c3581,aloo patatha,transliteration,en
food_7d6c3581,be vaati bataka paratha,transliteration,en
food_7d6c3581,alo oparatha,transliteration,en
food_7d6c3581,aloo paratha with butter,transliteration,en
food_7d6c3581,500ml aloo paratha,transliteration,en
food_7d6c3581,aloo parahta,transliteration,en
food_7d6c3581,aloo paaaratha,transliteration,en
food_7d6c3581,baaaataka paratha,transliteration,en
food_7d6c3581,aloo paratha air fried,transliteration,en
food_7d6c3581,bataka oaratha,transliteration,en
food_7d6c3581,batakaaaa paratha,transliteration,en
food_7d6c3581,aloo paratha boiled,transliteration,en
food_7d6c3581,panch aloo paratha,transliteration,en
food_7d6c3581,batka paratha,transliteration,en
food_7d6c3581,aloo paratha steamed,transliteration,en
food_7d6c3581,sloo paratha,transliteration,en
food_7d6c3581,5 pieces aloo paratha,transliteration,en
food_7d6c3581,ek glass aloo paratha,transliteration,en
food_7d6c3581,bataka partha,transliteration,en
food_7d6c3581,aloo paraaaatha,transliteration,en
food_7d6c3581,aloo paratha with ghee,transliteration,en
food_7d6c3581,bataka paaaratha,transliteration,en
food_7d6c3581,50g aloo paratha,transliteration,en
food_7d6c3581,bataka parata,transliteration,en
food_7d6c3581,bataka parrratha,transliteration,en
food_7d6c3581,200g aloo paratha,transliteration,en
food_7d6c3581,bataka paraaaatha,transliteration,en
food_7d6c3581,ek aloo paratha,transliteration,en
food_7d6c3581,aloooo paratha,transliteration,en
food_7d6c3581,1 glass aloo paratha,transliteration,en
food_7d6c3581,250g aloo paratha,transliteration,en
food_7d6c3581,alu paratha,transliteration,en
food_7d6c3581,bataka parathaaa,transliteration,en
food_7d6c3581,aloo paraaatha,transliteration,en
food_7d6c3581,aloo paratha and curd,transliteration,en
food_7d6c3581,be vaati aloo paratha,transliteration,en
food_7d6c3581,baraka paratha,transliteration,en
food_7d6c3581,aloo paratha aur curd,transliteration,en
food_7d6c3581,1 bowl aloo paratha,transliteration,en
food_7d6c3581,aloo paratha spicy,transliteration,en
food_7d6c3581,aaloo paaraathaa,transliteration,en
food_7d6c3581,aoo paratha,transliteration,en
food_7d6c3581,aloo parathaaaa,transliteration,en
food_7d6c3581,aloo paratha shallow fried,transliteration,en
food_7d6c3581,aloo partaha,transliteration,en
food_7d6c3581,bataka praatha,transliteration,en
food_7d6c3581,tran aloo paratha,transliteration,en
food_7d6c3581,aloo paratha jain,transliteration,en
food_7d6c3581,aaaaloo paratha,transliteration,en
food_7d6c3581,alpo paratha,transliteration,en
food_7d6c3581,aloo paartha,transliteration,en
food_7d6c3581,aloo aratha,transliteration,en
food_7d6c3581,100ml aloo paratha,transliteration,en
food_7d6c3581,bataka parattttha,transliteration,en
food_7d6c3581,laoo paratha,transliteration,en
food_7d6c3581,bathaka parathha,transliteration,en
food_7d6c3581,abtaka paratha,transliteration,en
food_7d6c3581,bataka parathaaaa,transliteration,en
food_7d6c3581,battttaka paratha,transliteration,en
food_7d6c3581,aloop aratha,transliteration,en
food_7d6c3581,ek vaati bataka paratha,transliteration,en
food_7d6c3581,ek vaati aloo paratha,transliteration,en
food_7d6c3581,big bowl aloo paratha,transliteration,en
food_7d6c3581,char aloo paratha,transliteration,en
food_7d6c3581,bataka paaaaratha,transliteration,en
food_7d6c3581,btaka paratha,transliteration,en
food_7d6c3581,bataka paartha,transliteration,en
food_7d6c3581,4 pieces aloo paratha,transliteration,en
food_7d6c3581,bataka paratttha,transliteration,en
food_7d6c3581,aloo apratha,transliteration,en
food_7d6c3581,alo paratha,transliteration,en
food_7d6c3581,bataka paraha,transliteration,en
food_7d6c3581,bataka parstha,transliteration,en
food_7d6c3581,bataks paratha,transliteration,en
food_7d6c3581,1 cup aloo paratha,transliteration,en
food_7d6c3581,alooparatha,transliteration,en
food_7d6c3581,bataka pratha,transliteration,en
food_7d6c3581,ek katori aloo paratha,transliteration,en
food_7d6c3581,aloo parathaaa,transliteration,en
food_7d6c3581,bataaaaka paratha,transliteration,en
food_7d6c3581,batak aparatha,transliteration,en
food_7d6c3581,batakaparatha,transliteration,en
food_7d6c3581,250ml aloo paratha,transliteration,en
food_7d6c3581,aloo paratha sugar free,transliteration,en
food_7d6c3581,aaaloo paratha,transliteration,en
food_7d6c3581,bataka apratha,transliteration,en
food_7d6c3581,aloo paraha,transliteration,en
food_7d6c3581,alooooo paratha,transliteration,en
food_7d6c3581,bataka paratah,transliteration,en
food_7d6c3581,aloo parrrratha,transliteration,en
food_7d6c3581,ek bataka paratha,transliteration,en
food_7d6c3581,aloo paratttha,transliteration,en
food_7d6c3581,200ml aloo paratha,transliteration,en
food_7d6c3581,batkaa paratha,transliteration,en
food_7d6c3581,500g aloo paratha,transliteration,en
food_7d6c3581,bhataka paratha,transliteration,en
food_7d6c3581,half glass aloo paratha,transliteration,en
food_7d6c3581,150g aloo paratha,transliteration,en
food_7d6c3581,alop paratha,transliteration,en
food_7d6c3581,aloo paratha sweet,transliteration,en
food_7d6c3581,2 pieces aloo paratha,transliteration,en
food_7d6c3581,baatka paratha,transliteration,en
food_7d6c3581,aloo paatha,transliteration,en
food_7d6c3581,aloo partha,transliteration,en
food_7d6c3581,1 katori aloo paratha,transliteration,en
food_7d6c3581,ek glass bataka paratha,transliteration,en
food_7d6c3581,tran bataka paratha,transliteration,en
food_7d6c3581,baataakaa paaraathaa,transliteration,en
food_7d6c3581,2 glasses aloo paratha,transliteration,en
food_7d6c3581,be aloo paratha,transliteration,en
food_7d6c3581,bataa paratha,transliteration,en
food_7d6c3581,bataka patatha,transliteration,en
food_7d6c3581,small bowl aloo paratha,transliteration,en
food_7d6c3581,bataak paratha,transliteration,en
food_7d6c3581,batska paratha,transliteration,en
food_7d6c3581,aloo paratha multigrain,transliteration,en
food_7d6c3581,aloo paaaaratha,transliteration,en
food_7d6c3581,feeku non-spicy aloo paratha,transliteration,en
food_7d6c3581,aloo paratha dry,transliteration,en
food_7d6c3581,aloo paraths,transliteration,en
food_7d6c3581,aloo paratah,transliteration,en
food_7d6c3581,bataka aratha,transliteration,en
food_7d6c3581,aloo parathha,transliteration,en
food_7d6c3581,aloo pratha,transliteration,en
food_7d6c3581,aloo parata,transliteration,en
food_7d6c3581,aloo psratha,transliteration,en
food_7d6c3581,aloo parattttha,transliteration,en
food_7d6c3581,ek cup aloo paratha,transliteration,en
food_7d6c3581,batakap aratha,transliteration,en
food_7d6c3581,aloo paratha tadka,transliteration,en
food_7d6c3581,aloo paratha gravy,transliteration,en
food_7d6c3581,batakaaa paratha,transliteration,en
food_7d6c3581,aloo paratha deep fried,transliteration,en
food_7d6c3581,aloo paratha without ghee,transliteration,en
food_7d6c3581,bataka paraths,transliteration,en
food_7d6c3581,baaka paratha,transliteration,en
food_7d6c3581,aloo parrratha,transliteration,en
food_7d6c3581,bstaka paratha,transliteration,en
food_7d6c3581,2 cups aloo paratha,transliteration,en
food_7d6c3581,bataka pararha,transliteration,en
food_7d6c3581,bataka paraaatha,transliteration,en
food_7d6c3581,100g aloo paratha,transliteration,en
food_7d6c3581,aloo praatha,transliteration,en
food_7d6c3581,2 katori aloo paratha,transliteration,en
food_7d6c3581,batak paratha,transliteration,en
food_7d6c3581,baaataka paratha,transliteration,en
food_7d6c3581,aloo oaratha,transliteration,en
food_7d6c3581,bataaaka paratha,transliteration,en
food_7d6c3581,aloo pararha,transliteration,en
food_7d6c3581,bataka parahta,transliteration,en
food_7d6c3581,aloo paratha sathe curd,transliteration,en
food_7d6c3581,btaaka paratha,transliteration,en
food_7d6c3581,ek cup bataka paratha,transliteration,en
food_7d6c3581,bataka parrrratha,transliteration,en
food_7d6c3581,aloo paratha roasted,transliteration,en
food_7d6c3581,aloo paratha with jaggery,transliteration,en
food_7d6c3581,3 pieces aloo paratha,transliteration,en
food_7d6c3581,bataja paratha,transliteration,en
food_7d6c3581,bataka psratha,transliteration,en
food_7d6c3581,aloo parstha,transliteration,en
food_7d6c3581,ek katori bataka paratha,transliteration,en
food_7d6c3581,aloo paratha mild,transliteration,en
food_7d6c3581,batakha paratha,transliteration,en
food_7d6c3581,aloo paratha ane curd,transliteration,en
food_7d6c3581,bataka paatha,transliteration,en
food_auth_paneer_paratha,1 katori paneer paratha,transliteration,en
food_auth_paneer_paratha,2 cups paneer paratha,transliteration,en
food_auth_paneer_paratha,1 cup paneer paratha,transliteration,en
food_auth_paneer_paratha,paneer paratha air fried,transliteration,en
food_auth_paneer_paratha,250g paneer paratha,transliteration,en
food_auth_paneer_paratha,paneer paaaratha,transliteration,en
food_auth_paneer_paratha,paneer paatha,transliteration,en
food_auth_paneer_paratha,paaneer paaraathaa,transliteration,en
food_auth_paneer_paratha,paneer paratha mild,transliteration,en
food_auth_paneer_paratha,200g paneer paratha,transliteration,en
food_auth_paneer_paratha,paneer paratha with jaggery,transliteration,en
food_auth_paneer_paratha,paneer parrrratha,transliteration,en
food_auth_paneer_paratha,2 bowls paneer paratha,transliteration,en
food_auth_paneer_paratha,small bowl paneer paratha,transliteration,en
food_auth_paneer_paratha,paneeeer paratha,transliteration,en
food_auth_paneer_paratha,paneer paratha sugar free,transliteration,en
food_auth_paneer_paratha,paneerparatha,transliteration,en
food_auth_paneer_paratha,pannneer paratha,transliteration,en
food_auth_paneer_paratha,paneer aratha,transliteration,en
food_auth_paneer_paratha,150g paneer paratha,transliteration,en
food_auth_paneer_paratha,paneer paratha jain,transliteration,en
food_auth_paneer_paratha,be vaati paneer paratha,transliteration,en
food_auth_paneer_paratha,paneet paratha,transliteration,en
food_auth_paneer_paratha,1 glass paneer paratha,transliteration,en
food_auth_paneer_paratha,paneer parstha,transliteration,en
food_auth_paneer_paratha,panee paratha,transliteration,en
food_auth_paneer_paratha,panewr paratha,transliteration,en
food_auth_paneer_paratha,ek vaati paneer paratha,transliteration,en
food_auth_paneer_paratha,paneer paraths,transliteration,en
food_auth_paneer_paratha,5 pieces paneer paratha,transliteration,en
food_auth_paneer_paratha,feeku non-spicy paneer paratha,transliteration,en
food_auth_paneer_paratha,paneerp aratha,transliteration,en
food_auth_paneer_paratha,1 bowl paneer paratha,transliteration,en
food_auth_paneer_paratha,ek katori paneer paratha,transliteration,en
food_auth_paneer_paratha,paneer parata,transliteration,en
food_auth_paneer_paratha,ek paneer paratha,transliteration,en
food_auth_paneer_paratha,50g paneer paratha,transliteration,en
food_auth_paneer_paratha,big bowl paneer paratha,transliteration,en
food_auth_paneer_paratha,250ml paneer paratha,transliteration,en
food_auth_paneer_paratha,paneer paratha spicy,transliteration,en
food_auth_paneer_paratha,ek cup paneer paratha,transliteration,en
food_auth_paneer_paratha,paneer paratha with ghee,transliteration,en
food_auth_paneer_paratha,paneer parathaaa,transliteration,en
food_auth_paneer_paratha,pnaeer paratha,transliteration,en
food_auth_paneer_paratha,paneer paratha steamed,transliteration,en
food_auth_paneer_paratha,paneer parrratha,transliteration,en
food_auth_paneer_paratha,panir paratha,transliteration,en
food_auth_paneer_paratha,panee rparatha,transliteration,en
food_auth_paneer_paratha,paneer paratah,transliteration,en
food_auth_paneer_paratha,panere paratha,transliteration,en
food_auth_paneer_paratha,2 katori paneer paratha,transliteration,en
food_auth_paneer_paratha,paneer patatha,transliteration,en
food_auth_paneer_paratha,paneer parathaaaa,transliteration,en
food_auth_paneer_paratha,100ml paneer paratha,transliteration,en
food_auth_paneer_paratha,paneer paratha tadka,transliteration,en
food_auth_paneer_paratha,paneer partaha,transliteration,en
food_auth_paneer_paratha,500ml paneer paratha,transliteration,en
food_auth_paneer_paratha,paneer paratha shallow fried,transliteration,en
food_auth_paneer_paratha,paneer praatha,transliteration,en
food_auth_paneer_paratha,paneer paratha boiled,transliteration,en
food_auth_paneer_paratha,paneer partha,transliteration,en
food_auth_paneer_paratha,paneer paratha with butter,transliteration,en
food_auth_paneer_paratha,paneer parathha,transliteration,en
food_auth_paneer_paratha,paneer paratha multigrain,transliteration,en
food_auth_paneer_paratha,3 pieces paneer paratha,transliteration,en
food_auth_paneer_paratha,paneer apratha,transliteration,en
food_auth_paneer_paratha,paneer paratha gravy,transliteration,en
food_auth_paneer_paratha,pneer paratha,transliteration,en
food_auth_paneer_paratha,paneer paratha sweet,transliteration,en
food_auth_paneer_paratha,paneer paratttha,transliteration,en
food_auth_paneer_paratha,paneer oaratha,transliteration,en
food_auth_paneer_paratha,paneer paratha without ghee,transliteration,en
food_auth_paneer_paratha,paneer paratha extra butter,transliteration,en
food_auth_paneer_paratha,paener paratha,transliteration,en
food_auth_paneer_paratha,4 pieces paneer paratha,transliteration,en
food_auth_paneer_paratha,100g paneer paratha,transliteration,en
food_auth_paneer_paratha,ek glass paneer paratha,transliteration,en
food_auth_paneer_paratha,psneer paratha,transliteration,en
food_auth_paneer_paratha,500g paneer paratha,transliteration,en
food_auth_paneer_paratha,paneeeeer paratha,transliteration,en
food_auth_paneer_paratha,1 piece paneer paratha,transliteration,en
food_auth_paneer_paratha,paneerrr paratha,transliteration,en
food_auth_paneer_paratha,paneer paratha roasted,transliteration,en
food_auth_paneer_paratha,panwer paratha,transliteration,en
food_auth_paneer_paratha,apneer paratha,transliteration,en
food_auth_paneer_paratha,paneerrrr paratha,transliteration,en
food_auth_paneer_paratha,paneer paratha whole wheat,transliteration,en
food_auth_paneer_paratha,paneer pratha,transliteration,en
food_auth_paneer_paratha,paneer parattttha,transliteration,en
food_auth_paneer_paratha,paneer paratha dry,transliteration,en
food_auth_paneer_paratha,paneer pararha,transliteration,en
food_auth_paneer_paratha,2 pieces paneer paratha,transliteration,en
food_auth_paneer_paratha,paneer paaaaratha,transliteration,en
food_auth_paneer_paratha,paneer paratha deep fried,transliteration,en
food_auth_paneer_paratha,pannnneer paratha,transliteration,en
food_auth_paneer_paratha,paneer parahta,transliteration,en
food_auth_paneer_paratha,200ml paneer paratha,transliteration,en
food_auth_paneer_paratha,char paneer paratha,transliteration,en
food_auth_paneer_paratha,panch paneer paratha,transliteration,en
food_auth_paneer_paratha,paeer paratha,transliteration,en
food_auth_paneer_paratha,paneer paartha,transliteration,en
food_auth_paneer_paratha,paneer psratha,transliteration,en
food_auth_paneer_paratha,be paneer paratha,transliteration,en
food_auth_paneer_paratha,paneer paraaaatha,transliteration,en
food_auth_paneer_paratha,half glass paneer paratha,transliteration,en
food_auth_paneer_paratha,paaaneer paratha,transliteration,en
food_auth_paneer_paratha,2 glasses paneer paratha,transliteration,en
food_auth_paneer_paratha,oaneer paratha,transliteration,en
food_auth_paneer_paratha,pameer paratha,transliteration,en
food_auth_paneer_paratha,paneer paraaatha,transliteration,en
food_auth_paneer_paratha,tran paneer paratha,transliteration,en
food_auth_paneer_paratha,paneer paraha,transliteration,en
food_auth_paneer_paratha,paaaaneer paratha,transliteration,en
food_auth_paneer_paratha,paner paratha,transliteration,en
food_auth_gobi_paratha,kobij apratha,transliteration,en
food_auth_gobi_paratha,ek katori gobi paratha,transliteration,en
food_auth_gobi_paratha,2 katori gobi paratha,transliteration,en
food_auth_gobi_paratha,gobi paratha tadka,transliteration,en
food_auth_gobi_paratha,100ml gobi paratha,transliteration,en
food_auth_gobi_paratha,kobij parathaaa,transliteration,en
food_auth_gobi_paratha,kobhij paratha,transliteration,en
food_auth_gobi_paratha,gobi paratha with jaggery,transliteration,en
food_auth_gobi_paratha,kobij parrratha,transliteration,en
food_auth_gobi_paratha,gobi parathha,transliteration,en
food_auth_gobi_paratha,gobi paratha multigrain,transliteration,en
food_auth_gobi_paratha,gobi paratha steamed,transliteration,en
food_auth_gobi_paratha,1 glass gobi paratha,transliteration,en
food_auth_gobi_paratha,gobi paratha shallow fried,transliteration,en
food_auth_gobi_paratha,kobiiij paratha,transliteration,en
food_auth_gobi_paratha,gobi aratha,transliteration,en
food_auth_gobi_paratha,gobi parahta,transliteration,en
food_auth_gobi_paratha,gobi paratha extra butter,transliteration,en
food_auth_gobi_paratha,ek vaati gobi paratha,transliteration,en
food_auth_gobi_paratha,goooobi paratha,transliteration,en
food_auth_gobi_paratha,kobij paatha,transliteration,en
food_auth_gobi_paratha,2 cups gobi paratha,transliteration,en
food_auth_gobi_paratha,1 cup gobi paratha,transliteration,en
food_auth_gobi_paratha,gobi paaraathaa,transliteration,en
food_auth_gobi_paratha,kobij parata,transliteration,en
food_auth_gobi_paratha,kobij parattttha,transliteration,en
food_auth_gobi_paratha,be kobij paratha,transliteration,en
food_auth_gobi_paratha,half glass gobi paratha,transliteration,en
food_auth_gobi_paratha,goi paratha,transliteration,en
food_auth_gobi_paratha,gobi pratha,transliteration,en
food_auth_gobi_paratha,gobi oaratha,transliteration,en
food_auth_gobi_paratha,okbij paratha,transliteration,en
food_auth_gobi_paratha,kboij paratha,transliteration,en
food_auth_gobi_paratha,kobij paratah,transliteration,en
food_auth_gobi_paratha,gob paratha,transliteration,en
food_auth_gobi_paratha,gpbi paratha,transliteration,en
food_auth_gobi_paratha,gboi paratha,transliteration,en
food_auth_gobi_paratha,2 glasses gobi paratha,transliteration,en
food_auth_gobi_paratha,char gobi paratha,transliteration,en
food_auth_gobi_paratha,kobij parathaaaa,transliteration,en
food_auth_gobi_paratha,kobij paaraathaa,transliteration,en
food_auth_gobi_paratha,gobi parathaaa,transliteration,en
food_auth_gobi_paratha,kobij paaaratha,transliteration,en
food_auth_gobi_paratha,gobi parattttha,transliteration,en
food_auth_gobi_paratha,gobi paatha,transliteration,en
food_auth_gobi_paratha,kobij pratha,transliteration,en
food_auth_gobi_paratha,kobij psratha,transliteration,en
food_auth_gobi_paratha,koboj paratha,transliteration,en
food_auth_gobi_paratha,gobi patatha,transliteration,en
food_auth_gobi_paratha,gobi paratha sugar free,transliteration,en
food_auth_gobi_paratha,gobi paratha with butter,transliteration,en
food_auth_gobi_paratha,gobi paratha dry,transliteration,en
food_auth_gobi_paratha,be vaati kobij paratha,transliteration,en
food_auth_gobi_paratha,kobij parstha,transliteration,en
food_auth_gobi_paratha,kobij pararha,transliteration,en
food_auth_gobi_paratha,4 pieces gobi paratha,transliteration,en
food_auth_gobi_paratha,kobij patatha,transliteration,en
food_auth_gobi_paratha,kobij parathha,transliteration,en
food_auth_gobi_paratha,small bowl gobi paratha,transliteration,en
food_auth_gobi_paratha,gobi paraths,transliteration,en
food_auth_gobi_paratha,gobi paratha deep fried,transliteration,en
food_auth_gobi_paratha,gobi paratha sweet,transliteration,en
food_auth_gobi_paratha,tran gobi paratha,transliteration,en
food_auth_gobi_paratha,1 katori gobi paratha,transliteration,en
food_auth_gobi_paratha,kobij paratttha,transliteration,en
food_auth_gobi_paratha,gobi paratha jain,transliteration,en
food_auth_gobi_paratha,gobi paratha air fried,transliteration,en
food_auth_gobi_paratha,250ml gobi paratha,transliteration,en
food_auth_gobi_paratha,koooobij paratha,transliteration,en
food_auth_gobi_paratha,kobiiiij paratha,transliteration,en
food_auth_gobi_paratha,gobip aratha,transliteration,en
food_auth_gobi_paratha,2 pieces gobi paratha,transliteration,en
food_auth_gobi_paratha,goby paratha,transliteration,en
food_auth_gobi_paratha,gobi paraha,transliteration,en
food_auth_gobi_paratha,gobi parata,transliteration,en
food_auth_gobi_paratha,gob iparatha,transliteration,en
food_auth_gobi_paratha,gooobi paratha,transliteration,en
food_auth_gobi_paratha,2 bowls gobi paratha,transliteration,en
food_auth_gobi_paratha,gobi apratha,transliteration,en
food_auth_gobi_paratha,koij paratha,transliteration,en
food_auth_gobi_paratha,gobi paartha,transliteration,en
food_auth_gobi_paratha,gobi parathaaaa,transliteration,en
food_auth_gobi_paratha,gobiii paratha,transliteration,en
food_auth_gobi_paratha,kobj paratha,transliteration,en
food_auth_gobi_paratha,gobee paratha,transliteration,en
food_auth_gobi_paratha,kobji paratha,transliteration,en
food_auth_gobi_paratha,gobi paraaaatha,transliteration,en
food_auth_gobi_paratha,1 piece gobi paratha,transliteration,en
food_auth_gobi_paratha,500g gobi paratha,transliteration,en
food_auth_gobi_paratha,gobi paratha without ghee,transliteration,en
food_auth_gobi_paratha,1 bowl gobi paratha,transliteration,en
food_auth_gobi_paratha,3 pieces gobi paratha,transliteration,en
food_auth_gobi_paratha,khobij paratha,transliteration,en
food_auth_gobi_paratha,jobij paratha,transliteration,en
food_auth_gobi_paratha,gobiparatha,transliteration,en
food_auth_gobi_paratha,kobij oaratha,transliteration,en
food_auth_gobi_paratha,500ml gobi paratha,transliteration,en
food_auth_gobi_paratha,kobij paraha,transliteration,en
food_auth_gobi_paratha,kobeej paratha,transliteration,en
food_auth_gobi_paratha,100g gobi paratha,transliteration,en
food_auth_gobi_paratha,gobi paaaratha,transliteration,en
food_auth_gobi_paratha,be vaati gobi paratha,transliteration,en
food_auth_gobi_paratha,ogbi paratha,transliteration,en
food_auth_gobi_paratha,gobi paratha boiled,transliteration,en
food_auth_gobi_paratha,ek cup kobij paratha,transliteration,en
food_auth_gobi_paratha,kobij aratha,transliteration,en
food_auth_gobi_paratha,gobi parstha,transliteration,en
food_auth_gobi_paratha,kobijparatha,transliteration,en
food_auth_gobi_paratha,250g gobi paratha,transliteration,en
food_auth_gobi_paratha,kobi paratha,transliteration,en
food_auth_gobi_paratha,kobij parahta,transliteration,en
food_auth_gobi_paratha,gobi paratah,transliteration,en
food_auth_gobi_paratha,kpbij paratha,transliteration,en
food_auth_gobi_paratha,200ml gobi paratha,transliteration,en
food_auth_gobi_paratha,kobij paartha,transliteration,en
food_auth_gobi_paratha,ek vaati kobij paratha,transliteration,en
food_auth_gobi_paratha,ek katori kobij paratha,transliteration,en
food_auth_gobi_paratha,goib paratha,transliteration,en
food_auth_gobi_paratha,5 pieces gobi paratha,transliteration,en
food_auth_gobi_paratha,gobi paratha spicy,transliteration,en
food_auth_gobi_paratha,gobi parrrratha,transliteration,en
food_auth_gobi_paratha,kobij parrrratha,transliteration,en
food_auth_gobi_paratha,kobij paraaatha,transliteration,en
food_auth_gobi_paratha,50g gobi paratha,transliteration,en
food_auth_gobi_paratha,gobi psratha,transliteration,en
food_auth_gobi_paratha,150g gobi paratha,transliteration,en
food_auth_gobi_paratha,kobijp aratha,transliteration,en
food_auth_gobi_paratha,kobyj paratha,transliteration,en
food_auth_gobi_paratha,kobij paraaaatha,transliteration,en
food_auth_gobi_paratha,kobij praatha,transliteration,en
food_auth_gobi_paratha,kobij partaha,transliteration,en
food_auth_gobi_paratha,big bowl gobi paratha,transliteration,en
food_auth_gobi_paratha,gobi paratha gravy,transliteration,en
food_auth_gobi_paratha,feeku non-spicy gobi paratha,transliteration,en
food_auth_gobi_paratha,ek cup gobi paratha,transliteration,en
food_auth_gobi_paratha,gobi parrratha,transliteration,en
food_auth_gobi_paratha,panch gobi paratha,transliteration,en
food_auth_gobi_paratha,gbi paratha,transliteration,en
food_auth_gobi_paratha,gobi paaaaratha,transliteration,en
food_auth_gobi_paratha,tran kobij paratha,transliteration,en
food_auth_gobi_paratha,gobiiii paratha,transliteration,en
food_auth_gobi_paratha,kbij paratha,transliteration,en
food_auth_gobi_paratha,kobij paaaaratha,transliteration,en
food_auth_gobi_paratha,gobo paratha,transliteration,en
food_auth_gobi_paratha,be gobi paratha,transliteration,en
food_auth_gobi_paratha,kobij paraths,transliteration,en
food_auth_gobi_paratha,gobhi paratha,transliteration,en
food_auth_gobi_paratha,gobi paratttha,transliteration,en
food_auth_gobi_paratha,gobi pararha,transliteration,en
food_auth_gobi_paratha,200g gobi paratha,transliteration,en
food_auth_gobi_paratha,ek gobi paratha,transliteration,en
food_auth_gobi_paratha,gobi paraaatha,transliteration,en
food_auth_gobi_paratha,gobi partaha,transliteration,en
food_auth_gobi_paratha,gobi paratha whole wheat,transliteration,en
food_auth_gobi_paratha,gobi paratha mild,transliteration,en
food_auth_gobi_paratha,gobi praatha,transliteration,en
food_auth_gobi_paratha,koibj paratha,transliteration,en
food_auth_gobi_paratha,kobi jparatha,transliteration,en
food_auth_gobi_paratha,gobi paratha with ghee,transliteration,en
food_auth_gobi_paratha,kooobij paratha,transliteration,en
food_auth_gobi_paratha,gobi partha,transliteration,en
food_auth_gobi_paratha,ek glass gobi paratha,transliteration,en
food_auth_gobi_paratha,gobi paratha roasted,transliteration,en
food_auth_gobi_paratha,ek kobij paratha,transliteration,en
food_auth_gobi_paratha,ek glass kobij paratha,transliteration,en
food_auth_gobi_paratha,kobij partha,transliteration,en
food_auth_puri,50g puri,transliteration,en
food_auth_puri,purrrri,transliteration,en
food_auth_puri,3 pieces puri,transliteration,en
food_auth_puri,puir,transliteration,en
food_auth_puri,char puri,transliteration,en
food_auth_puri,puri spicy,transliteration,en
food_auth_puri,puri air fried,transliteration,en
food_auth_puri,ek puri,transliteration,en
food_auth_puri,puri roasted,transliteration,en
food_auth_puri,1 katori puri,transliteration,en
food_auth_puri,pui,transliteration,en
food_auth_puri,1 glass puri,transliteration,en
food_auth_puri,tawa roasted crispy puri,transliteration,en
food_auth_puri,500g puri,transliteration,en
food_auth_puri,puri deep fried,transliteration,en
food_auth_puri,100g puri,transliteration,en
food_auth_puri,puri boiled,transliteration,en
food_auth_puri,puriii,transliteration,en
food_auth_puri,panch puri,transliteration,en
food_auth_puri,ek katori puri,transliteration,en
food_auth_puri,500ml puri,transliteration,en
food_auth_puri,ek glass puri,transliteration,en
food_auth_puri,2 bowls puri,transliteration,en
food_auth_puri,puri sugar free,transliteration,en
food_auth_puri,2 glasses puri,transliteration,en
food_auth_puri,puri with ghee,transliteration,en
food_auth_puri,puri jain,transliteration,en
food_auth_puri,puree,transliteration,en
food_auth_puri,2 cups puri,transliteration,en
food_auth_puri,tran puri,transliteration,en
food_auth_puri,ek vaati puri,transliteration,en
food_auth_puri,puri steamed,transliteration,en
food_auth_puri,prui,transliteration,en
food_auth_puri,puri whole wheat,transliteration,en
food_auth_puri,meethu jaggery sweet puri,transliteration,en
food_auth_puri,puri tadka,transliteration,en
food_auth_puri,purrri,transliteration,en
food_auth_puri,puti,transliteration,en
food_auth_puri,puuuri,transliteration,en
food_auth_puri,puri shallow fried,transliteration,en
food_auth_puri,puri gravy,transliteration,en
food_auth_puri,2 pieces puri,transliteration,en
food_auth_puri,4 pieces puri,transliteration,en
food_auth_puri,breakfast: 4 pieces puri,transliteration,en
food_auth_puri,200g puri,transliteration,en
food_auth_puri,puri mild,transliteration,en
food_auth_puri,multigrain fiber rich puri,transliteration,en
food_auth_puri,1 cup puri,transliteration,en
food_auth_puri,1 piece puri,transliteration,en
food_auth_puri,dinner: 4 pieces puri,transliteration,en
food_auth_puri,small bowl puri,transliteration,en
food_auth_puri,5 pieces puri,transliteration,en
food_auth_puri,puuuuri,transliteration,en
food_auth_puri,lunch: 4 pieces puri,transliteration,en
food_auth_puri,ek cup puri,transliteration,en
food_auth_puri,sukhi dry sabzi puri,transliteration,en
food_auth_puri,250g puri,transliteration,en
food_auth_puri,puri without ghee,transliteration,en
food_auth_puri,be vaati puri,transliteration,en
food_auth_puri,puri with butter,transliteration,en
food_auth_puri,upri,transliteration,en
food_auth_puri,snack: 4 pieces puri,transliteration,en
food_auth_puri,puri dry,transliteration,en
food_auth_puri,2 katori puri,transliteration,en
food_auth_puri,big bowl puri,transliteration,en
food_auth_puri,puro,transliteration,en
food_auth_puri,100ml puri,transliteration,en
food_auth_puri,1 bowl puri,transliteration,en
food_auth_puri,puri with jaggery,transliteration,en
food_auth_puri,half glass puri,transliteration,en
food_auth_puri,250ml puri,transliteration,en
food_auth_puri,puri sweet,transliteration,en
food_auth_puri,puriiii,transliteration,en
food_auth_puri,pri,transliteration,en
food_auth_puri,200ml puri,transliteration,en
food_auth_puri,be puri,transliteration,en
food_auth_puri,feeku non-spicy puri,transliteration,en
food_auth_puri,puri extra butter,transliteration,en
food_auth_puri,150g puri,transliteration,en
food_auth_puri,pury,transliteration,en
food_auth_puri,ouri,transliteration,en
food_auth_puri,puri multigrain,transliteration,en
food_41f75510,tran bhatura,transliteration,en
food_41f75510,bhatura air fried,transliteration,en
food_41f75510,bhtaura,transliteration,en
food_41f75510,150g bhatura,transliteration,en
food_41f75510,lunch: 2 pieces bhatura,transliteration,en
food_41f75510,bhatura extra butter,transliteration,en
food_41f75510,250ml bhatura,transliteration,en
food_41f75510,small bowl bhatura,transliteration,en
food_41f75510,tawa roasted crispy bhatura,transliteration,en
food_41f75510,ek vaati bhatura,transliteration,en
food_41f75510,bhautra,transliteration,en
food_41f75510,panch bhatura,transliteration,en
food_41f75510,1 glass bhatura,transliteration,en
food_41f75510,bhaaturaa,transliteration,en
food_41f75510,ek katori bhatura,transliteration,en
food_41f75510,200ml bhatura,transliteration,en
food_41f75510,bhatuuuura,transliteration,en
food_41f75510,breakfast: 2 pieces bhatura,transliteration,en
food_41f75510,bhattttura,transliteration,en
food_41f75510,bhatrua,transliteration,en
food_41f75510,bhaturrra,transliteration,en
food_41f75510,be vaati bhatura,transliteration,en
food_41f75510,2 glasses bhatura,transliteration,en
food_41f75510,bhatuuura,transliteration,en
food_41f75510,bhaturs,transliteration,en
food_41f75510,2 cups bhatura,transliteration,en
food_41f75510,bhtura,transliteration,en
food_41f75510,char bhatura,transliteration,en
food_41f75510,bhatura gravy,transliteration,en
food_41f75510,bhatra,transliteration,en
food_41f75510,bhaturaaaa,transliteration,en
food_41f75510,50g bhatura,transliteration,en
food_41f75510,1 cup bhatura,transliteration,en
food_41f75510,ek bhatura,transliteration,en
food_41f75510,bhatura shallow fried,transliteration,en
food_41f75510,bhaaaatura,transliteration,en
food_41f75510,batura,transliteration,en
food_41f75510,bhhatura,transliteration,en
food_41f75510,bhatura deep fried,transliteration,en
food_41f75510,bhaura,transliteration,en
food_41f75510,bhatua,transliteration,en
food_41f75510,100g bhatura,transliteration,en
food_41f75510,bhatura steamed,transliteration,en
food_41f75510,1 bowl bhatura,transliteration,en
food_41f75510,bahtura,transliteration,en
food_41f75510,bhatttura,transliteration,en
food_41f75510,bhathura,transliteration,en
food_41f75510,feeku non-spicy bhatura,transliteration,en
food_41f75510,1 piece bhatura,transliteration,en
food_41f75510,5 pieces bhatura,transliteration,en
food_41f75510,half glass bhatura,transliteration,en
food_41f75510,bhstura,transliteration,en
food_41f75510,hbatura,transliteration,en
food_41f75510,bhatura without ghee,transliteration,en
food_41f75510,bhatura with jaggery,transliteration,en
food_41f75510,500ml bhatura,transliteration,en
food_41f75510,be bhatura,transliteration,en
food_41f75510,bhatura mild,transliteration,en
food_41f75510,ek glass bhatura,transliteration,en
food_41f75510,big bowl bhatura,transliteration,en
food_41f75510,250g bhatura,transliteration,en
food_41f75510,100ml bhatura,transliteration,en
food_41f75510,4 pieces bhatura,transliteration,en
food_41f75510,bhatura tadka,transliteration,en
food_41f75510,2 katori bhatura,transliteration,en
food_41f75510,dinner: 2 pieces bhatura,transliteration,en
food_41f75510,ek cup bhatura,transliteration,en
food_41f75510,bhatuta,transliteration,en
food_41f75510,200g bhatura,transliteration,en
food_41f75510,bhatura multigrain,transliteration,en
food_41f75510,bhatura spicy,transliteration,en
food_41f75510,2 bowls bhatura,transliteration,en
food_41f75510,bharura,transliteration,en
food_41f75510,bhatuar,transliteration,en
food_41f75510,bhaturrrra,transliteration,en
food_41f75510,bhatoora,transliteration,en
food_41f75510,meethu jaggery sweet bhatura,transliteration,en
food_41f75510,bhatura with butter,transliteration,en
food_41f75510,multigrain fiber rich bhatura,transliteration,en
food_41f75510,3 pieces bhatura,transliteration,en
food_41f75510,snack: 2 pieces bhatura,transliteration,en
food_41f75510,1 katori bhatura,transliteration,en
food_41f75510,bhatura whole wheat,transliteration,en
food_41f75510,bhatura boiled,transliteration,en
food_41f75510,sukhi dry sabzi bhatura,transliteration,en
food_41f75510,bhatura sweet,transliteration,en
food_41f75510,bhatura sugar free,transliteration,en
food_41f75510,bhatura dry,transliteration,en
food_41f75510,bhaturaaa,transliteration,en
food_41f75510,bhatura roasted,transliteration,en
food_41f75510,bhatura jain,transliteration,en
food_41f75510,2 pieces bhatura,transliteration,en
food_41f75510,bhatura with ghee,transliteration,en
food_41f75510,bhaaatura,transliteration,en
food_41f75510,500g bhatura,transliteration,en
food_auth_butter_naan,butter naannnn,transliteration,en
food_auth_butter_naan,ek katori butter naan,transliteration,en
food_auth_butter_naan,1 piece butter naan,transliteration,en
food_auth_butter_naan,butter naan jain,transliteration,en
food_auth_butter_naan,butter anan,transliteration,en
food_auth_butter_naan,4 pieces butter naan,transliteration,en
food_auth_butter_naan,1 bowl butter naan,transliteration,en
food_auth_butter_naan,butrer naan,transliteration,en
food_auth_butter_naan,1 katori butter naan,transliteration,en
food_auth_butter_naan,tran butter naan,transliteration,en
food_auth_butter_naan,butter naannn,transliteration,en
food_auth_butter_naan,butter naan with jaggery,transliteration,en
food_auth_butter_naan,100ml butter naan,transliteration,en
food_auth_butter_naan,bhutter naan,transliteration,en
food_auth_butter_naan,2 glasses butter naan,transliteration,en
food_auth_butter_naan,feeku non-spicy butter naan,transliteration,en
food_auth_butter_naan,150g butter naan,transliteration,en
food_auth_butter_naan,butter naan deep fried,transliteration,en
food_auth_butter_naan,butter naan whole wheat,transliteration,en
food_auth_butter_naan,50g butter naan,transliteration,en
food_auth_butter_naan,butterrr naan,transliteration,en
food_auth_butter_naan,2 cups butter naan,transliteration,en
food_auth_butter_naan,buttttter naan,transliteration,en
food_auth_butter_naan,small bowl butter naan,transliteration,en
food_auth_butter_naan,be vaati butter naan,transliteration,en
food_auth_butter_naan,half glass butter naan,transliteration,en
food_auth_butter_naan,buttwr naan,transliteration,en
food_auth_butter_naan,butter nnnnaan,transliteration,en
food_auth_butter_naan,butter naan extra butter,transliteration,en
food_auth_butter_naan,butter naan spicy,transliteration,en
food_auth_butter_naan,buttern aan,transliteration,en
food_auth_butter_naan,buttre naan,transliteration,en
food_auth_butter_naan,butter naan multigrain,transliteration,en
food_auth_butter_naan,butter maan,transliteration,en
food_auth_butter_naan,2 pieces butter naan,transliteration,en
food_auth_butter_naan,butter naan mild,transliteration,en
food_auth_butter_naan,butter naan without ghee,transliteration,en
food_auth_butter_naan,ek butter naan,transliteration,en
food_auth_butter_naan,buttr naan,transliteration,en
food_auth_butter_naan,250g butter naan,transliteration,en
food_auth_butter_naan,butttter naan,transliteration,en
food_auth_butter_naan,char butter naan,transliteration,en
food_auth_butter_naan,butter naan with butter,transliteration,en
food_auth_butter_naan,butter naaaan,transliteration,en
food_auth_butter_naan,butteeeer naan,transliteration,en
food_auth_butter_naan,200ml butter naan,transliteration,en
food_auth_butter_naan,butter naan sugar free,transliteration,en
food_auth_butter_naan,butter naan tadka,transliteration,en
food_auth_butter_naan,1 cup butter naan,transliteration,en
food_auth_butter_naan,3 pieces butter naan,transliteration,en
food_auth_butter_naan,butter naan dry,transliteration,en
food_auth_butter_naan,ek vaati butter naan,transliteration,en
food_auth_butter_naan,bootter naan,transliteration,en
food_auth_butter_naan,butter naam,transliteration,en
food_auth_butter_naan,butte rnaan,transliteration,en
food_auth_butter_naan,butter naan with ghee,transliteration,en
food_auth_butter_naan,burter naan,transliteration,en
food_auth_butter_naan,be butter naan,transliteration,en
food_auth_butter_naan,buthther naan,transliteration,en
food_auth_butter_naan,2 katori butter naan,transliteration,en
food_auth_butter_naan,butter naan boiled,transliteration,en
food_auth_butter_naan,100g butter naan,transliteration,en
food_auth_butter_naan,buuuutter naan,transliteration,en
food_auth_butter_naan,butter naan steamed,transliteration,en
food_auth_butter_naan,250ml butter naan,transliteration,en
food_auth_butter_naan,500ml butter naan,transliteration,en
food_auth_butter_naan,butter nsan,transliteration,en
food_auth_butter_naan,butter nasn,transliteration,en
food_auth_butter_naan,btter naan,transliteration,en
food_auth_butter_naan,200g butter naan,transliteration,en
food_auth_butter_naan,btuter naan,transliteration,en
food_auth_butter_naan,butter naan air fried,transliteration,en
food_auth_butter_naan,butter naan gravy,transliteration,en
food_auth_butter_naan,ek glass butter naan,transliteration,en
food_auth_butter_naan,1 glass butter naan,transliteration,en
food_auth_butter_naan,butternaan,transliteration,en
food_auth_butter_naan,panch butter naan,transliteration,en
food_auth_butter_naan,butter nan,transliteration,en
food_auth_butter_naan,2 bowls butter naan,transliteration,en
food_auth_butter_naan,butter aan,transliteration,en
food_auth_butter_naan,butter naan shallow fried,transliteration,en
food_auth_butter_naan,buter naan,transliteration,en
food_auth_butter_naan,butter naan sweet,transliteration,en
food_auth_butter_naan,butte naan,transliteration,en
food_auth_butter_naan,butter nana,transliteration,en
food_auth_butter_naan,butterrrr naan,transliteration,en
food_auth_butter_naan,butter naan roasted,transliteration,en
food_auth_butter_naan,5 pieces butter naan,transliteration,en
food_auth_butter_naan,butter naaaaan,transliteration,en
food_auth_butter_naan,ubtter naan,transliteration,en
food_auth_butter_naan,butter nnnaan,transliteration,en
food_auth_butter_naan,500g butter naan,transliteration,en
food_auth_butter_naan,buuutter naan,transliteration,en
food_auth_butter_naan,big bowl butter naan,transliteration,en
food_auth_butter_naan,buttet naan,transliteration,en
food_auth_butter_naan,butetr naan,transliteration,en
food_auth_butter_naan,butteeer naan,transliteration,en
food_auth_butter_naan,ek cup butter naan,transliteration,en
food_auth_kulcha,kulcha dry,transliteration,en
food_auth_kulcha,4 pieces kulcha,transliteration,en
food_auth_kulcha,2 pieces kulcha,transliteration,en
food_auth_kulcha,2 bowls kulcha,transliteration,en
food_auth_kulcha,ek kulcha,transliteration,en
food_auth_kulcha,250g kulcha,transliteration,en
food_auth_kulcha,kuuulcha,transliteration,en
food_auth_kulcha,2 katori kulcha,transliteration,en
food_auth_kulcha,kulcha with ghee,transliteration,en
food_auth_kulcha,feeku non-spicy kulcha,transliteration,en
food_auth_kulcha,kuuuulcha,transliteration,en
food_auth_kulcha,kulcha boiled,transliteration,en
food_auth_kulcha,kulcha tadka,transliteration,en
food_auth_kulcha,ek cup kulcha,transliteration,en
food_auth_kulcha,kulcha extra butter,transliteration,en
food_auth_kulcha,kulcha roasted,transliteration,en
food_auth_kulcha,100ml kulcha,transliteration,en
food_auth_kulcha,kulcha air fried,transliteration,en
food_auth_kulcha,kulcha without ghee,transliteration,en
food_auth_kulcha,kulcha with jaggery,transliteration,en
food_auth_kulcha,1 bowl kulcha,transliteration,en
food_auth_kulcha,kulcha spicy,transliteration,en
food_auth_kulcha,kulchaaa,transliteration,en
food_auth_kulcha,kulha,transliteration,en
food_auth_kulcha,kulcha shallow fried,transliteration,en
food_auth_kulcha,1 katori kulcha,transliteration,en
food_auth_kulcha,tawa roasted crispy kulcha,transliteration,en
food_auth_kulcha,khulcha,transliteration,en
food_auth_kulcha,ek glass kulcha,transliteration,en
food_auth_kulcha,2 glasses kulcha,transliteration,en
food_auth_kulcha,kulchs,transliteration,en
food_auth_kulcha,panch kulcha,transliteration,en
food_auth_kulcha,kulchaa,transliteration,en
food_auth_kulcha,kucha,transliteration,en
food_auth_kulcha,ek katori kulcha,transliteration,en
food_auth_kulcha,breakfast: 1 piece kulcha,transliteration,en
food_auth_kulcha,1 glass kulcha,transliteration,en
food_auth_kulcha,ek vaati kulcha,transliteration,en
food_auth_kulcha,3 pieces kulcha,transliteration,en
food_auth_kulcha,kulcha with butter,transliteration,en
food_auth_kulcha,be vaati kulcha,transliteration,en
food_auth_kulcha,kulcha steamed,transliteration,en
food_auth_kulcha,500ml kulcha,transliteration,en
food_auth_kulcha,kulchha,transliteration,en
food_auth_kulcha,kulcha gravy,transliteration,en
food_auth_kulcha,kulcah,transliteration,en
food_auth_kulcha,snack: 1 piece kulcha,transliteration,en
food_auth_kulcha,kulcha mild,transliteration,en
food_auth_kulcha,100g kulcha,transliteration,en
food_auth_kulcha,char kulcha,transliteration,en
food_auth_kulcha,250ml kulcha,transliteration,en
food_auth_kulcha,1 piece kulcha,transliteration,en
food_auth_kulcha,50g kulcha,transliteration,en
food_auth_kulcha,julcha,transliteration,en
food_auth_kulcha,big bowl kulcha,transliteration,en
food_auth_kulcha,1 cup kulcha,transliteration,en
food_auth_kulcha,kulcha whole wheat,transliteration,en
food_auth_kulcha,150g kulcha,transliteration,en
food_auth_kulcha,meethu jaggery sweet kulcha,transliteration,en
food_auth_kulcha,kulca,transliteration,en
food_auth_kulcha,200g kulcha,transliteration,en
food_auth_kulcha,koolcha,transliteration,en
food_auth_kulcha,200ml kulcha,transliteration,en
food_auth_kulcha,klucha,transliteration,en
food_auth_kulcha,kulcha deep fried,transliteration,en
food_auth_kulcha,kulcha sugar free,transliteration,en
food_auth_kulcha,kulcha jain,transliteration,en
food_auth_kulcha,sukhi dry sabzi kulcha,transliteration,en
food_auth_kulcha,kulchaaaa,transliteration,en
food_auth_kulcha,500g kulcha,transliteration,en
food_auth_kulcha,kulhca,transliteration,en
food_auth_kulcha,5 pieces kulcha,transliteration,en
food_auth_kulcha,half glass kulcha,transliteration,en
food_auth_kulcha,dinner: 1 piece kulcha,transliteration,en
food_auth_kulcha,kuclha,transliteration,en
food_auth_kulcha,multigrain fiber rich kulcha,transliteration,en
food_auth_kulcha,lunch: 1 piece kulcha,transliteration,en
food_auth_kulcha,kulcha sweet,transliteration,en
food_auth_kulcha,2 cups kulcha,transliteration,en
food_auth_kulcha,klcha,transliteration,en
food_auth_kulcha,small bowl kulcha,transliteration,en
food_auth_kulcha,be kulcha,transliteration,en
food_auth_kulcha,tran kulcha,transliteration,en
food_auth_kulcha,kulcha multigrain,transliteration,en
food_auth_kulcha,uklcha,transliteration,en
food_f7520be4,maaaakai rotli,transliteration,en
food_f7520be4,mkaai rotli,transliteration,en
food_f7520be4,makky dy roty,transliteration,en
food_f7520be4,makai rothli,transliteration,en
food_f7520be4,makki di orti,transliteration,en
food_f7520be4,mkaki di roti,transliteration,en
food_f7520be4,makki ki rrroti,transliteration,en
food_f7520be4,ek katori makai rotli,transliteration,en
food_f7520be4,maai rotli,transliteration,en
food_f7520be4,makia rotli,transliteration,en
food_f7520be4,makki di rrroti,transliteration,en
food_f7520be4,makki ki roooti,transliteration,en
food_f7520be4,100g makki di roti,transliteration,en
food_f7520be4,makki di roti mild,transliteration,en
food_f7520be4,makki kir oti,transliteration,en
food_f7520be4,makai rptli,transliteration,en
food_f7520be4,makai rrrrotli,transliteration,en
food_f7520be4,500g makki di roti,transliteration,en
food_f7520be4,maakki di roti,transliteration,en
food_f7520be4,2 makkikiroti,transliteration,en
food_f7520be4,makik di roti,transliteration,en
food_f7520be4,makki k iroti,transliteration,en
food_f7520be4,makai rotlo,transliteration,en
food_f7520be4,makki ki oti,transliteration,en
food_f7520be4,makki ki orti,transliteration,en
food_f7520be4,mkaki ki roti,transliteration,en
food_f7520be4,maksi rotli,transliteration,en
food_f7520be4,makki ki rotttti,transliteration,en
food_f7520be4,panch makki di roti,transliteration,en
food_f7520be4,makki id roti,transliteration,en
food_f7520be4,250g makki di roti,transliteration,en
food_f7520be4,makai rotliiii,transliteration,en
food_f7520be4,be vaati makai rotli,transliteration,en
food_f7520be4,3 makkikiroti,transliteration,en
food_f7520be4,mskki di roti,transliteration,en
food_f7520be4,makai roti,transliteration,en
food_f7520be4,makay rotly,transliteration,en
food_f7520be4,majki ki roti,transliteration,en
food_f7520be4,makai rotliii,transliteration,en
food_f7520be4,makki ko roti,transliteration,en
food_f7520be4,be makki di roti,transliteration,en
food_f7520be4,amkki di roti,transliteration,en
food_f7520be4,makji ki roti,transliteration,en
food_f7520be4,be makkikiroti,transliteration,en
food_f7520be4,makki di roit,transliteration,en
food_f7520be4,makkidi roti,transliteration,en
food_f7520be4,nakai rotli,transliteration,en
food_f7520be4,makki di rtoi,transliteration,en
food_f7520be4,makki ki rtoi,transliteration,en
food_f7520be4,makki di roooti,transliteration,en
food_f7520be4,makki i roti,transliteration,en
food_f7520be4,makai roli,transliteration,en
food_f7520be4,makki diroti,transliteration,en
food_f7520be4,ek makki di roti,transliteration,en
food_f7520be4,tran makkikiroti,transliteration,en
food_f7520be4,makai rotil,transliteration,en
food_f7520be4,maaki rotli,transliteration,en
food_f7520be4,majki di roti,transliteration,en
food_f7520be4,200ml makki di roti,transliteration,en
food_f7520be4,makji di roti,transliteration,en
food_f7520be4,makk idi roti,transliteration,en
food_f7520be4,makki ki rothi,transliteration,en
food_f7520be4,makkiiii di roti,transliteration,en
food_f7520be4,maki rotli,transliteration,en
food_f7520be4,makki di toti,transliteration,en
food_f7520be4,makki di rrrroti,transliteration,en
food_f7520be4,makky ky roty,transliteration,en
food_f7520be4,ek glass makai rotli,transliteration,en
food_f7520be4,maaakki ki roti,transliteration,en
food_f7520be4,makhai rotli,transliteration,en
food_f7520be4,maki di roti,transliteration,en
food_f7520be4,amkki ki roti,transliteration,en
food_f7520be4,maaaakki ki roti,transliteration,en
food_f7520be4,makki di roti sweet,transliteration,en
food_f7520be4,makkid i roti,transliteration,en
food_f7520be4,mmmakai rotli,transliteration,en
food_f7520be4,makk iki roti,transliteration,en
food_f7520be4,char makki di roti,transliteration,en
food_f7520be4,makki ki rottti,transliteration,en
food_f7520be4,mskki ki roti,transliteration,en
food_f7520be4,makki kiii roti,transliteration,en
food_f7520be4,makki di rori,transliteration,en
food_f7520be4,makai rtli,transliteration,en
food_f7520be4,makai rorli,transliteration,en
food_f7520be4,makaaaai rotli,transliteration,en
food_f7520be4,250ml makki di roti,transliteration,en
food_f7520be4,50g makki di roti,transliteration,en
food_f7520be4,glass makkikiroti,transliteration,en
food_f7520be4,mkki di roti,transliteration,en
food_f7520be4,makko di roti,transliteration,en
food_f7520be4,makai rotttli,transliteration,en
food_f7520be4,makki di rti,transliteration,en
food_f7520be4,makki ki rotiiii,transliteration,en
food_f7520be4,makki diiii roti,transliteration,en
food_f7520be4,makao rotli,transliteration,en
food_f7520be4,mmmakki di roti,transliteration,en
food_f7520be4,makki ki rooooti,transliteration,en
food_f7520be4,makki diii roti,transliteration,en
food_f7520be4,makki kiiii roti,transliteration,en
food_f7520be4,mmmakki ki roti,transliteration,en
food_f7520be4,maaakki di roti,transliteration,en
food_f7520be4,be makai rotli,transliteration,en
food_f7520be4,makai rooootli,transliteration,en
food_f7520be4,ek vaati makai rotli,transliteration,en
food_f7520be4,makkiii di roti,transliteration,en
food_f7520be4,makai otli,transliteration,en
food_f7520be4,makki di roti roasted,transliteration,en
food_f7520be4,makaaai rotli,transliteration,en
food_f7520be4,makkiiii ki roti,transliteration,en
food_f7520be4,maakaai rotli,transliteration,en
food_f7520be4,makkee kee rotee,transliteration,en
food_f7520be4,makki di rotttti,transliteration,en
food_f7520be4,maaakai rotli,transliteration,en
food_f7520be4,makkiii ki roti,transliteration,en
food_f7520be4,amkai rotli,transliteration,en
food_f7520be4,makki ki roit,transliteration,en
food_f7520be4,makki dddi roti,transliteration,en
food_f7520be4,makki di rotiiii,transliteration,en
food_f7520be4,mmmmakki ki roti,transliteration,en
food_f7520be4,mkki ki roti,transliteration,en
food_f7520be4,makki di roti tadka,transliteration,en
food_f7520be4,makk di roti,transliteration,en
food_f7520be4,makkiki roti,transliteration,en
food_f7520be4,makki ji roti,transliteration,en
food_f7520be4,makki ki rori,transliteration,en
food_f7520be4,makhkhi di roti,transliteration,en
food_f7520be4,makaee rotlee,transliteration,en
food_f7520be4,mkai rotli,transliteration,en
food_f7520be4,makkikiroti,transliteration,en
food_f7520be4,makki do roti,transliteration,en
food_f7520be4,makki di roti boiled,transliteration,en
food_f7520be4,makki di rothi,transliteration,en
food_f7520be4,makkik i roti,transliteration,en
food_f7520be4,mskai rotli,transliteration,en
food_f7520be4,makki ki rti,transliteration,en
food_f7520be4,makai totli,transliteration,en
food_f7520be4,bowl makkikiroti,transliteration,en
food_f7520be4,makki ddddi roti,transliteration,en
food_f7520be4,makki di roti steamed,transliteration,en
food_f7520be4,makhkhi khi roti,transliteration,en
food_f7520be4,makki di roti dry,transliteration,en
food_f7520be4,ek makai rotli,transliteration,en
food_f7520be4,makki di oti,transliteration,en
food_f7520be4,makai rtoli,transliteration,en
food_f7520be4,makaiiii rotli,transliteration,en
food_f7520be4,makki ki rpti,transliteration,en
food_f7520be4,makki ki roto,transliteration,en
food_f7520be4,ek cup makai rotli,transliteration,en
food_f7520be4,makki di rotiii,transliteration,en
food_f7520be4,500ml makki di roti,transliteration,en
food_f7520be4,makki di rpti,transliteration,en
food_f7520be4,maka irotli,transliteration,en
food_f7520be4,makai rrrotli,transliteration,en
food_f7520be4,mmmmakki di roti,transliteration,en
food_f7520be4,nakki di roti,transliteration,en
food_f7520be4,makki di rottti,transliteration,en
food_f7520be4,makair otli,transliteration,en
food_f7520be4,nakki ki roti,transliteration,en
food_f7520be4,makai ortli,transliteration,en
food_f7520be4,makki di roi,transliteration,en
food_f7520be4,makki di roto,transliteration,en
food_f7520be4,makki si roti,transliteration,en
food_f7520be4,makki dir oti,transliteration,en
food_f7520be4,teen makkikiroti,transliteration,en
food_f7520be4,makkee dee rotee,transliteration,en
food_f7520be4,1 makkikiroti,transliteration,en
food_f7520be4,mmmmakai rotli,transliteration,en
food_f7520be4,makki d roti,transliteration,en
food_f7520be4,makki di rooooti,transliteration,en
food_f7520be4,makik ki roti,transliteration,en
food_f7520be4,makk ki roti,transliteration,en
food_f7520be4,makki ki toti,transliteration,en
food_f7520be4,ek makkikiroti,transliteration,en
food_f7520be4,makki di roti multigrain,transliteration,en
food_f7520be4,makki di roti jain,transliteration,en
food_f7520be4,tran makki di roti,transliteration,en
food_f7520be4,makki d iroti,transliteration,en
food_f7520be4,makai rottttli,transliteration,en
food_f7520be4,do makkikiroti,transliteration,en
food_f7520be4,makairotli,transliteration,en
food_f7520be4,majai rotli,transliteration,en
food_f7520be4,makki ki rotiii,transliteration,en
food_f7520be4,100ml makki di roti,transliteration,en
food_f7520be4,maka rotli,transliteration,en
food_f7520be4,makki ki roi,transliteration,en
food_f7520be4,tran makai rotli,transliteration,en
food_f7520be4,150g makki di roti,transliteration,en
food_f7520be4,makki di roti spicy,transliteration,en
food_f7520be4,maki ki roti,transliteration,en
food_f7520be4,makki ik roti,transliteration,en
food_f7520be4,makki ki rrrroti,transliteration,en
food_f7520be4,makki k roti,transliteration,en
food_f7520be4,maakki ki roti,transliteration,en
food_f7520be4,makko ki roti,transliteration,en
food_f7520be4,200g makki di roti,transliteration,en
food_f7520be4,makki dhi roti,transliteration,en
food_f7520be4,makaiii rotli,transliteration,en
food_f7520be4,makki kiroti,transliteration,en
food_f7520be4,makai roootli,transliteration,en
food_f7520be4,maaaakki di roti,transliteration,en
food_f7520be4,makai rolti,transliteration,en
food_f7520be4,makki di roti gravy,transliteration,en
food_auth_jowar_bhakri,juvarrrr bhakhri,transliteration,en
food_auth_jowar_bhakri,juvar bhakhriiii,transliteration,en
food_auth_jowar_bhakri,ek katori juvar bhakhri,transliteration,en
food_auth_jowar_bhakri,200ml jowar bhakri,transliteration,en
food_auth_jowar_bhakri,juvar bhhakhri,transliteration,en
food_auth_jowar_bhakri,100g jowar bhakri,transliteration,en
food_auth_jowar_bhakri,juvar bhakhhri,transliteration,en
food_auth_jowar_bhakri,jowarrr bhakri,transliteration,en
food_auth_jowar_bhakri,jowar bhakri roasted,transliteration,en
food_auth_jowar_bhakri,juvarrr bhakhri,transliteration,en
food_auth_jowar_bhakri,jvuar bhakhri,transliteration,en
food_auth_jowar_bhakri,jowar bhskri,transliteration,en
food_auth_jowar_bhakri,jowar bhakhri,transliteration,en
food_auth_jowar_bhakri,jowar bhakri shallow fried,transliteration,en
food_auth_jowar_bhakri,1 piece jowar bhakri,transliteration,en
food_auth_jowar_bhakri,juvar bhakhriii,transliteration,en
food_auth_jowar_bhakri,joovar bhakhri,transliteration,en
food_auth_jowar_bhakri,juwar bhakhri,transliteration,en
food_auth_jowar_bhakri,jowar bhakri whole wheat,transliteration,en
food_auth_jowar_bhakri,jowar bhakti,transliteration,en
food_auth_jowar_bhakri,250ml jowar bhakri,transliteration,en
food_auth_jowar_bhakri,juvar bhahri,transliteration,en
food_auth_jowar_bhakri,be jowar bhakri,transliteration,en
food_auth_jowar_bhakri,150g jowar bhakri,transliteration,en
food_auth_jowar_bhakri,jowarrrr bhakri,transliteration,en
food_auth_jowar_bhakri,jowar bahkri,transliteration,en
food_auth_jowar_bhakri,jowarb hakri,transliteration,en
food_auth_jowar_bhakri,jowar bhakri steamed,transliteration,en
food_auth_jowar_bhakri,4 pieces jowar bhakri,transliteration,en
food_auth_jowar_bhakri,1 cup jowar bhakri,transliteration,en
food_auth_jowar_bhakri,juva rbhakhri,transliteration,en
food_auth_jowar_bhakri,jowar bhakriiii,transliteration,en
food_auth_jowar_bhakri,jowar bhakri dry,transliteration,en
food_auth_jowar_bhakri,jowar bhkari,transliteration,en
food_auth_jowar_bhakri,juvarbhakhri,transliteration,en
food_auth_jowar_bhakri,big bowl jowar bhakri,transliteration,en
food_auth_jowar_bhakri,tran jowar bhakri,transliteration,en
food_auth_jowar_bhakri,juvaaaar bhakhri,transliteration,en
food_auth_jowar_bhakri,jowr bhakri,transliteration,en
food_auth_jowar_bhakri,jowar bhakri deep fried,transliteration,en
food_auth_jowar_bhakri,2 cups jowar bhakri,transliteration,en
food_auth_jowar_bhakri,jowaaar bhakri,transliteration,en
food_auth_jowar_bhakri,100ml jowar bhakri,transliteration,en
food_auth_jowar_bhakri,jowar bharki,transliteration,en
food_auth_jowar_bhakri,jowar bhkri,transliteration,en
food_auth_jowar_bhakri,jowar bhakri sugar free,transliteration,en
food_auth_jowar_bhakri,jowar bhakri jain,transliteration,en
food_auth_jowar_bhakri,half glass jowar bhakri,transliteration,en
food_auth_jowar_bhakri,juvat bhakhri,transliteration,en
food_auth_jowar_bhakri,jowar bhaaakri,transliteration,en
food_auth_jowar_bhakri,ek vaati juvar bhakhri,transliteration,en
food_auth_jowar_bhakri,jowar bhakri with butter,transliteration,en
food_auth_jowar_bhakri,ujvar bhakhri,transliteration,en
food_auth_jowar_bhakri,juvar hbakhri,transliteration,en
food_auth_jowar_bhakri,jowra bhakri,transliteration,en
food_auth_jowar_bhakri,juvaaar bhakhri,transliteration,en
food_auth_jowar_bhakri,jowar bhaki,transliteration,en
food_auth_jowar_bhakri,feeku non-spicy jowar bhakri,transliteration,en
food_auth_jowar_bhakri,1 glass jowar bhakri,transliteration,en
food_auth_jowar_bhakri,char jowar bhakri,transliteration,en
food_auth_jowar_bhakri,juavr bhakhri,transliteration,en
food_auth_jowar_bhakri,jowar bhakri tadka,transliteration,en
food_auth_jowar_bhakri,juvar bhakhrrri,transliteration,en
food_auth_jowar_bhakri,ek cup jowar bhakri,transliteration,en
food_auth_jowar_bhakri,jowar bhakrrri,transliteration,en
food_auth_jowar_bhakri,jowar bhakri spicy,transliteration,en
food_auth_jowar_bhakri,juvar bhkhri,transliteration,en
food_auth_jowar_bhakri,2 bowls jowar bhakri,transliteration,en
food_auth_jowar_bhakri,ek juvar bhakhri,transliteration,en
food_auth_jowar_bhakri,jowar bhakir,transliteration,en
food_auth_jowar_bhakri,juvar bhajhri,transliteration,en
food_auth_jowar_bhakri,joar bhakri,transliteration,en
food_auth_jowar_bhakri,jowar bhakri boiled,transliteration,en
food_auth_jowar_bhakri,be vaati juvar bhakhri,transliteration,en
food_auth_jowar_bhakri,jooowar bhakri,transliteration,en
food_auth_jowar_bhakri,jowaar bhaakri,transliteration,en
food_auth_jowar_bhakri,jowar bhajri,transliteration,en
food_auth_jowar_bhakri,jowar bhakri with jaggery,transliteration,en
food_auth_jowar_bhakri,jowa rbhakri,transliteration,en
food_auth_jowar_bhakri,jowarbhakri,transliteration,en
food_auth_jowar_bhakri,juvar bhaaaakhri,transliteration,en
food_auth_jowar_bhakri,juvar bhakhrrrri,transliteration,en
food_auth_jowar_bhakri,jowar bhhakri,transliteration,en
food_auth_jowar_bhakri,juvar bhakhti,transliteration,en
food_auth_jowar_bhakri,200g jowar bhakri,transliteration,en
food_auth_jowar_bhakri,500g jowar bhakri,transliteration,en
food_auth_jowar_bhakri,small bowl jowar bhakri,transliteration,en
food_auth_jowar_bhakri,ek vaati jowar bhakri,transliteration,en
food_auth_jowar_bhakri,joooowar bhakri,transliteration,en
food_auth_jowar_bhakri,juvsr bhakhri,transliteration,en
food_auth_jowar_bhakri,250g jowar bhakri,transliteration,en
food_auth_jowar_bhakri,jowaaaar bhakri,transliteration,en
food_auth_jowar_bhakri,tran juvar bhakhri,transliteration,en
food_auth_jowar_bhakri,juvar bhakhree,transliteration,en
food_auth_jowar_bhakri,2 glasses jowar bhakri,transliteration,en
food_auth_jowar_bhakri,be juvar bhakhri,transliteration,en
food_auth_jowar_bhakri,jwar bhakri,transliteration,en
food_auth_jowar_bhakri,jowar bhakro,transliteration,en
food_auth_jowar_bhakri,jvar bhakhri,transliteration,en
food_auth_jowar_bhakri,juvar bhkahri,transliteration,en
food_auth_jowar_bhakri,jowar bhari,transliteration,en
food_auth_jowar_bhakri,jowa bhakri,transliteration,en
food_auth_jowar_bhakri,jowar bhakrrrri,transliteration,en
food_auth_jowar_bhakri,ek cup juvar bhakhri,transliteration,en
food_auth_jowar_bhakri,juvar bhakhry,transliteration,en
food_auth_jowar_bhakri,jowar bhakree,transliteration,en
food_auth_jowar_bhakri,jowar bhakry,transliteration,en
food_auth_jowar_bhakri,juvar hakhri,transliteration,en
food_auth_jowar_bhakri,jowar bhakri extra butter,transliteration,en
food_auth_jowar_bhakri,jpwar bhakri,transliteration,en
food_auth_jowar_bhakri,50g jowar bhakri,transliteration,en
food_auth_jowar_bhakri,juvar bhakri,transliteration,en
food_auth_jowar_bhakri,jowar bhakri mild,transliteration,en
food_auth_jowar_bhakri,juvar bhakhi,transliteration,en
food_auth_jowar_bhakri,juvr bhakhri,transliteration,en
food_auth_jowar_bhakri,juvra bhakhri,transliteration,en
food_auth_jowar_bhakri,jowar bhakri air fried,transliteration,en
food_auth_jowar_bhakri,ek katori jowar bhakri,transliteration,en
food_auth_jowar_bhakri,jowar bhaaaakri,transliteration,en
food_auth_jowar_bhakri,jowar bhakriii,transliteration,en
food_auth_jowar_bhakri,jowat bhakri,transliteration,en
food_auth_jowar_bhakri,5 pieces jowar bhakri,transliteration,en
food_auth_jowar_bhakri,jowar bhakri sweet,transliteration,en
food_auth_jowar_bhakri,2 katori jowar bhakri,transliteration,en
food_auth_jowar_bhakri,juuuvar bhakhri,transliteration,en
food_auth_jowar_bhakri,ek glass juvar bhakhri,transliteration,en
food_auth_jowar_bhakri,juuuuvar bhakhri,transliteration,en
food_auth_jowar_bhakri,1 katori jowar bhakri,transliteration,en
food_auth_jowar_bhakri,juvar bhskhri,transliteration,en
food_auth_jowar_bhakri,jowar hbakri,transliteration,en
food_auth_jowar_bhakri,ek glass jowar bhakri,transliteration,en
food_auth_jowar_bhakri,jowar hakri,transliteration,en
food_auth_jowar_bhakri,2 pieces jowar bhakri,transliteration,en
food_auth_jowar_bhakri,500ml jowar bhakri,transliteration,en
food_auth_jowar_bhakri,jwoar bhakri,transliteration,en
food_auth_jowar_bhakri,jowar bhakri without ghee,transliteration,en
food_auth_jowar_bhakri,juvar bahkhri,transliteration,en
food_auth_jowar_bhakri,1 bowl jowar bhakri,transliteration,en
food_auth_jowar_bhakri,ojwar bhakri,transliteration,en
food_auth_jowar_bhakri,jovar bhakri,transliteration,en
food_auth_jowar_bhakri,juvar bakhri,transliteration,en
food_auth_jowar_bhakri,juvarb hakhri,transliteration,en
food_auth_jowar_bhakri,jowar bakri,transliteration,en
food_auth_jowar_bhakri,juvaar bhaakhri,transliteration,en
food_auth_jowar_bhakri,jowsr bhakri,transliteration,en
food_auth_jowar_bhakri,juar bhakhri,transliteration,en
food_auth_jowar_bhakri,be vaati jowar bhakri,transliteration,en
food_auth_jowar_bhakri,juvar bhakrhi,transliteration,en
food_auth_jowar_bhakri,joawr bhakri,transliteration,en
food_auth_jowar_bhakri,juvar bhakhir,transliteration,en
food_auth_jowar_bhakri,panch jowar bhakri,transliteration,en
food_auth_jowar_bhakri,jowar bhakri gravy,transliteration,en
food_auth_jowar_bhakri,3 pieces jowar bhakri,transliteration,en
food_auth_jowar_bhakri,juvar bhaaakhri,transliteration,en
food_auth_jowar_bhakri,ek jowar bhakri,transliteration,en
food_auth_jowar_bhakri,jowar bhakri multigrain,transliteration,en
food_auth_jowar_bhakri,juvar bhahkri,transliteration,en
food_auth_jowar_bhakri,jowar bhakri with ghee,transliteration,en
food_auth_jowar_bhakri,juvar bhakhro,transliteration,en
food_auth_jowar_bhakri,juva bhakhri,transliteration,en
food_1cad86dc,puran oli,transliteration,en
food_1cad86dc,2 bowls puran poli,transliteration,en
food_1cad86dc,puran poli multigrain,transliteration,en
food_1cad86dc,puran poli mild,transliteration,en
food_1cad86dc,ouran poli,transliteration,en
food_1cad86dc,purannnn poli,transliteration,en
food_1cad86dc,puran poli spicy,transliteration,en
food_1cad86dc,2 cups puran poli,transliteration,en
food_1cad86dc,puran poli boiled,transliteration,en
food_1cad86dc,purrran poli,transliteration,en
food_1cad86dc,puran poli deep fried,transliteration,en
food_1cad86dc,pura npoli,transliteration,en
food_1cad86dc,5 pieces puran poli,transliteration,en
food_1cad86dc,1 piece puran poli,transliteration,en
food_1cad86dc,puram poli,transliteration,en
food_1cad86dc,upran poli,transliteration,en
food_1cad86dc,purrrran poli,transliteration,en
food_1cad86dc,pooran poli,transliteration,en
food_1cad86dc,puran poli sweet,transliteration,en
food_1cad86dc,ek katori puran poli,transliteration,en
food_1cad86dc,puarn poli,transliteration,en
food_1cad86dc,char puran poli,transliteration,en
food_1cad86dc,puran poli steamed,transliteration,en
food_1cad86dc,puran ppli,transliteration,en
food_1cad86dc,putan poli,transliteration,en
food_1cad86dc,puran poliii,transliteration,en
food_1cad86dc,be vaati puran poli,transliteration,en
food_1cad86dc,ek glass puran poli,transliteration,en
food_1cad86dc,500g puran poli,transliteration,en
food_1cad86dc,100ml puran poli,transliteration,en
food_1cad86dc,50g puran poli,transliteration,en
food_1cad86dc,250g puran poli,transliteration,en
food_1cad86dc,puran poli gravy,transliteration,en
food_1cad86dc,200ml puran poli,transliteration,en
food_1cad86dc,puran pooooli,transliteration,en
food_1cad86dc,feeku non-spicy puran poli,transliteration,en
food_1cad86dc,puan poli,transliteration,en
food_1cad86dc,pruan poli,transliteration,en
food_1cad86dc,tran puran poli,transliteration,en
food_1cad86dc,be puran poli,transliteration,en
food_1cad86dc,puran poli extra butter,transliteration,en
food_1cad86dc,150g puran poli,transliteration,en
food_1cad86dc,small bowl puran poli,transliteration,en
food_1cad86dc,puran ooli,transliteration,en
food_1cad86dc,puran polo,transliteration,en
food_1cad86dc,pran poli,transliteration,en
food_1cad86dc,पूरन पोळी,hindi_script,hi
food_1cad86dc,1 katori puran poli,transliteration,en
food_1cad86dc,puran poli with butter,transliteration,en
food_1cad86dc,puran poli tadka,transliteration,en
food_1cad86dc,ek vaati puran poli,transliteration,en
food_1cad86dc,panch puran poli,transliteration,en
food_1cad86dc,purna poli,transliteration,en
food_1cad86dc,puran poli air fried,transliteration,en
food_1cad86dc,puran poli without ghee,transliteration,en
food_1cad86dc,puran poliiii,transliteration,en
food_1cad86dc,puranp oli,transliteration,en
food_1cad86dc,3 pieces puran poli,transliteration,en
food_1cad86dc,pura poli,transliteration,en
food_1cad86dc,puraaaan poli,transliteration,en
food_1cad86dc,1 bowl puran poli,transliteration,en
food_1cad86dc,1 glass puran poli,transliteration,en
food_1cad86dc,puuuran poli,transliteration,en
food_1cad86dc,250ml puran poli,transliteration,en
food_1cad86dc,ek puran poli,transliteration,en
food_1cad86dc,purn poli,transliteration,en
food_1cad86dc,puranpoli,transliteration,en
food_1cad86dc,puran ploi,transliteration,en
food_1cad86dc,ek cup puran poli,transliteration,en
food_1cad86dc,puran opli,transliteration,en
food_1cad86dc,puran poi,transliteration,en
food_1cad86dc,puran poli whole wheat,transliteration,en
food_1cad86dc,1 cup puran poli,transliteration,en
food_1cad86dc,half glass puran poli,transliteration,en
food_1cad86dc,puuuuran poli,transliteration,en
food_1cad86dc,200g puran poli,transliteration,en
food_1cad86dc,puran polee,transliteration,en
food_1cad86dc,puran poli dry,transliteration,en
food_1cad86dc,puran pli,transliteration,en
food_1cad86dc,puran poli with jaggery,transliteration,en
food_1cad86dc,2 glasses puran poli,transliteration,en
food_1cad86dc,puran poli with ghee,transliteration,en
food_1cad86dc,2 pieces puran poli,transliteration,en
food_1cad86dc,puran poli shallow fried,transliteration,en
food_1cad86dc,4 pieces puran poli,transliteration,en
food_1cad86dc,500ml puran poli,transliteration,en
food_1cad86dc,puran poooli,transliteration,en
food_1cad86dc,puraan poli,transliteration,en
food_1cad86dc,puran poil,transliteration,en
food_1cad86dc,puran poli roasted,transliteration,en
food_1cad86dc,big bowl puran poli,transliteration,en
food_1cad86dc,puran poly,transliteration,en
food_1cad86dc,pursn poli,transliteration,en
food_1cad86dc,100g puran poli,transliteration,en
food_1cad86dc,2 katori puran poli,transliteration,en
food_1cad86dc,puraaan poli,transliteration,en
food_1cad86dc,purannn poli,transliteration,en
food_1cad86dc,puran poli jain,transliteration,en
food_1cad86dc,puran poli sugar free,transliteration,en
food_6bbf954f,be dal tadka,transliteration,en
food_6bbf954f,1 bowl dal tadka,transliteration,en
food_6bbf954f,dal tsdka,transliteration,en
food_6bbf954f,2 bowls dal tadka,transliteration,en
food_6bbf954f,dal tdaka,transliteration,en
food_6bbf954f,dalrice,transliteration,en
food_6bbf954f,char dal tadka,transliteration,en
food_6bbf954f,50g dal tadka,transliteration,en
food_6bbf954f,ek dal tadka,transliteration,en
food_6bbf954f,bowl dalrice,transliteration,en
food_6bbf954f,dal ttttadka,transliteration,en
food_6bbf954f,dal takda,transliteration,en
food_6bbf954f,dal tadka gravy,transliteration,en
food_6bbf954f,3 dalrice,transliteration,en
food_6bbf954f,100g dal tadka,transliteration,en
food_6bbf954f,dalt adka,transliteration,en
food_6bbf954f,adl tadka,transliteration,en
food_6bbf954f,ek cup dal tadka,transliteration,en
food_6bbf954f,glass daljeerarice,transliteration,en
food_6bbf954f,2 daljeerarice,transliteration,en
food_6bbf954f,250g dal tadka,transliteration,en
food_6bbf954f,1 dalrice,transliteration,en
food_6bbf954f,dal atdka,transliteration,en
food_6bbf954f,dal tadka jain,transliteration,en
food_6bbf954f,tran dalrice,transliteration,en
food_6bbf954f,small bowl dal tadka,transliteration,en
food_6bbf954f,ddddal tadka,transliteration,en
food_6bbf954f,be vaati dal tadka,transliteration,en
food_6bbf954f,dal tadka roasted,transliteration,en
food_6bbf954f,dal radka,transliteration,en
food_6bbf954f,1 piece dal tadka,transliteration,en
food_6bbf954f,da ltadka,transliteration,en
food_6bbf954f,150g dal tadka,transliteration,en
food_6bbf954f,ek glass dal tadka,transliteration,en
food_6bbf954f,tran daljeerarice,transliteration,en
food_6bbf954f,dal tadka shallow fried,transliteration,en
food_6bbf954f,ek daljeerarice,transliteration,en
food_6bbf954f,3 daljeerarice,transliteration,en
food_6bbf954f,feeku non-spicy dal tadka,transliteration,en
food_6bbf954f,2 katori dal tadka,transliteration,en
food_6bbf954f,200ml dal tadka,transliteration,en
food_6bbf954f,daljeerarice,transliteration,en
food_6bbf954f,1 cup dal tadka,transliteration,en
food_6bbf954f,dal tadka with jaggery,transliteration,en
food_6bbf954f,dal tadka mild,transliteration,en
food_6bbf954f,daal taadkaa,transliteration,en
food_6bbf954f,dal tadkha,transliteration,en
food_6bbf954f,daaal tadka,transliteration,en
food_6bbf954f,dal taaaadka,transliteration,en
food_6bbf954f,be daljeerarice,transliteration,en
food_6bbf954f,200g dal tadka,transliteration,en
food_6bbf954f,dal tadks,transliteration,en
food_6bbf954f,dal tadak,transliteration,en
food_6bbf954f,dal tada,transliteration,en
food_6bbf954f,dl tadka,transliteration,en
food_6bbf954f,dal tadka whole wheat,transliteration,en
food_6bbf954f,glass dalrice,transliteration,en
food_6bbf954f,panch dal tadka,transliteration,en
food_6bbf954f,4 pieces dal tadka,transliteration,en
food_6bbf954f,dla tadka,transliteration,en
food_6bbf954f,dal taka,transliteration,en
food_6bbf954f,be dalrice,transliteration,en
food_6bbf954f,dal tttadka,transliteration,en
food_6bbf954f,dal tadka spicy,transliteration,en
food_6bbf954f,1 katori dal tadka,transliteration,en
food_6bbf954f,dal tadka dry,transliteration,en
food_6bbf954f,dal tadka air fried,transliteration,en
food_6bbf954f,3 pieces dal tadka,transliteration,en
food_6bbf954f,2 glasses dal tadka,transliteration,en
food_6bbf954f,dal tadka tadka,transliteration,en
food_6bbf954f,half glass dal tadka,transliteration,en
food_6bbf954f,dal tadka with butter,transliteration,en
food_6bbf954f,dal tadka multigrain,transliteration,en
food_6bbf954f,2 pieces dal tadka,transliteration,en
food_6bbf954f,do daljeerarice,transliteration,en
food_6bbf954f,1 daljeerarice,transliteration,en
food_6bbf954f,5 pieces dal tadka,transliteration,en
food_6bbf954f,dal tadka with ghee,transliteration,en
food_6bbf954f,teen dalrice,transliteration,en
food_6bbf954f,teen daljeerarice,transliteration,en
food_6bbf954f,dal tadka sweet,transliteration,en
food_6bbf954f,dal tadkaaa,transliteration,en
food_6bbf954f,dal tadddka,transliteration,en
food_6bbf954f,250ml dal tadka,transliteration,en
food_6bbf954f,2 cups dal tadka,transliteration,en
food_6bbf954f,dal taaadka,transliteration,en
food_6bbf954f,dal tadka sugar free,transliteration,en
food_6bbf954f,dal tadka extra butter,transliteration,en
food_6bbf954f,daaaal tadka,transliteration,en
food_6bbf954f,sal tadka,transliteration,en
food_6bbf954f,dal tadka steamed,transliteration,en
food_6bbf954f,ek dalrice,transliteration,en
food_6bbf954f,dsl tadka,transliteration,en
food_6bbf954f,dal tadja,transliteration,en
food_6bbf954f,big bowl dal tadka,transliteration,en
food_6bbf954f,dal taddddka,transliteration,en
food_6bbf954f,500ml dal tadka,transliteration,en
food_6bbf954f,dal tdka,transliteration,en
food_6bbf954f,do dalrice,transliteration,en
food_6bbf954f,500g dal tadka,transliteration,en
food_6bbf954f,daltadka,transliteration,en
food_6bbf954f,1 glass dal tadka,transliteration,en
food_6bbf954f,tran dal tadka,transliteration,en
food_6bbf954f,dddal tadka,transliteration,en
food_6bbf954f,ek katori dal tadka,transliteration,en
food_6bbf954f,bowl daljeerarice,transliteration,en
food_6bbf954f,dal tadka without ghee,transliteration,en
food_6bbf954f,dal tadkaaaa,transliteration,en
food_6bbf954f,100ml dal tadka,transliteration,en
food_6bbf954f,ek vaati dal tadka,transliteration,en
food_6bbf954f,da tadka,transliteration,en
food_6bbf954f,dal taska,transliteration,en
food_6bbf954f,dal tadka boiled,transliteration,en
food_6bbf954f,dal adka,transliteration,en
food_6bbf954f,dhal tadhka,transliteration,en
food_6bbf954f,dal tadka deep fried,transliteration,en
food_6bbf954f,2 dalrice,transliteration,en
food_auth_dal_fry,dal fyr,transliteration,en
food_auth_dal_fry,dal fry with ghee,transliteration,en
food_auth_dal_fry,2 pieces dal fry,transliteration,en
food_auth_dal_fry,200g dal fry,transliteration,en
food_auth_dal_fry,1 piece dal fry,transliteration,en
food_auth_dal_fry,feeku non-spicy dal fry,transliteration,en
food_auth_dal_fry,bowl dalfryrice,transliteration,en
food_auth_dal_fry,2 dalfryrice,transliteration,en
food_auth_dal_fry,3 dalfryrice,transliteration,en
food_auth_dal_fry,adl fry,transliteration,en
food_auth_dal_fry,be dal fry,transliteration,en
food_auth_dal_fry,glass dalfryrice,transliteration,en
food_auth_dal_fry,500ml dal fry,transliteration,en
food_auth_dal_fry,dal fry spicy,transliteration,en
food_auth_dal_fry,2 bowls dal fry,transliteration,en
food_auth_dal_fry,dal fry steamed,transliteration,en
food_auth_dal_fry,1 dalfryrice,transliteration,en
food_auth_dal_fry,big bowl dal fry,transliteration,en
food_auth_dal_fry,dal fry sweet,transliteration,en
food_auth_dal_fry,5 pieces dal fry,transliteration,en
food_auth_dal_fry,be vaati dal fry,transliteration,en
food_auth_dal_fry,dalfry,transliteration,en
food_auth_dal_fry,dal fry whole wheat,transliteration,en
food_auth_dal_fry,small bowl dal fry,transliteration,en
food_auth_dal_fry,be dalfryrice,transliteration,en
food_auth_dal_fry,4 pieces dal fry,transliteration,en
food_auth_dal_fry,ek dal fry,transliteration,en
food_auth_dal_fry,ek dalfryrice,transliteration,en
food_auth_dal_fry,ek glass dal fry,transliteration,en
food_auth_dal_fry,dal fry boiled,transliteration,en
food_auth_dal_fry,100g dal fry,transliteration,en
food_auth_dal_fry,da lfry,transliteration,en
food_auth_dal_fry,1 cup dal fry,transliteration,en
food_auth_dal_fry,100ml dal fry,transliteration,en
food_auth_dal_fry,dal fty,transliteration,en
food_auth_dal_fry,50g dal fry,transliteration,en
food_auth_dal_fry,3 pieces dal fry,transliteration,en
food_auth_dal_fry,1 glass dal fry,transliteration,en
food_auth_dal_fry,2 cups dal fry,transliteration,en
food_auth_dal_fry,ek vaati dal fry,transliteration,en
food_auth_dal_fry,1 bowl dal fry,transliteration,en
food_auth_dal_fry,sal fry,transliteration,en
food_auth_dal_fry,half glass dal fry,transliteration,en
food_auth_dal_fry,500g dal fry,transliteration,en
food_auth_dal_fry,dal fry air fried,transliteration,en
food_auth_dal_fry,2 glasses dal fry,transliteration,en
food_auth_dal_fry,do dalfryrice,transliteration,en
food_auth_dal_fry,dal fry dry,transliteration,en
food_auth_dal_fry,250ml dal fry,transliteration,en
food_auth_dal_fry,teen dalfryrice,transliteration,en
food_auth_dal_fry,dal fry mild,transliteration,en
food_auth_dal_fry,dla fry,transliteration,en
food_auth_dal_fry,dal fry extra butter,transliteration,en
food_auth_dal_fry,dal fry deep fried,transliteration,en
food_auth_dal_fry,dalf ry,transliteration,en
food_auth_dal_fry,dal fri,transliteration,en
food_auth_dal_fry,250g dal fry,transliteration,en
food_auth_dal_fry,dal fry with jaggery,transliteration,en
food_auth_dal_fry,ek cup dal fry,transliteration,en
food_auth_dal_fry,dal fry gravy,transliteration,en
food_auth_dal_fry,200ml dal fry,transliteration,en
food_auth_dal_fry,dalfryrice,transliteration,en
food_auth_dal_fry,dal fy,transliteration,en
food_auth_dal_fry,dal frrry,transliteration,en
food_auth_dal_fry,dal fry without ghee,transliteration,en
food_auth_dal_fry,150g dal fry,transliteration,en
food_auth_dal_fry,dsl fry,transliteration,en
food_auth_dal_fry,panch dal fry,transliteration,en
food_auth_dal_fry,dal fry tadka,transliteration,en
food_auth_dal_fry,dal rfy,transliteration,en
food_auth_dal_fry,da fry,transliteration,en
food_auth_dal_fry,dal fry with butter,transliteration,en
food_auth_dal_fry,ek katori dal fry,transliteration,en
food_auth_dal_fry,dal fry shallow fried,transliteration,en
food_auth_dal_fry,ddddal fry,transliteration,en
food_auth_dal_fry,dal fry roasted,transliteration,en
food_auth_dal_fry,dal fry jain,transliteration,en
food_auth_dal_fry,dal fry sugar free,transliteration,en
food_auth_dal_fry,tran dal fry,transliteration,en
food_auth_dal_fry,dl fry,transliteration,en
food_auth_dal_fry,dhal fry,transliteration,en
food_auth_dal_fry,daaaal fry,transliteration,en
food_auth_dal_fry,2 katori dal fry,transliteration,en
food_auth_dal_fry,char dal fry,transliteration,en
food_auth_dal_fry,daaal fry,transliteration,en
food_auth_dal_fry,dal fry multigrain,transliteration,en
food_auth_dal_fry,1 katori dal fry,transliteration,en
food_auth_dal_fry,dddal fry,transliteration,en
food_auth_dal_fry,dal ry,transliteration,en
food_auth_dal_fry,dal frrrry,transliteration,en
food_auth_dal_fry,daal fry,transliteration,en
food_auth_dal_fry,tran dalfryrice,transliteration,en
food_2a674be3,do dalmakhaninaan,transliteration,en
food_2a674be3,250g dal makhani,transliteration,en
food_2a674be3,dal makhani deep fried,transliteration,en
food_2a674be3,4 pieces dal makhani,transliteration,en
food_2a674be3,ddddal makhani,transliteration,en
food_2a674be3,dal mahani,transliteration,en
food_2a674be3,dal makhany,transliteration,en
food_2a674be3,dal makhani multigrain,transliteration,en
food_2a674be3,da makhani,transliteration,en
food_2a674be3,feeku non-spicy dal makhani,transliteration,en
food_2a674be3,dal makhami,transliteration,en
food_2a674be3,daaaal makhani,transliteration,en
food_2a674be3,da lmakhani,transliteration,en
food_2a674be3,dal makhani spicy,transliteration,en
food_2a674be3,200ml dal makhani,transliteration,en
food_2a674be3,dal mkahani,transliteration,en
food_2a674be3,be dalmakhaninaan,transliteration,en
food_2a674be3,dal mskhani,transliteration,en
food_2a674be3,big bowl dal makhani,transliteration,en
food_2a674be3,dal makhani roasted,transliteration,en
food_2a674be3,dal mkhani,transliteration,en
food_2a674be3,bukhara style dal makhani,transliteration,en
food_2a674be3,dal makhaaaani,transliteration,en
food_2a674be3,dal majhani,transliteration,en
food_2a674be3,tran dal makhani,transliteration,en
food_2a674be3,dal makhannni,transliteration,en
food_2a674be3,2 glasses dal makhani,transliteration,en
food_2a674be3,dal makhanee,transliteration,en
food_2a674be3,dal makhaniii,transliteration,en
food_2a674be3,panch dal makhani,transliteration,en
food_2a674be3,dal makahni,transliteration,en
food_2a674be3,dal makhani jain,transliteration,en
food_2a674be3,2 pieces dal makhani,transliteration,en
food_2a674be3,dal makhani extra butter,transliteration,en
food_2a674be3,adl makhani,transliteration,en
food_2a674be3,150g dal makhani,transliteration,en
food_2a674be3,ek cup dal makhani,transliteration,en
food_2a674be3,dl makhani,transliteration,en
food_2a674be3,half glass dal makhani,transliteration,en
food_2a674be3,char dal makhani,transliteration,en
food_2a674be3,dal makhaniiii,transliteration,en
food_2a674be3,dal makhsni,transliteration,en
food_2a674be3,dal makhani tadka,transliteration,en
food_2a674be3,100g dal makhani,transliteration,en
food_2a674be3,dal makhani steamed,transliteration,en
food_2a674be3,dal akhani,transliteration,en
food_2a674be3,dal makhani sweet,transliteration,en
food_2a674be3,1 dalmakhaninaan,transliteration,en
food_2a674be3,dalmakhaninaan,transliteration,en
food_2a674be3,dal makhani with ghee,transliteration,en
food_2a674be3,dal makhani with butter,transliteration,en
food_2a674be3,dal maaaakhani,transliteration,en
food_2a674be3,dalmakhani,transliteration,en
food_2a674be3,dla makhani,transliteration,en
food_2a674be3,ek glass dal makhani,transliteration,en
food_2a674be3,1 katori dal makhani,transliteration,en
food_2a674be3,tran dalmakhaninaan,transliteration,en
food_2a674be3,2 dalmakhaninaan,transliteration,en
food_2a674be3,ek dalmakhaninaan,transliteration,en
food_2a674be3,dal makhai,transliteration,en
food_2a674be3,bowl dalmakhaninaan,transliteration,en
food_2a674be3,daaal makhani,transliteration,en
food_2a674be3,dal makhani sugar free,transliteration,en
food_2a674be3,dal mahkani,transliteration,en
food_2a674be3,2 cups dal makhani,transliteration,en
food_2a674be3,daal maakhaani,transliteration,en
food_2a674be3,250ml dal makhani,transliteration,en
food_2a674be3,1 cup dal makhani,transliteration,en
food_2a674be3,3 dalmakhaninaan,transliteration,en
food_2a674be3,dal mmmmakhani,transliteration,en
food_2a674be3,dal makhani mild,transliteration,en
food_2a674be3,dal maaakhani,transliteration,en
food_2a674be3,dal makani,transliteration,en
food_2a674be3,dsl makhani,transliteration,en
food_2a674be3,be vaati dal makhani,transliteration,en
food_2a674be3,dal makhni,transliteration,en
food_2a674be3,200g dal makhani,transliteration,en
food_2a674be3,dal makhaaani,transliteration,en
food_2a674be3,glass dalmakhaninaan,transliteration,en
food_2a674be3,3 pieces dal makhani,transliteration,en
food_2a674be3,1 glass dal makhani,transliteration,en
food_2a674be3,dal nakhani,transliteration,en
food_2a674be3,dal makhnai,transliteration,en
food_2a674be3,dalm akhani,transliteration,en
food_2a674be3,dhal makhani,transliteration,en
food_2a674be3,1 piece dal makhani,transliteration,en
food_2a674be3,dal makhano,transliteration,en
food_2a674be3,dal makhani with jaggery,transliteration,en
food_2a674be3,500g dal makhani,transliteration,en
food_2a674be3,dal makhani without ghee,transliteration,en
food_2a674be3,dal makhani air fried,transliteration,en
food_2a674be3,2 bowls dal makhani,transliteration,en
food_2a674be3,2 katori dal makhani,transliteration,en
food_2a674be3,dal makhani shallow fried,transliteration,en
food_2a674be3,100ml dal makhani,transliteration,en
food_2a674be3,dal makhain,transliteration,en
food_2a674be3,dal mmmakhani,transliteration,en
food_2a674be3,be dal makhani,transliteration,en
food_2a674be3,dal makhani dry,transliteration,en
food_2a674be3,dal makhani whole wheat,transliteration,en
food_2a674be3,ek katori dal makhani,transliteration,en
food_2a674be3,dddal makhani,transliteration,en
food_2a674be3,teen dalmakhaninaan,transliteration,en
food_2a674be3,50g dal makhani,transliteration,en
food_2a674be3,dal makhani boiled,transliteration,en
food_2a674be3,sal makhani,transliteration,en
food_2a674be3,dal makhhani,transliteration,en
food_2a674be3,ek dal makhani,transliteration,en
food_2a674be3,ek vaati dal makhani,transliteration,en
food_2a674be3,small bowl dal makhani,transliteration,en
food_2a674be3,dal amkhani,transliteration,en
food_2a674be3,dal makhani gravy,transliteration,en
food_2a674be3,5 pieces dal makhani,transliteration,en
food_2a674be3,dal makhannnni,transliteration,en
food_2a674be3,500ml dal makhani,transliteration,en
food_2a674be3,1 bowl dal makhani,transliteration,en
food_auth_gujarati_dal,tran gujarati dal,transliteration,en
food_auth_gujarati_dal,ek gujarati dal,transliteration,en
food_auth_gujarati_dal,gujarati dsl,transliteration,en
food_auth_gujarati_dal,gujaratidal,transliteration,en
food_auth_gujarati_dal,gujsrati dal,transliteration,en
food_auth_gujarati_dal,ek katori gujarati dal,transliteration,en
food_auth_gujarati_dal,5 pieces gujarati dal,transliteration,en
food_auth_gujarati_dal,2 pieces gujarati dal,transliteration,en
food_auth_gujarati_dal,gujarati sal,transliteration,en
food_auth_gujarati_dal,guajrati dal,transliteration,en
food_auth_gujarati_dal,gujarati daaal,transliteration,en
food_auth_gujarati_dal,gujarati dal whole wheat,transliteration,en
food_auth_gujarati_dal,goojarati dal,transliteration,en
food_auth_gujarati_dal,gujarati dal roasted,transliteration,en
food_auth_gujarati_dal,150g gujarati dal,transliteration,en
food_auth_gujarati_dal,small bowl gujarati dal,transliteration,en
food_auth_gujarati_dal,gujarathi dal,transliteration,en
food_auth_gujarati_dal,gujarati dal sweet,transliteration,en
food_auth_gujarati_dal,gujarati dal jain,transliteration,en
food_auth_gujarati_dal,gujarati dal multigrain,transliteration,en
food_auth_gujarati_dal,half glass gujarati dal,transliteration,en
food_auth_gujarati_dal,be vaati gujarati dal,transliteration,en
food_auth_gujarati_dal,gujarati dal with jaggery,transliteration,en
food_auth_gujarati_dal,gujaarti dal,transliteration,en
food_auth_gujarati_dal,gujarati dal shallow fried,transliteration,en
food_auth_gujarati_dal,gujraati dal,transliteration,en
food_auth_gujarati_dal,2 bowls gujarati dal,transliteration,en
food_auth_gujarati_dal,gujarati dal without ghee,transliteration,en
food_auth_gujarati_dal,gujaaarati dal,transliteration,en
food_auth_gujarati_dal,200ml gujarati dal,transliteration,en
food_auth_gujarati_dal,gujaratiiii dal,transliteration,en
food_auth_gujarati_dal,50g gujarati dal,transliteration,en
food_auth_gujarati_dal,gujarati dl,transliteration,en
food_auth_gujarati_dal,gujarati dla,transliteration,en
food_auth_gujarati_dal,500g gujarati dal,transliteration,en
food_auth_gujarati_dal,gujarati daaaal,transliteration,en
food_auth_gujarati_dal,char gujarati dal,transliteration,en
food_auth_gujarati_dal,gujarati al,transliteration,en
food_auth_gujarati_dal,2 cups gujarati dal,transliteration,en
food_auth_gujarati_dal,gujarattti dal,transliteration,en
food_auth_gujarati_dal,gujaaaarati dal,transliteration,en
food_auth_gujarati_dal,gujarato dal,transliteration,en
food_auth_gujarati_dal,3 pieces gujarati dal,transliteration,en
food_auth_gujarati_dal,gujarati dal boiled,transliteration,en
food_auth_gujarati_dal,gujrati dal,transliteration,en
food_auth_gujarati_dal,gujaati dal,transliteration,en
food_auth_gujarati_dal,4 pieces gujarati dal,transliteration,en
food_auth_gujarati_dal,gujaratid al,transliteration,en
food_auth_gujarati_dal,ek vaati gujarati dal,transliteration,en
food_auth_gujarati_dal,1 glass gujarati dal,transliteration,en
food_auth_gujarati_dal,gujarati dal steamed,transliteration,en
food_auth_gujarati_dal,gujarai dal,transliteration,en
food_auth_gujarati_dal,250g gujarati dal,transliteration,en
food_auth_gujarati_dal,gujarati dddal,transliteration,en
food_auth_gujarati_dal,100g gujarati dal,transliteration,en
food_auth_gujarati_dal,2 glasses gujarati dal,transliteration,en
food_auth_gujarati_dal,gujarati dhal,transliteration,en
food_auth_gujarati_dal,gujarsti dal,transliteration,en
food_auth_gujarati_dal,gujaraaati dal,transliteration,en
food_auth_gujarati_dal,gujarrrrati dal,transliteration,en
food_auth_gujarati_dal,panch gujarati dal,transliteration,en
food_auth_gujarati_dal,gujarati dal tadka,transliteration,en
food_auth_gujarati_dal,gujarati dal deep fried,transliteration,en
food_auth_gujarati_dal,200g gujarati dal,transliteration,en
food_auth_gujarati_dal,gjarati dal,transliteration,en
food_auth_gujarati_dal,gujarait dal,transliteration,en
food_auth_gujarati_dal,gujaaraati daal,transliteration,en
food_auth_gujarati_dal,gujarati adl,transliteration,en
food_auth_gujarati_dal,gujartai dal,transliteration,en
food_auth_gujarati_dal,ek glass gujarati dal,transliteration,en
food_auth_gujarati_dal,gujaratiii dal,transliteration,en
food_auth_gujarati_dal,big bowl gujarati dal,transliteration,en
food_auth_gujarati_dal,gujatati dal,transliteration,en
food_auth_gujarati_dal,guuuujarati dal,transliteration,en
food_auth_gujarati_dal,be gujarati dal,transliteration,en
food_auth_gujarati_dal,250ml gujarati dal,transliteration,en
food_auth_gujarati_dal,guuujarati dal,transliteration,en
food_auth_gujarati_dal,500ml gujarati dal,transliteration,en
food_auth_gujarati_dal,gujarti dal,transliteration,en
food_auth_gujarati_dal,1 cup gujarati dal,transliteration,en
food_auth_gujarati_dal,1 katori gujarati dal,transliteration,en
food_auth_gujarati_dal,100ml gujarati dal,transliteration,en
food_auth_gujarati_dal,gujarati ddddal,transliteration,en
food_auth_gujarati_dal,gujaratttti dal,transliteration,en
food_auth_gujarati_dal,ugjarati dal,transliteration,en
food_auth_gujarati_dal,1 bowl gujarati dal,transliteration,en
food_auth_gujarati_dal,gujarati dal extra butter,transliteration,en
food_auth_gujarati_dal,guarati dal,transliteration,en
food_auth_gujarati_dal,gujaraaaati dal,transliteration,en
food_auth_gujarati_dal,gujarati dal spicy,transliteration,en
food_auth_gujarati_dal,gujarati dal mild,transliteration,en
food_auth_gujarati_dal,gujarati dal gravy,transliteration,en
food_auth_gujarati_dal,feeku non-spicy gujarati dal,transliteration,en
food_auth_gujarati_dal,gujarari dal,transliteration,en
food_auth_gujarati_dal,gujarrrati dal,transliteration,en
food_auth_gujarati_dal,gujarati dal dry,transliteration,en
food_auth_gujarati_dal,gujaraty dal,transliteration,en
food_auth_gujarati_dal,gujarat idal,transliteration,en
food_auth_gujarati_dal,gjuarati dal,transliteration,en
food_auth_gujarati_dal,1 piece gujarati dal,transliteration,en
food_auth_gujarati_dal,gujarati dal with butter,transliteration,en
food_auth_gujarati_dal,2 katori gujarati dal,transliteration,en
food_auth_gujarati_dal,ek cup gujarati dal,transliteration,en
food_auth_gujarati_dal,gujarati dal with ghee,transliteration,en
food_auth_gujarati_dal,gujarati dal sugar free,transliteration,en
food_auth_gujarati_dal,gujarati dal air fried,transliteration,en
usda_moong_dal,moog dal,transliteration,en
usda_moong_dal,moong dal shallow fried,transliteration,en
usda_moong_dal,moong dal with ghee,transliteration,en
usda_moong_dal,moongdal,transliteration,en
usda_moong_dal,100g moong dal,transliteration,en
usda_moong_dal,moong dal whole wheat,transliteration,en
usda_moong_dal,maag ni daal,transliteration,en
usda_moong_dal,moong dal extra butter,transliteration,en
usda_moong_dal,500ml moong dal,transliteration,en
usda_moong_dal,mag nidal,transliteration,en
usda_moong_dal,moong dal gravy,transliteration,en
usda_moong_dal,moong dal with jaggery,transliteration,en
usda_moong_dal,mag nnnni dal,transliteration,en
usda_moong_dal,mopng dal,transliteration,en
usda_moong_dal,moongd al,transliteration,en
usda_moong_dal,mmmag ni dal,transliteration,en
usda_moong_dal,amg ni dal,transliteration,en
usda_moong_dal,mga ni dal,transliteration,en
usda_moong_dal,ek katori moong dal,transliteration,en
usda_moong_dal,mag ni daaaal,transliteration,en
usda_moong_dal,moong dal dry,transliteration,en
usda_moong_dal,moong dsl,transliteration,en
usda_moong_dal,moon dal,transliteration,en
usda_moong_dal,moong dal multigrain,transliteration,en
usda_moong_dal,maaaag ni dal,transliteration,en
usda_moong_dal,250ml moong dal,transliteration,en
usda_moong_dal,moong sal,transliteration,en
usda_moong_dal,moong dal roasted,transliteration,en
usda_moong_dal,250g moong dal,transliteration,en
usda_moong_dal,mag ni adl,transliteration,en
usda_moong_dal,mag n idal,transliteration,en
usda_moong_dal,mag ni dla,transliteration,en
usda_moong_dal,moong dla,transliteration,en
usda_moong_dal,moomg dal,transliteration,en
usda_moong_dal,moong daaaal,transliteration,en
usda_moong_dal,ek mag ni dal,transliteration,en
usda_moong_dal,mag ni dsl,transliteration,en
usda_moong_dal,moong dal steamed,transliteration,en
usda_moong_dal,moong dal without ghee,transliteration,en
usda_moong_dal,magni dal,transliteration,en
usda_moong_dal,200g moong dal,transliteration,en
usda_moong_dal,mag niiii dal,transliteration,en
usda_moong_dal,moong al,transliteration,en
usda_moong_dal,mag i dal,transliteration,en
usda_moong_dal,ek glass moong dal,transliteration,en
usda_moong_dal,moong dal mild,transliteration,en
usda_moong_dal,moong dal jain,transliteration,en
usda_moong_dal,mag in dal,transliteration,en
usda_moong_dal,ek moong dal,transliteration,en
usda_moong_dal,mooooong dal,transliteration,en
usda_moong_dal,mag ni sal,transliteration,en
usda_moong_dal,ma gni dal,transliteration,en
usda_moong_dal,mag ny dal,transliteration,en
usda_moong_dal,100ml moong dal,transliteration,en
usda_moong_dal,ek vaati moong dal,transliteration,en
usda_moong_dal,mag ni dl,transliteration,en
usda_moong_dal,moong ddddal,transliteration,en
usda_moong_dal,moong dal sugar free,transliteration,en
usda_moong_dal,moong dal tadka,transliteration,en
usda_moong_dal,mmmmoong dal,transliteration,en
usda_moong_dal,1 glass moong dal,transliteration,en
usda_moong_dal,noong dal,transliteration,en
usda_moong_dal,moong dal boiled,transliteration,en
usda_moong_dal,mag n dal,transliteration,en
usda_moong_dal,1 cup moong dal,transliteration,en
usda_moong_dal,moon gdal,transliteration,en
usda_moong_dal,maaag ni dal,transliteration,en
usda_moong_dal,half glass moong dal,transliteration,en
usda_moong_dal,mag niii dal,transliteration,en
usda_moong_dal,mag ni ddddal,transliteration,en
usda_moong_dal,1 piece moong dal,transliteration,en
usda_moong_dal,moong dddal,transliteration,en
usda_moong_dal,150g moong dal,transliteration,en
usda_moong_dal,mag nnni dal,transliteration,en
usda_moong_dal,char moong dal,transliteration,en
usda_moong_dal,mg ni dal,transliteration,en
usda_moong_dal,moong dal air fried,transliteration,en
usda_moong_dal,moong daal,transliteration,en
usda_moong_dal,moong dal sweet,transliteration,en
usda_moong_dal,moong adl,transliteration,en
usda_moong_dal,1 bowl moong dal,transliteration,en
usda_moong_dal,2 glasses moong dal,transliteration,en
usda_moong_dal,small bowl moong dal,transliteration,en
usda_moong_dal,1 katori moong dal,transliteration,en
usda_moong_dal,3 pieces moong dal,transliteration,en
usda_moong_dal,2 katori moong dal,transliteration,en
usda_moong_dal,tran mag ni dal,transliteration,en
usda_moong_dal,mag ni daaal,transliteration,en
usda_moong_dal,mag ni dhal,transliteration,en
usda_moong_dal,moong dl,transliteration,en
usda_moong_dal,mag nee dal,transliteration,en
usda_moong_dal,mag mi dal,transliteration,en
usda_moong_dal,moonnng dal,transliteration,en
usda_moong_dal,be mag ni dal,transliteration,en
usda_moong_dal,moonnnng dal,transliteration,en
usda_moong_dal,mung dal,transliteration,en
usda_moong_dal,ma ni dal,transliteration,en
usda_moong_dal,mag nid al,transliteration,en
usda_moong_dal,mag ni al,transliteration,en
usda_moong_dal,moong dhal,transliteration,en
usda_moong_dal,4 pieces moong dal,transliteration,en
usda_moong_dal,mag no dal,transliteration,en
usda_moong_dal,be moong dal,transliteration,en
usda_moong_dal,magn i dal,transliteration,en
usda_moong_dal,2 bowls moong dal,transliteration,en
usda_moong_dal,mpong dal,transliteration,en
usda_moong_dal,mmmoong dal,transliteration,en
usda_moong_dal,moooong dal,transliteration,en
usda_moong_dal,mong dal,transliteration,en
usda_moong_dal,big bowl moong dal,transliteration,en
usda_moong_dal,panch moong dal,transliteration,en
usda_moong_dal,500g moong dal,transliteration,en
usda_moong_dal,2 pieces moong dal,transliteration,en
usda_moong_dal,be vaati moong dal,transliteration,en
usda_moong_dal,5 pieces moong dal,transliteration,en
usda_moong_dal,ek cup moong dal,transliteration,en
usda_moong_dal,nag ni dal,transliteration,en
usda_moong_dal,2 cups moong dal,transliteration,en
usda_moong_dal,mag ni dddal,transliteration,en
usda_moong_dal,moogn dal,transliteration,en
usda_moong_dal,mmmmag ni dal,transliteration,en
usda_moong_dal,200ml moong dal,transliteration,en
usda_moong_dal,50g moong dal,transliteration,en
usda_moong_dal,moong dal deep fried,transliteration,en
usda_moong_dal,monog dal,transliteration,en
usda_moong_dal,moong dal spicy,transliteration,en
usda_moong_dal,omong dal,transliteration,en
usda_moong_dal,tran moong dal,transliteration,en
usda_moong_dal,moong daaal,transliteration,en
usda_moong_dal,msg ni dal,transliteration,en
usda_moong_dal,feeku non-spicy moong dal,transliteration,en
usda_moong_dal,moong dal with butter,transliteration,en
food_auth_chana_dal,chana in dal,transliteration,en
food_auth_chana_dal,chan dal,transliteration,en
food_auth_chana_dal,chana dhal,transliteration,en
food_auth_chana_dal,chaaana dal,transliteration,en
food_auth_chana_dal,chana dal air fried,transliteration,en
food_auth_chana_dal,chans ni dal,transliteration,en
food_auth_chana_dal,chana dal sweet,transliteration,en
food_auth_chana_dal,chaaaana ni dal,transliteration,en
food_auth_chana_dal,chana sal,transliteration,en
food_auth_chana_dal,200g chana dal,transliteration,en
food_auth_chana_dal,chana nnnni dal,transliteration,en
food_auth_chana_dal,chana niiii dal,transliteration,en
food_auth_chana_dal,chsna ni dal,transliteration,en
food_auth_chana_dal,ek vaati chana dal,transliteration,en
food_auth_chana_dal,chanaaaa dal,transliteration,en
food_auth_chana_dal,tran chana ni dal,transliteration,en
food_auth_chana_dal,char chana dal,transliteration,en
food_auth_chana_dal,chans dal,transliteration,en
food_auth_chana_dal,chna dal,transliteration,en
food_auth_chana_dal,chana dal tadka,transliteration,en
food_auth_chana_dal,50g chana dal,transliteration,en
food_auth_chana_dal,250g chana dal,transliteration,en
food_auth_chana_dal,chana daaal,transliteration,en
food_auth_chana_dal,chama dal,transliteration,en
food_auth_chana_dal,2 cups chana dal,transliteration,en
food_auth_chana_dal,500ml chana dal,transliteration,en
food_auth_chana_dal,3 pieces chana dal,transliteration,en
food_auth_chana_dal,chaa dal,transliteration,en
food_auth_chana_dal,chana dal spicy,transliteration,en
food_auth_chana_dal,chana ny dal,transliteration,en
food_auth_chana_dal,2 pieces chana dal,transliteration,en
food_auth_chana_dal,chaanaa daal,transliteration,en
food_auth_chana_dal,chaan dal,transliteration,en
food_auth_chana_dal,500g chana dal,transliteration,en
food_auth_chana_dal,big bowl chana dal,transliteration,en
food_auth_chana_dal,chhana dal,transliteration,en
food_auth_chana_dal,chaa ni dal,transliteration,en
food_auth_chana_dal,chnaa ni dal,transliteration,en
food_auth_chana_dal,ek cup chana dal,transliteration,en
food_auth_chana_dal,chana nidal,transliteration,en
food_auth_chana_dal,chana ni dla,transliteration,en
food_auth_chana_dal,chana niii dal,transliteration,en
food_auth_chana_dal,chana dal shallow fried,transliteration,en
food_auth_chana_dal,chan adal,transliteration,en
food_auth_chana_dal,4 pieces chana dal,transliteration,en
food_auth_chana_dal,cahna dal,transliteration,en
food_auth_chana_dal,1 katori chana dal,transliteration,en
food_auth_chana_dal,chaaaana dal,transliteration,en
food_auth_chana_dal,5 pieces chana dal,transliteration,en
food_auth_chana_dal,chana n idal,transliteration,en
food_auth_chana_dal,chana ni dl,transliteration,en
food_auth_chana_dal,chana dal dry,transliteration,en
food_auth_chana_dal,chana dal multigrain,transliteration,en
food_auth_chana_dal,panch chana dal,transliteration,en
food_auth_chana_dal,chanani dal,transliteration,en
food_auth_chana_dal,chana ni al,transliteration,en
food_auth_chana_dal,chaaana ni dal,transliteration,en
food_auth_chana_dal,chana dal deep fried,transliteration,en
food_auth_chana_dal,chana i dal,transliteration,en
food_auth_chana_dal,chanaaaa ni dal,transliteration,en
food_auth_chana_dal,chanaaa dal,transliteration,en
food_auth_chana_dal,1 piece chana dal,transliteration,en
food_auth_chana_dal,2 bowls chana dal,transliteration,en
food_auth_chana_dal,hcana ni dal,transliteration,en
food_auth_chana_dal,chanadal,transliteration,en
food_auth_chana_dal,chana nee dal,transliteration,en
food_auth_chana_dal,ek chana ni dal,transliteration,en
food_auth_chana_dal,chana dl,transliteration,en
food_auth_chana_dal,ek katori chana dal,transliteration,en
food_auth_chana_dal,chana mi dal,transliteration,en
food_auth_chana_dal,ek glass chana dal,transliteration,en
food_auth_chana_dal,chana no dal,transliteration,en
food_auth_chana_dal,chana dal without ghee,transliteration,en
food_auth_chana_dal,chana nid al,transliteration,en
food_auth_chana_dal,chana dla,transliteration,en
food_auth_chana_dal,chama ni dal,transliteration,en
food_auth_chana_dal,chana dal with butter,transliteration,en
food_auth_chana_dal,chana al,transliteration,en
food_auth_chana_dal,chana dal whole wheat,transliteration,en
food_auth_chana_dal,be vaati chana dal,transliteration,en
food_auth_chana_dal,chaan ni dal,transliteration,en
food_auth_chana_dal,chana adl,transliteration,en
food_auth_chana_dal,chana daaaal,transliteration,en
food_auth_chana_dal,small bowl chana dal,transliteration,en
food_auth_chana_dal,be chana dal,transliteration,en
food_auth_chana_dal,chan ani dal,transliteration,en
food_auth_chana_dal,chana dal with jaggery,transliteration,en
food_auth_chana_dal,2 katori chana dal,transliteration,en
food_auth_chana_dal,100ml chana dal,transliteration,en
food_auth_chana_dal,chana dal extra butter,transliteration,en
food_auth_chana_dal,150g chana dal,transliteration,en
food_auth_chana_dal,hcana dal,transliteration,en
food_auth_chana_dal,chana ni dhal,transliteration,en
food_auth_chana_dal,100g chana dal,transliteration,en
food_auth_chana_dal,chana dddal,transliteration,en
food_auth_chana_dal,chana ddddal,transliteration,en
food_auth_chana_dal,cana dal,transliteration,en
food_auth_chana_dal,feeku non-spicy chana dal,transliteration,en
food_auth_chana_dal,chana n dal,transliteration,en
food_auth_chana_dal,chhana ni dal,transliteration,en
food_auth_chana_dal,channnna dal,transliteration,en
food_auth_chana_dal,chana dal gravy,transliteration,en
food_auth_chana_dal,chana dal mild,transliteration,en
food_auth_chana_dal,cahna ni dal,transliteration,en
food_auth_chana_dal,chanan i dal,transliteration,en
food_auth_chana_dal,chana ni ddddal,transliteration,en
food_auth_chana_dal,200ml chana dal,transliteration,en
food_auth_chana_dal,channna ni dal,transliteration,en
food_auth_chana_dal,chana ni adl,transliteration,en
food_auth_chana_dal,chana ni sal,transliteration,en
food_auth_chana_dal,1 glass chana dal,transliteration,en
food_auth_chana_dal,1 bowl chana dal,transliteration,en
food_auth_chana_dal,chana dal sugar free,transliteration,en
food_auth_chana_dal,2 glasses chana dal,transliteration,en
food_auth_chana_dal,1 cup chana dal,transliteration,en
food_auth_chana_dal,chana ni dsl,transliteration,en
food_auth_chana_dal,chaanaa ni daal,transliteration,en
food_auth_chana_dal,chanaaa ni dal,transliteration,en
food_auth_chana_dal,cana ni dal,transliteration,en
food_auth_chana_dal,chana nnni dal,transliteration,en
food_auth_chana_dal,chana ni dddal,transliteration,en
food_auth_chana_dal,ek chana dal,transliteration,en
food_auth_chana_dal,chana dal roasted,transliteration,en
food_auth_chana_dal,tran chana dal,transliteration,en
food_auth_chana_dal,chana dal boiled,transliteration,en
food_auth_chana_dal,250ml chana dal,transliteration,en
food_auth_chana_dal,chana dal with ghee,transliteration,en
food_auth_chana_dal,chnaa dal,transliteration,en
food_auth_chana_dal,chanad al,transliteration,en
food_auth_chana_dal,channna dal,transliteration,en
food_auth_chana_dal,chana ni daaal,transliteration,en
food_auth_chana_dal,chna ni dal,transliteration,en
food_auth_chana_dal,channnna ni dal,transliteration,en
food_auth_chana_dal,chana dal jain,transliteration,en
food_auth_chana_dal,be chana ni dal,transliteration,en
food_auth_chana_dal,chan ni dal,transliteration,en
food_auth_chana_dal,chsna dal,transliteration,en
food_auth_chana_dal,chana ni daaaal,transliteration,en
food_auth_chana_dal,half glass chana dal,transliteration,en
food_auth_chana_dal,chana dsl,transliteration,en
food_auth_chana_dal,chana dal steamed,transliteration,en
food_b99315d5,gujarati kadhiiii,transliteration,en
food_b99315d5,500g gujarati kadhi,transliteration,en
food_b99315d5,gujarati kadhi tadka,transliteration,en
food_b99315d5,gjarati kadhi,transliteration,en
food_b99315d5,gujarati kadhi mild,transliteration,en
food_b99315d5,1 bowl gujarati kadhi,transliteration,en
food_b99315d5,gjuarati kadhi,transliteration,en
food_b99315d5,gujarati adhi,transliteration,en
food_b99315d5,200ml gujarati kadhi,transliteration,en
food_b99315d5,gujarati jadhi,transliteration,en
food_b99315d5,gujarati akdhi,transliteration,en
food_b99315d5,100ml gujarati kadhi,transliteration,en
food_b99315d5,gujaratik adhi,transliteration,en
food_b99315d5,small bowl gujarati kadhi,transliteration,en
food_b99315d5,gujarati kadhiii,transliteration,en
food_b99315d5,gujarat kadhi,transliteration,en
food_b99315d5,gujaarti kadhi,transliteration,en
food_b99315d5,gujaratiiii kadhi,transliteration,en
food_b99315d5,goojarati kadhi,transliteration,en
food_b99315d5,gujarari kadhi,transliteration,en
food_b99315d5,gujartai kadhi,transliteration,en
food_b99315d5,2 pieces gujarati kadhi,transliteration,en
food_b99315d5,gujarati kadhi with jaggery,transliteration,en
food_b99315d5,gujaaarati kadhi,transliteration,en
food_b99315d5,gujarait kadhi,transliteration,en
food_b99315d5,feeku non-spicy gujarati kadhi,transliteration,en
food_b99315d5,gujarti kadhi,transliteration,en
food_b99315d5,gujarati kadhi extra butter,transliteration,en
food_b99315d5,gujarati kadho,transliteration,en
food_b99315d5,guarati kadhi,transliteration,en
food_b99315d5,5 pieces gujarati kadhi,transliteration,en
food_b99315d5,ek cup gujarati kadhi,transliteration,en
food_b99315d5,gujarrrati kadhi,transliteration,en
food_b99315d5,gujarati kahdi,transliteration,en
food_b99315d5,2 cups gujarati kadhi,transliteration,en
food_b99315d5,50g gujarati kadhi,transliteration,en
food_b99315d5,gujaratttti kadhi,transliteration,en
food_b99315d5,gujarati kadhi without ghee,transliteration,en
food_b99315d5,gujarathi kadhi,transliteration,en
food_b99315d5,gujarati kadhi multigrain,transliteration,en
food_b99315d5,gujarato kadhi,transliteration,en
food_b99315d5,gujaratiii kadhi,transliteration,en
food_b99315d5,gujarati kadi,transliteration,en
food_b99315d5,half glass gujarati kadhi,transliteration,en
food_b99315d5,2 glasses gujarati kadhi,transliteration,en
food_b99315d5,gujarati kadhi jain,transliteration,en
food_b99315d5,big bowl gujarati kadhi,transliteration,en
food_b99315d5,guuujarati kadhi,transliteration,en
food_b99315d5,gujaaaarati kadhi,transliteration,en
food_b99315d5,gujarati kaaaadhi,transliteration,en
food_b99315d5,gujarati kaddddhi,transliteration,en
food_b99315d5,gujarati kadddhi,transliteration,en
food_b99315d5,gujraati kadhi,transliteration,en
food_b99315d5,gujarati kadhi sweet,transliteration,en
food_b99315d5,gujaraaaati kadhi,transliteration,en
food_b99315d5,gujarati kadhhi,transliteration,en
food_b99315d5,gujarati kaaadhi,transliteration,en
food_b99315d5,gujarati kadhi roasted,transliteration,en
food_b99315d5,1 piece gujarati kadhi,transliteration,en
food_b99315d5,gujaratikadhi,transliteration,en
food_b99315d5,guajrati kadhi,transliteration,en
food_b99315d5,1 cup gujarati kadhi,transliteration,en
food_b99315d5,gujaati kadhi,transliteration,en
food_b99315d5,gujarati kadhi spicy,transliteration,en
food_b99315d5,2 katori gujarati kadhi,transliteration,en
food_b99315d5,tran gujarati kadhi,transliteration,en
food_b99315d5,3 pieces gujarati kadhi,transliteration,en
food_b99315d5,250g gujarati kadhi,transliteration,en
food_b99315d5,500ml gujarati kadhi,transliteration,en
food_b99315d5,gujsrati kadhi,transliteration,en
food_b99315d5,char gujarati kadhi,transliteration,en
food_b99315d5,be vaati gujarati kadhi,transliteration,en
food_b99315d5,200g gujarati kadhi,transliteration,en
food_b99315d5,gujarati kadhi dry,transliteration,en
food_b99315d5,gujarati kadhi gravy,transliteration,en
food_b99315d5,gujarati kadhi boiled,transliteration,en
food_b99315d5,1 glass gujarati kadhi,transliteration,en
food_b99315d5,ugjarati kadhi,transliteration,en
food_b99315d5,gujarati kadhi whole wheat,transliteration,en
food_b99315d5,panch gujarati kadhi,transliteration,en
food_b99315d5,4 pieces gujarati kadhi,transliteration,en
food_b99315d5,gujaraaati kadhi,transliteration,en
food_b99315d5,gujarati kadih,transliteration,en
food_b99315d5,gujarati kashi,transliteration,en
food_b99315d5,250ml gujarati kadhi,transliteration,en
food_b99315d5,gujarai kadhi,transliteration,en
food_b99315d5,gujaaraati kaadhi,transliteration,en
food_b99315d5,ek glass gujarati kadhi,transliteration,en
food_b99315d5,gujarrrrati kadhi,transliteration,en
food_b99315d5,gujaraty kadhy,transliteration,en
food_b99315d5,gujarattti kadhi,transliteration,en
food_b99315d5,guuuujarati kadhi,transliteration,en
food_b99315d5,gujarati kadhi deep fried,transliteration,en
food_b99315d5,gujarati kdhi,transliteration,en
food_b99315d5,gujarati kdahi,transliteration,en
food_b99315d5,150g gujarati kadhi,transliteration,en
food_b99315d5,1 katori gujarati kadhi,transliteration,en
food_b99315d5,gujarati ksdhi,transliteration,en
food_b99315d5,gujarati kahi,transliteration,en
food_b99315d5,gujarat ikadhi,transliteration,en
food_b99315d5,gujrati kadhi,transliteration,en
food_b99315d5,gujarati kadhi steamed,transliteration,en
food_b99315d5,gujatati kadhi,transliteration,en
food_b99315d5,gujarati kadhi air fried,transliteration,en
food_b99315d5,ek katori gujarati kadhi,transliteration,en
food_b99315d5,gujarati kadhi shallow fried,transliteration,en
food_b99315d5,2 bowls gujarati kadhi,transliteration,en
food_b99315d5,ek gujarati kadhi,transliteration,en
food_b99315d5,gujarati kadhi sugar free,transliteration,en
food_b99315d5,gujarati kadhi with ghee,transliteration,en
food_b99315d5,100g gujarati kadhi,transliteration,en
food_b99315d5,gujarsti kadhi,transliteration,en
food_b99315d5,gujarati kadhi with butter,transliteration,en
food_b99315d5,be gujarati kadhi,transliteration,en
food_b99315d5,ek vaati gujarati kadhi,transliteration,en
food_auth_punjabi_kadhi_pakora,pumjabi kadhi pakoda,transliteration,en
food_auth_punjabi_kadhi_pakora,punjabiii kadhi pakoda,transliteration,en
food_auth_punjabi_kadhi_pakora,punjabi kahdi pakoda,transliteration,en
food_auth_punjabi_kadhi_pakora,punjabi kadhi apkoda,transliteration,en
food_auth_punjabi_kadhi_pakora,500ml punjabi kadhi pakora,transliteration,en
food_auth_punjabi_kadhi_pakora,punjabi kadhi pakpra,transliteration,en
food_auth_punjabi_kadhi_pakora,250ml punjabi kadhi pakora,transliteration,en
food_auth_punjabi_kadhi_pakora,punjabi kahi pakoda,transliteration,en
food_auth_punjabi_kadhi_pakora,150g punjabi kadhi pakora,transliteration,en
food_auth_punjabi_kadhi_pakora,punjabi kashi pakora,transliteration,en
food_auth_punjabi_kadhi_pakora,punjabi kadhhi pakora,transliteration,en
food_auth_punjabi_kadhi_pakora,punjaaabi kadhi pakoda,transliteration,en
food_auth_punjabi_kadhi_pakora,punjabi kadhi paokda,transliteration,en
food_auth_punjabi_kadhi_pakora,punjabo kadhi pakora,transliteration,en
food_auth_punjabi_kadhi_pakora,punjabi ksdhi pakoda,transliteration,en
food_auth_punjabi_kadhi_pakora,ek punjabi kadhi pakora,transliteration,en
food_auth_punjabi_kadhi_pakora,punjab kadhi pakoda,transliteration,en
food_auth_punjabi_kadhi_pakora,500g punjabi kadhi pakora,transliteration,en
food_auth_punjabi_kadhi_pakora,punjabi kadddhi pakora,transliteration,en
food_auth_punjabi_kadhi_pakora,pnujabi kadhi pakora,transliteration,en
food_auth_punjabi_kadhi_pakora,punjabi kadhhi pakodha,transliteration,en
food_auth_punjabi_kadhi_pakora,punjabi kaaadhi pakoda,transliteration,en
food_auth_punjabi_kadhi_pakora,punjabik adhi pakora,transliteration,en
food_auth_punjabi_kadhi_pakora,punjabi kadhi pakodddda,transliteration,en
food_auth_punjabi_kadhi_pakora,50g punjabi kadhi pakora,transliteration,en
food_auth_punjabi_kadhi_pakora,punjaby kadhy pakora,transliteration,en
food_auth_punjabi_kadhi_pakora,punjabikadhi pakora,transliteration,en
food_auth_punjabi_kadhi_pakora,punjaib kadhi pakora,transliteration,en
food_auth_punjabi_kadhi_pakora,punjabi kashi pakoda,transliteration,en
food_auth_punjabi_kadhi_pakora,punjai kadhi pakora,transliteration,en
food_auth_punjabi_kadhi_pakora,punjabi kadh pakora,transliteration,en
food_auth_punjabi_kadhi_pakora,200ml punjabi kadhi pakora,transliteration,en
food_auth_punjabi_kadhi_pakora,punjabi adhi pakora,transliteration,en
food_auth_punjabi_kadhi_pakora,punjabi kadhi akora,transliteration,en
food_auth_punjabi_kadhi_pakora,punjabiiii kadhi pakoda,transliteration,en
food_auth_punjabi_kadhi_pakora,punjabi kadhi oakora,transliteration,en
food_auth_punjabi_kadhi_pakora,punnnjabi kadhi pakoda,transliteration,en
food_auth_punjabi_kadhi_pakora,punjabi kadhi pajora,transliteration,en
food_auth_punjabi_kadhi_pakora,char punjabi kadhi pakora,transliteration,en
food_auth_punjabi_kadhi_pakora,punjaaaabi kadhi pakora,transliteration,en
food_auth_punjabi_kadhi_pakora,200g punjabi kadhi pakora,transliteration,en
food_auth_punjabi_kadhi_pakora,punjabi kaaadhi pakora,transliteration,en
food_auth_punjabi_kadhi_pakora,punjabi kadhi apkora,transliteration,en
food_auth_punjabi_kadhi_pakora,punjab ikadhi pakoda,transliteration,en
food_auth_punjabi_kadhi_pakora,punjabi kadhi pakorrrra,transliteration,en
food_auth_punjabi_kadhi_pakora,punjabi kaddddhi pakora,transliteration,en
food_auth_punjabi_kadhi_pakora,punjabi kadh pakoda,transliteration,en
food_auth_punjabi_kadhi_pakora,punjai kadhi pakoda,transliteration,en
food_auth_punjabi_kadhi_pakora,punjabi kadhi paaaakoda,transliteration,en
food_auth_punjabi_kadhi_pakora,punjabi kadhi pkaora,transliteration,en
food_auth_punjabi_kadhi_pakora,punjaby kadhy pakoda,transliteration,en
food_auth_punjabi_kadhi_pakora,punjabi kadhi pakota,transliteration,en
food_auth_punjabi_kadhi_pakora,punjabi kadhi pakoad,transliteration,en
food_auth_punjabi_kadhi_pakora,punjabo kadhi pakoda,transliteration,en
food_auth_punjabi_kadhi_pakora,ounjabi kadhi pakora,transliteration,en
food_auth_punjabi_kadhi_pakora,pujnabi kadhi pakora,transliteration,en
food_auth_punjabi_kadhi_pakora,punjab ikadhi pakora,transliteration,en
food_auth_punjabi_kadhi_pakora,upnjabi kadhi pakoda,transliteration,en
food_auth_punjabi_kadhi_pakora,punjaaaabi kadhi pakoda,transliteration,en
food_auth_punjabi_kadhi_pakora,punjabi kadhiii pakoda,transliteration,en
food_auth_punjabi_kadhi_pakora,punjabi kadhi pakooooda,transliteration,en
food_auth_punjabi_kadhi_pakora,puuunjabi kadhi pakora,transliteration,en
food_auth_punjabi_kadhi_pakora,punabi kadhi pakora,transliteration,en
food_auth_punjabi_kadhi_pakora,punjabi kadhi pakoddda,transliteration,en
food_auth_punjabi_kadhi_pakora,punjaaabi kadhi pakora,transliteration,en
food_auth_punjabi_kadhi_pakora,punjabi kadhi pakoooora,transliteration,en
food_auth_punjabi_kadhi_pakora,punjabi kadhiiii pakoda,transliteration,en
food_auth_punjabi_kadhi_pakora,250g punjabi kadhi pakora,transliteration,en
food_auth_punjabi_kadhi_pakora,punjabi kadh ipakoda,transliteration,en
food_auth_punjabi_kadhi_pakora,punjabi kadho pakoda,transliteration,en
food_auth_punjabi_kadhi_pakora,be punjabi kadhi pakora,transliteration,en
food_auth_punjabi_kadhi_pakora,punjabi kadhi pskoda,transliteration,en
food_auth_punjabi_kadhi_pakora,punjabi kadhip akora,transliteration,en
food_auth_punjabi_kadhi_pakora,puuuunjabi kadhi pakoda,transliteration,en
food_auth_punjabi_kadhi_pakora,punjabee kadhee pakora,transliteration,en
food_auth_punjabi_kadhi_pakora,punjabhi kadhi pakora,transliteration,en
food_auth_punjabi_kadhi_pakora,punjabi kaaaadhi pakoda,transliteration,en
food_auth_punjabi_kadhi_pakora,punjabi kadih pakoda,transliteration,en
food_auth_punjabi_kadhi_pakora,punjabi kadhi pakora tadka,transliteration,en
food_auth_punjabi_kadhi_pakora,punjabi kadhi pakora mild,transliteration,en
food_auth_punjabi_kadhi_pakora,punjsbi kadhi pakora,transliteration,en
food_auth_punjabi_kadhi_pakora,punnnnjabi kadhi pakora,transliteration,en
food_auth_punjabi_kadhi_pakora,be punjabi kadhi pakoda,transliteration,en
food_auth_punjabi_kadhi_pakora,punjabhi kadhi pakoda,transliteration,en
food_auth_punjabi_kadhi_pakora,punjabi kadhi paaakoda,transliteration,en
food_auth_punjabi_kadhi_pakora,punnnjabi kadhi pakora,transliteration,en
food_auth_punjabi_kadhi_pakora,punjabi akdhi pakora,transliteration,en
food_auth_punjabi_kadhi_pakora,tran punjabi kadhi pakora,transliteration,en
food_auth_punjabi_kadhi_pakora,puuuunjabi kadhi pakora,transliteration,en
food_auth_punjabi_kadhi_pakora,punjabi kadhiiii pakora,transliteration,en
food_auth_punjabi_kadhi_pakora,ounjabi kadhi pakoda,transliteration,en
food_auth_punjabi_kadhi_pakora,punjabik adhi pakoda,transliteration,en
food_auth_punjabi_kadhi_pakora,punjabi kdahi pakoda,transliteration,en
food_auth_punjabi_kadhi_pakora,punjabi kdahi pakora,transliteration,en
food_auth_punjabi_kadhi_pakora,pnujabi kadhi pakoda,transliteration,en
food_auth_punjabi_kadhi_pakora,ek punjabi kadhi pakoda,transliteration,en
food_auth_punjabi_kadhi_pakora,punjabi kadhi pakodaaa,transliteration,en
food_auth_punjabi_kadhi_pakora,punjabi kadhi pakora dry,transliteration,en
food_auth_punjabi_kadhi_pakora,puuunjabi kadhi pakoda,transliteration,en
food_auth_punjabi_kadhi_pakora,punjabi kadhi paaakora,transliteration,en
food_auth_punjabi_kadhi_pakora,punjabi kadhi paokra,transliteration,en
food_auth_punjabi_kadhi_pakora,punjabi kadhi pakra,transliteration,en
food_auth_punjabi_kadhi_pakora,punjabi kadhi oakoda,transliteration,en
food_auth_punjabi_kadhi_pakora,100g punjabi kadhi pakora,transliteration,en
food_auth_punjabi_kadhi_pakora,pujnabi kadhi pakoda,transliteration,en
food_auth_punjabi_kadhi_pakora,100ml punjabi kadhi pakora,transliteration,en
food_auth_punjabi_kadhi_pakora,punjabi kadhiii pakora,transliteration,en
food_auth_punjabi_kadhi_pakora,pujabi kadhi pakoda,transliteration,en
food_auth_punjabi_kadhi_pakora,punjbi kadhi pakora,transliteration,en
food_auth_punjabi_kadhi_pakora,punjbai kadhi pakora,transliteration,en
food_auth_punjabi_kadhi_pakora,punjabi kadhi pakda,transliteration,en
food_auth_punjabi_kadhi_pakora,tran punjabi kadhi pakoda,transliteration,en
food_auth_punjabi_kadhi_pakora,punjabi kadhi pakoraaa,transliteration,en
food_auth_punjabi_kadhi_pakora,punjabi kadhipakora,transliteration,en
food_auth_punjabi_kadhi_pakora,punjabi kahdi pakora,transliteration,en
food_auth_punjabi_kadhi_pakora,punjbai kadhi pakoda,transliteration,en
food_auth_punjabi_kadhi_pakora,punjabi kadhi pakora boiled,transliteration,en
food_auth_punjabi_kadhi_pakora,punjabi kadhi pakors,transliteration,en
food_auth_punjabi_kadhi_pakora,punjabi kdhi pakora,transliteration,en
food_auth_punjabi_kadhi_pakora,punjabi kahi pakora,transliteration,en
food_auth_punjabi_kadhi_pakora,poonjabi kadhi pakora,transliteration,en
food_auth_punjabi_kadhi_pakora,punjaabi kaadhi paakodaa,transliteration,en
food_auth_punjabi_kadhi_pakora,punjabi kadhi pkoda,transliteration,en
food_auth_punjabi_kadhi_pakora,punjabi kadhi pakodaaaa,transliteration,en
food_auth_punjabi_kadhi_pakora,punjabi kadhi akoda,transliteration,en
food_auth_punjabi_kadhi_pakora,punjabi jadhi pakora,transliteration,en
food_auth_punjabi_kadhi_pakora,punjabikadhi pakoda,transliteration,en
food_auth_punjabi_kadhi_pakora,punjabi kadhi pakoar,transliteration,en
food_auth_punjabi_kadhi_pakora,punjabi kadhi pakpda,transliteration,en
food_auth_punjabi_kadhi_pakora,punajbi kadhi pakora,transliteration,en
food_auth_punjabi_kadhi_pakora,pujabi kadhi pakora,transliteration,en
food_auth_punjabi_kadhi_pakora,punjaib kadhi pakoda,transliteration,en
food_auth_punjabi_kadhi_pakora,punjabi kadih pakora,transliteration,en
food_auth_punjabi_kadhi_pakora,punjabi kaaaadhi pakora,transliteration,en
food_auth_punjabi_kadhi_pakora,punjabi kadhi pakoraaaa,transliteration,en
food_auth_punjabi_kadhi_pakora,punjabi ksdhi pakora,transliteration,en
food_auth_punjabi_kadhi_pakora,punjabi kadhi pakora jain,transliteration,en
food_auth_punjabi_kadhi_pakora,punjabi kadhi pakods,transliteration,en
food_auth_punjabi_kadhi_pakora,punjabi kadhi pkora,transliteration,en
food_auth_punjabi_kadhi_pakora,punjabi kadhi pakora spicy,transliteration,en
food_auth_punjabi_kadhi_pakora,punjbi kadhi pakoda,transliteration,en
food_auth_punjabi_kadhi_pakora,punjabiiii kadhi pakora,transliteration,en
food_auth_punjabi_kadhi_pakora,punjabi kadhip akoda,transliteration,en
food_auth_punjabi_kadhi_pakora,punjab kadhi pakora,transliteration,en
food_auth_punjabi_kadhi_pakora,punjaabi kaadhi paakoraa,transliteration,en
food_auth_punjabi_kadhi_pakora,punjabi adhi pakoda,transliteration,en
food_auth_punjabi_kadhi_pakora,upnjabi kadhi pakora,transliteration,en
food_auth_punjabi_kadhi_pakora,punjabi kadho pakora,transliteration,en
food_auth_punjabi_kadhi_pakora,punjabi kadhi pakosa,transliteration,en
food_auth_punjabi_kadhi_pakora,punjabi kadhi pskora,transliteration,en
food_auth_punjabi_kadhi_pakora,punjabi kadhi pakora sweet,transliteration,en
food_auth_punjabi_kadhi_pakora,punjabi kadhi pakooora,transliteration,en
food_auth_punjabi_kadhi_pakora,punjabi kaddddhi pakoda,transliteration,en
food_auth_punjabi_kadhi_pakora,punjabi kadhi pajoda,transliteration,en
food_auth_punjabi_kadhi_pakora,punjabee kadhee pakoda,transliteration,en
food_auth_punjabi_kadhi_pakora,punabi kadhi pakoda,transliteration,en
food_auth_punjabi_kadhi_pakora,punjabi kadhi pakora steamed,transliteration,en
food_auth_punjabi_kadhi_pakora,punjabi kadhi pakorrra,transliteration,en
food_auth_punjabi_kadhi_pakora,punjabi kadhi pakoa,transliteration,en
food_auth_punjabi_kadhi_pakora,punjabi kadhi pakora gravy,transliteration,en
food_auth_punjabi_kadhi_pakora,punjabi kadhi pakora roasted,transliteration,en
food_auth_punjabi_kadhi_pakora,pnjabi kadhi pakora,transliteration,en
food_auth_punjabi_kadhi_pakora,punjabiii kadhi pakora,transliteration,en
food_auth_punjabi_kadhi_pakora,punnnnjabi kadhi pakoda,transliteration,en
food_auth_punjabi_kadhi_pakora,punjabi kadddhi pakoda,transliteration,en
food_auth_punjabi_kadhi_pakora,pnjabi kadhi pakoda,transliteration,en
food_auth_punjabi_kadhi_pakora,punjabi kadhi paaaakora,transliteration,en
food_auth_punjabi_kadhi_pakora,punjabi kadhipakoda,transliteration,en
food_auth_punjabi_kadhi_pakora,punajbi kadhi pakoda,transliteration,en
food_auth_punjabi_kadhi_pakora,poonjabi kadhi pakoda,transliteration,en
food_auth_punjabi_kadhi_pakora,punjsbi kadhi pakoda,transliteration,en
food_auth_punjabi_kadhi_pakora,pumjabi kadhi pakora,transliteration,en
food_auth_punjabi_kadhi_pakora,punjabi akdhi pakoda,transliteration,en
food_auth_punjabi_kadhi_pakora,punjabi kadi pakoda,transliteration,en
food_auth_punjabi_kadhi_pakora,punjabi kadhi paora,transliteration,en
food_auth_punjabi_kadhi_pakora,punjabi kadhi pakoooda,transliteration,en
food_auth_punjabi_kadhi_pakora,punjabi kadhi pakdoa,transliteration,en
food_auth_punjabi_kadhi_pakora,punjabi kdhi pakoda,transliteration,en
food_auth_punjabi_kadhi_pakora,punjabi kadi pakora,transliteration,en
food_auth_punjabi_kadhi_pakora,punjabi kadhi pakroa,transliteration,en
food_auth_punjabi_kadhi_pakora,punjabi kadh ipakora,transliteration,en
food_auth_punjabi_kadhi_pakora,punjabi jadhi pakoda,transliteration,en
food_auth_punjabi_kadhi_pakora,panch punjabi kadhi pakora,transliteration,en
food_auth_punjabi_kadhi_pakora,punjabi kadhi paoda,transliteration,en
food_auth_punjabi_kadhi_pakora,punjabi kadhi pakora multigrain,transliteration,en
food_auth_punjabi_kadhi_pakora,punjabi kadhi pkaoda,transliteration,en
food_5bddb797,sambar mild,transliteration,en
food_5bddb797,multigrain fiber rich sambar,transliteration,en
food_5bddb797,1 bowl sambar,transliteration,en
food_5bddb797,2 pieces sambar,transliteration,en
food_5bddb797,sambar sugar free,transliteration,en
food_5bddb797,sambhaaar,transliteration,en
food_5bddb797,sambar whole wheat,transliteration,en
food_5bddb797,sambhr,transliteration,en
food_5bddb797,ssssambhar,transliteration,en
food_5bddb797,shambar,transliteration,en
food_5bddb797,sabmar,transliteration,en
food_5bddb797,sambr,transliteration,en
food_5bddb797,150g sambar,transliteration,en
food_5bddb797,saambhaar,transliteration,en
food_5bddb797,ek glass sambar,transliteration,en
food_5bddb797,sanbhar,transliteration,en
food_5bddb797,samhbar,transliteration,en
food_5bddb797,250g sambar,transliteration,en
food_5bddb797,sambat,transliteration,en
food_5bddb797,be sambhar,transliteration,en
food_5bddb797,ek glass sambhar,transliteration,en
food_5bddb797,saaaambhar,transliteration,en
food_5bddb797,sambar spicy,transliteration,en
food_5bddb797,sambhhar,transliteration,en
food_5bddb797,saambaar,transliteration,en
food_5bddb797,ek sambar,transliteration,en
food_5bddb797,sambar roasted,transliteration,en
food_5bddb797,ek cup sambar,transliteration,en
food_5bddb797,smbar,transliteration,en
food_5bddb797,sambhsr,transliteration,en
food_5bddb797,sssambhar,transliteration,en
food_5bddb797,small bowl sambar,transliteration,en
food_5bddb797,sambar boiled,transliteration,en
food_5bddb797,be sambar,transliteration,en
food_5bddb797,tawa roasted crispy sambar,transliteration,en
food_5bddb797,sambar jain,transliteration,en
food_5bddb797,half glass sambar,transliteration,en
food_5bddb797,100g sambar,transliteration,en
food_5bddb797,ek sambhar,transliteration,en
food_5bddb797,sambar without ghee,transliteration,en
food_5bddb797,sambar gravy,transliteration,en
food_5bddb797,sambarrr,transliteration,en
food_5bddb797,smabhar,transliteration,en
food_5bddb797,shambhar,transliteration,en
food_5bddb797,sambhra,transliteration,en
food_5bddb797,sammmbar,transliteration,en
food_5bddb797,sssambar,transliteration,en
food_5bddb797,100ml sambar,transliteration,en
food_5bddb797,saaambhar,transliteration,en
food_5bddb797,sabar,transliteration,en
food_5bddb797,samabr,transliteration,en
food_5bddb797,sambhaaaar,transliteration,en
food_5bddb797,big bowl sambar,transliteration,en
food_5bddb797,ssmbhar,transliteration,en
food_5bddb797,500ml sambar,transliteration,en
food_5bddb797,be vaati sambar,transliteration,en
food_5bddb797,ssssambar,transliteration,en
food_5bddb797,sambar with butter,transliteration,en
food_5bddb797,sabhar,transliteration,en
food_5bddb797,saaaambar,transliteration,en
food_5bddb797,smbhar,transliteration,en
food_5bddb797,sambar tadka,transliteration,en
food_5bddb797,sambar shallow fried,transliteration,en
food_5bddb797,aambhar,transliteration,en
food_5bddb797,sambarrrr,transliteration,en
food_5bddb797,be vaati sambhar,transliteration,en
food_5bddb797,samhar,transliteration,en
food_5bddb797,sambahr,transliteration,en
food_5bddb797,sambar extra butter,transliteration,en
food_5bddb797,2 katori sambar,transliteration,en
food_5bddb797,feeku non-spicy sambar,transliteration,en
food_5bddb797,2 bowls sambar,transliteration,en
food_5bddb797,sammmbhar,transliteration,en
food_5bddb797,250ml sambar,transliteration,en
food_5bddb797,tran sambar,transliteration,en
food_5bddb797,1 piece sambar,transliteration,en
food_5bddb797,asmbar,transliteration,en
food_5bddb797,1 cup sambar,transliteration,en
food_5bddb797,sambharrr,transliteration,en
food_5bddb797,sambhat,transliteration,en
food_5bddb797,sambar sweet,transliteration,en
food_5bddb797,tran sambhar,transliteration,en
food_5bddb797,sambaaar,transliteration,en
food_5bddb797,asmbhar,transliteration,en
food_5bddb797,1 katori sambar,transliteration,en
food_5bddb797,sambharrrr,transliteration,en
food_5bddb797,sambra,transliteration,en
food_5bddb797,500g sambar,transliteration,en
food_5bddb797,ek katori sambar,transliteration,en
food_5bddb797,sammmmbar,transliteration,en
food_5bddb797,sambaaaar,transliteration,en
food_5bddb797,smabar,transliteration,en
food_5bddb797,aambar,transliteration,en
food_5bddb797,200g sambar,transliteration,en
food_5bddb797,meethu jaggery sweet sambar,transliteration,en
food_5bddb797,sambar steamed,transliteration,en
food_5bddb797,sambar with ghee,transliteration,en
food_5bddb797,ek vaati sambhar,transliteration,en
food_5bddb797,sambar with jaggery,transliteration,en
food_5bddb797,3 pieces sambar,transliteration,en
food_5bddb797,saaambar,transliteration,en
food_5bddb797,sambar deep fried,transliteration,en
food_5bddb797,ek vaati sambar,transliteration,en
food_5bddb797,sabmhar,transliteration,en
food_5bddb797,char sambar,transliteration,en
food_5bddb797,sambsr,transliteration,en
food_5bddb797,4 pieces sambar,transliteration,en
food_5bddb797,2 glasses sambar,transliteration,en
food_5bddb797,200ml sambar,transliteration,en
food_5bddb797,50g sambar,transliteration,en
food_5bddb797,ssmbar,transliteration,en
food_5bddb797,ek cup sambhar,transliteration,en
food_5bddb797,sambar air fried,transliteration,en
food_5bddb797,sambar multigrain,transliteration,en
food_5bddb797,ek katori sambhar,transliteration,en
food_5bddb797,panch sambar,transliteration,en
food_5bddb797,sanbar,transliteration,en
food_5bddb797,5 pieces sambar,transliteration,en
food_5bddb797,sukhi dry sabzi sambar,transliteration,en
food_5bddb797,sammmmbhar,transliteration,en
food_5bddb797,1 glass sambar,transliteration,en
food_5bddb797,sambar dry,transliteration,en
food_5bddb797,samar,transliteration,en
food_5bddb797,2 cups sambar,transliteration,en
food_e67b220d,rasma,transliteration,en
food_e67b220d,rsaam,transliteration,en
food_e67b220d,ek glass rasam,transliteration,en
food_e67b220d,100g rasam,transliteration,en
food_e67b220d,1 cup rasam,transliteration,en
food_e67b220d,150g rasam,transliteration,en
food_e67b220d,panch rasam,transliteration,en
food_e67b220d,tawa roasted crispy rasam,transliteration,en
food_e67b220d,raaam,transliteration,en
food_e67b220d,250ml rasam,transliteration,en
food_e67b220d,raam,transliteration,en
food_e67b220d,5 pieces rasam,transliteration,en
food_e67b220d,ek vaati rasam,transliteration,en
food_e67b220d,2 cups rasam,transliteration,en
food_e67b220d,200g rasam,transliteration,en
food_e67b220d,rasan,transliteration,en
food_e67b220d,tran rasam,transliteration,en
food_e67b220d,raaaasam,transliteration,en
food_e67b220d,rasam steamed,transliteration,en
food_e67b220d,be rasam,transliteration,en
food_e67b220d,500g rasam,transliteration,en
food_e67b220d,rasaaaam,transliteration,en
food_e67b220d,rasam tadka,transliteration,en
food_e67b220d,rasam with ghee,transliteration,en
food_e67b220d,rasam shallow fried,transliteration,en
food_e67b220d,rsam,transliteration,en
food_e67b220d,rasam with butter,transliteration,en
food_e67b220d,rasam spicy,transliteration,en
food_e67b220d,rassssam,transliteration,en
food_e67b220d,sukhi dry sabzi rasam,transliteration,en
food_e67b220d,rasam sweet,transliteration,en
food_e67b220d,rasam dry,transliteration,en
food_e67b220d,3 pieces rasam,transliteration,en
food_e67b220d,half glass rasam,transliteration,en
food_e67b220d,1 glass rasam,transliteration,en
food_e67b220d,raasaam,transliteration,en
food_e67b220d,500ml rasam,transliteration,en
food_e67b220d,rasam whole wheat,transliteration,en
food_e67b220d,ek cup rasam,transliteration,en
food_e67b220d,1 piece rasam,transliteration,en
food_e67b220d,meethu jaggery sweet rasam,transliteration,en
food_e67b220d,250g rasam,transliteration,en
food_e67b220d,raaasam,transliteration,en
food_e67b220d,rasam air fried,transliteration,en
food_e67b220d,rasammm,transliteration,en
food_e67b220d,2 bowls rasam,transliteration,en
food_e67b220d,4 pieces rasam,transliteration,en
food_e67b220d,50g rasam,transliteration,en
food_e67b220d,rasssam,transliteration,en
food_e67b220d,1 katori rasam,transliteration,en
food_e67b220d,1 bowl rasam,transliteration,en
food_e67b220d,2 pieces rasam,transliteration,en
food_e67b220d,feeku non-spicy rasam,transliteration,en
food_e67b220d,rasam roasted,transliteration,en
food_e67b220d,arsam,transliteration,en
food_e67b220d,rrrrasam,transliteration,en
food_e67b220d,multigrain fiber rich rasam,transliteration,en
food_e67b220d,2 glasses rasam,transliteration,en
food_e67b220d,ek katori rasam,transliteration,en
food_e67b220d,ek rasam,transliteration,en
food_e67b220d,rasam sugar free,transliteration,en
food_e67b220d,rasaaam,transliteration,en
food_e67b220d,big bowl rasam,transliteration,en
food_e67b220d,raasm,transliteration,en
food_e67b220d,rasam multigrain,transliteration,en
food_e67b220d,rasam jain,transliteration,en
food_e67b220d,2 katori rasam,transliteration,en
food_e67b220d,be vaati rasam,transliteration,en
food_e67b220d,small bowl rasam,transliteration,en
food_e67b220d,char rasam,transliteration,en
food_e67b220d,rasham,transliteration,en
food_e67b220d,rasam extra butter,transliteration,en
food_e67b220d,rssam,transliteration,en
food_e67b220d,rasam gravy,transliteration,en
food_e67b220d,rasam without ghee,transliteration,en
food_e67b220d,rasam with jaggery,transliteration,en
food_e67b220d,rassm,transliteration,en
food_e67b220d,rasam boiled,transliteration,en
food_e67b220d,rasammmm,transliteration,en
food_e67b220d,rasm,transliteration,en
food_e67b220d,rasam deep fried,transliteration,en
food_e67b220d,rrrasam,transliteration,en
food_e67b220d,200ml rasam,transliteration,en
food_e67b220d,100ml rasam,transliteration,en
food_e67b220d,rasam mild,transliteration,en
food_e67b220d,tasam,transliteration,en
food_auth_jeera_rice,jeera rie,transliteration,en
food_auth_jeera_rice,jeera ricw,transliteration,en
food_auth_jeera_rice,ek glass jeera rice,transliteration,en
food_auth_jeera_rice,jeera rice multigrain,transliteration,en
food_auth_jeera_rice,jeera rice with butter,transliteration,en
food_auth_jeera_rice,jeera rice with jaggery,transliteration,en
food_auth_jeera_rice,jeera rice sugar free,transliteration,en
food_auth_jeera_rice,jeeeeera rice,transliteration,en
food_auth_jeera_rice,jeera rice jain,transliteration,en
food_auth_jeera_rice,5 pieces jeera rice,transliteration,en
food_auth_jeera_rice,250g jeera rice,transliteration,en
food_auth_jeera_rice,jeera riiiice,transliteration,en
food_auth_jeera_rice,jwera rice,transliteration,en
food_auth_jeera_rice,char jeera rice,transliteration,en
food_auth_jeera_rice,jeeeera rice,transliteration,en
food_auth_jeera_rice,2 bowls jeera rice,transliteration,en
food_auth_jeera_rice,half glass jeera rice,transliteration,en
food_auth_jeera_rice,150g jeera rice,transliteration,en
food_auth_jeera_rice,jeer rice,transliteration,en
food_auth_jeera_rice,jeers rice,transliteration,en
food_auth_jeera_rice,jeera irce,transliteration,en
food_auth_jeera_rice,200ml jeera rice,transliteration,en
food_auth_jeera_rice,ek jeera rice,transliteration,en
food_auth_jeera_rice,jeerar ice,transliteration,en
food_auth_jeera_rice,1 katori jeera rice,transliteration,en
food_auth_jeera_rice,1 piece jeera rice,transliteration,en
food_auth_jeera_rice,jeera riec,transliteration,en
food_auth_jeera_rice,jeeraa rice,transliteration,en
food_auth_jeera_rice,jeera ice,transliteration,en
food_auth_jeera_rice,ejera rice,transliteration,en
food_auth_jeera_rice,jeeraaaa rice,transliteration,en
food_auth_jeera_rice,500ml jeera rice,transliteration,en
food_auth_jeera_rice,panch jeera rice,transliteration,en
food_auth_jeera_rice,jeera rice tadka,transliteration,en
food_auth_jeera_rice,jewra rice,transliteration,en
food_auth_jeera_rice,jeera rice dry,transliteration,en
food_auth_jeera_rice,jeeraaa rice,transliteration,en
food_auth_jeera_rice,tran jeera rice,transliteration,en
food_auth_jeera_rice,jera rice,transliteration,en
food_auth_jeera_rice,jeera rice whole wheat,transliteration,en
food_auth_jeera_rice,jeera rice deep fried,transliteration,en
food_auth_jeera_rice,be vaati jeera rice,transliteration,en
food_auth_jeera_rice,jeer arice,transliteration,en
food_auth_jeera_rice,jeera rice air fried,transliteration,en
food_auth_jeera_rice,jira rice,transliteration,en
food_auth_jeera_rice,jeera rice steamed,transliteration,en
food_auth_jeera_rice,2 glasses jeera rice,transliteration,en
food_auth_jeera_rice,4 pieces jeera rice,transliteration,en
food_auth_jeera_rice,200g jeera rice,transliteration,en
food_auth_jeera_rice,100g jeera rice,transliteration,en
food_auth_jeera_rice,3 pieces jeera rice,transliteration,en
food_auth_jeera_rice,jeera ryce,transliteration,en
food_auth_jeera_rice,jeera rcie,transliteration,en
food_auth_jeera_rice,be jeera rice,transliteration,en
food_auth_jeera_rice,50g jeera rice,transliteration,en
food_auth_jeera_rice,jeear rice,transliteration,en
food_auth_jeera_rice,jeera rice mild,transliteration,en
food_auth_jeera_rice,jeera rice extra butter,transliteration,en
food_auth_jeera_rice,big bowl jeera rice,transliteration,en
food_auth_jeera_rice,jerea rice,transliteration,en
food_auth_jeera_rice,1 bowl jeera rice,transliteration,en
food_auth_jeera_rice,jeera rice gravy,transliteration,en
food_auth_jeera_rice,ek vaati jeera rice,transliteration,en
food_auth_jeera_rice,jeera rice shallow fried,transliteration,en
food_auth_jeera_rice,small bowl jeera rice,transliteration,en
food_auth_jeera_rice,jeera rice roasted,transliteration,en
food_auth_jeera_rice,jeerarice,transliteration,en
food_auth_jeera_rice,jeera rce,transliteration,en
food_auth_jeera_rice,2 katori jeera rice,transliteration,en
food_auth_jeera_rice,jeera rice without ghee,transliteration,en
food_auth_jeera_rice,jeera riceee,transliteration,en
food_auth_jeera_rice,jeera roce,transliteration,en
food_auth_jeera_rice,1 glass jeera rice,transliteration,en
food_auth_jeera_rice,jeera rice boiled,transliteration,en
food_auth_jeera_rice,100ml jeera rice,transliteration,en
food_auth_jeera_rice,feeku non-spicy jeera rice,transliteration,en
food_auth_jeera_rice,jeera riceeee,transliteration,en
food_auth_jeera_rice,jeera riiice,transliteration,en
food_auth_jeera_rice,2 pieces jeera rice,transliteration,en
food_auth_jeera_rice,500g jeera rice,transliteration,en
food_auth_jeera_rice,ek cup jeera rice,transliteration,en
food_auth_jeera_rice,1 cup jeera rice,transliteration,en
food_auth_jeera_rice,jeerrrra rice,transliteration,en
food_auth_jeera_rice,2 cups jeera rice,transliteration,en
food_auth_jeera_rice,jeera rrrice,transliteration,en
food_auth_jeera_rice,250ml jeera rice,transliteration,en
food_auth_jeera_rice,jeea rice,transliteration,en
food_auth_jeera_rice,ek katori jeera rice,transliteration,en
food_auth_jeera_rice,jeerrra rice,transliteration,en
food_auth_jeera_rice,jeera reece,transliteration,en
food_auth_jeera_rice,jeera rrrrice,transliteration,en
food_auth_jeera_rice,jeera rice with ghee,transliteration,en
food_auth_jeera_rice,jeera rice spicy,transliteration,en
food_auth_jeera_rice,jeera rice sweet,transliteration,en
food_auth_jeera_rice,jeeta rice,transliteration,en
food_auth_jeera_rice,jeera tice,transliteration,en
food_25d12724,ek vaati khichdi,transliteration,en
food_25d12724,khichdi gravy,transliteration,en
food_25d12724,khichdi sathe gujarati kadhi,transliteration,en
food_25d12724,4 pieces khichdi,transliteration,en
food_25d12724,khichdi deep fried,transliteration,en
food_25d12724,khichdi spicy,transliteration,en
food_25d12724,khichdi tadka,transliteration,en
food_25d12724,khichdi air fried,transliteration,en
food_25d12724,khichdi sugar free,transliteration,en
food_25d12724,1 piece khichdi,transliteration,en
food_25d12724,khicdhi,transliteration,en
food_25d12724,big bowl khichdi,transliteration,en
food_25d12724,ek cup khichdi,transliteration,en
food_25d12724,200ml khichdi,transliteration,en
food_25d12724,feeku non-spicy khichdi,transliteration,en
food_25d12724,khchdi,transliteration,en
food_25d12724,panch khichdi,transliteration,en
food_25d12724,khichdi roasted,transliteration,en
food_25d12724,khihdi,transliteration,en
food_25d12724,khichdi without ghee,transliteration,en
food_25d12724,khichddddi,transliteration,en
food_25d12724,khichdo,transliteration,en
food_25d12724,ek katori khichdi,transliteration,en
food_25d12724,khichdddi,transliteration,en
food_25d12724,khichdiii,transliteration,en
food_25d12724,khichdi jain,transliteration,en
food_25d12724,200g khichdi,transliteration,en
food_25d12724,khichdi with butter,transliteration,en
food_25d12724,khichdi with ghee,transliteration,en
food_25d12724,be vaati khichdi,transliteration,en
food_25d12724,khichid,transliteration,en
food_25d12724,be khichdi,transliteration,en
food_25d12724,be khichdikadhi,transliteration,en
food_25d12724,teen khichdikadhi,transliteration,en
food_25d12724,khochdi,transliteration,en
food_25d12724,multigrain fiber rich khichdi,transliteration,en
food_25d12724,2 khichdikadhi,transliteration,en
food_25d12724,1 khichdikadhi,transliteration,en
food_25d12724,khichdi with jaggery,transliteration,en
food_25d12724,khichdi steamed,transliteration,en
food_25d12724,ek khichdi,transliteration,en
food_25d12724,khicdi,transliteration,en
food_25d12724,5 pieces khichdi,transliteration,en
food_25d12724,khichdi and gujarati kadhi,transliteration,en
food_25d12724,do khichdikadhi,transliteration,en
food_25d12724,bowl khichdikadhi,transliteration,en
food_25d12724,khichdi dry,transliteration,en
food_25d12724,tran khichdikadhi,transliteration,en
food_25d12724,150g khichdi,transliteration,en
food_25d12724,ek glass khichdi,transliteration,en
food_25d12724,100ml khichdi,transliteration,en
food_25d12724,250ml khichdi,transliteration,en
food_25d12724,khichdi ane gujarati kadhi,transliteration,en
food_25d12724,khichdhi,transliteration,en
food_25d12724,khcihdi,transliteration,en
food_25d12724,glass khichdikadhi,transliteration,en
food_25d12724,khichhdi,transliteration,en
food_25d12724,100g khichdi,transliteration,en
food_25d12724,250g khichdi,transliteration,en
food_25d12724,khichdikadhi,transliteration,en
food_25d12724,khichdi extra butter,transliteration,en
food_25d12724,khichdi mild,transliteration,en
food_25d12724,kichdi,transliteration,en
food_25d12724,jhichdi,transliteration,en
food_25d12724,1 bowl khichdi,transliteration,en
food_25d12724,meethu jaggery sweet khichdi,transliteration,en
food_25d12724,sukhi dry sabzi khichdi,transliteration,en
food_25d12724,khiiichdi,transliteration,en
food_25d12724,khichdi aur gujarati kadhi,transliteration,en
food_25d12724,ek khichdikadhi,transliteration,en
food_25d12724,khiiiichdi,transliteration,en
food_25d12724,khichdiiii,transliteration,en
food_25d12724,500ml khichdi,transliteration,en
food_25d12724,khichsi,transliteration,en
food_25d12724,2 pieces khichdi,transliteration,en
food_25d12724,half glass khichdi,transliteration,en
food_25d12724,khichdi sweet,transliteration,en
food_25d12724,50g khichdi,transliteration,en
food_25d12724,khichi,transliteration,en
food_25d12724,khichdi with gujarati kadhi,transliteration,en
food_25d12724,500g khichdi,transliteration,en
food_25d12724,kihchdi,transliteration,en
food_25d12724,3 pieces khichdi,transliteration,en
food_25d12724,1 cup khichdi,transliteration,en
food_25d12724,khichdi multigrain,transliteration,en
food_25d12724,hkichdi,transliteration,en
food_25d12724,small bowl khichdi,transliteration,en
food_25d12724,2 glasses khichdi,transliteration,en
food_25d12724,2 cups khichdi,transliteration,en
food_25d12724,1 glass khichdi,transliteration,en
food_25d12724,kheechdee,transliteration,en
food_25d12724,2 katori khichdi,transliteration,en
food_25d12724,2 bowls khichdi,transliteration,en
food_25d12724,khihcdi,transliteration,en
food_25d12724,tawa roasted crispy khichdi,transliteration,en
food_25d12724,3 khichdikadhi,transliteration,en
food_25d12724,khichdi whole wheat,transliteration,en
food_25d12724,khichdi boiled,transliteration,en
food_25d12724,tran khichdi,transliteration,en
food_25d12724,khychdy,transliteration,en
food_25d12724,khichdi shallow fried,transliteration,en
food_25d12724,1 katori khichdi,transliteration,en
food_25d12724,char khichdi,transliteration,en
food_25d12724,khhichdi,transliteration,en
food_auth_veg_biryani,1 cup veg biryani,transliteration,en
food_auth_veg_biryani,veg biryaniiii,transliteration,en
food_auth_veg_biryani,veg biryain,transliteration,en
food_auth_veg_biryani,veg biryani gravy,transliteration,en
food_auth_veg_biryani,ek vaati veg biryani,transliteration,en
food_auth_veg_biryani,veg bryani,transliteration,en
food_auth_veg_biryani,veg biryani sugar free,transliteration,en
food_auth_veg_biryani,veg birayni,transliteration,en
food_auth_veg_biryani,200ml veg biryani,transliteration,en
food_auth_veg_biryani,2 katori veg biryani,transliteration,en
food_auth_veg_biryani,veg biryani deep fried,transliteration,en
food_auth_veg_biryani,veg iryani,transliteration,en
food_auth_veg_biryani,ek katori veg biryani,transliteration,en
food_auth_veg_biryani,250g veg biryani,transliteration,en
food_auth_veg_biryani,be veg biryani,transliteration,en
food_auth_veg_biryani,150g veg biryani,transliteration,en
food_auth_veg_biryani,char veg biryani,transliteration,en
food_auth_veg_biryani,veg birynai,transliteration,en
food_auth_veg_biryani,veg biryani boiled,transliteration,en
food_auth_veg_biryani,vegb iryani,transliteration,en
food_auth_veg_biryani,feeku non-spicy veg biryani,transliteration,en
food_auth_veg_biryani,veg biryaaaani,transliteration,en
food_auth_veg_biryani,veg bityani,transliteration,en
food_auth_veg_biryani,big bowl veg biryani,transliteration,en
food_auth_veg_biryani,2 pieces veg biryani,transliteration,en
food_auth_veg_biryani,veg biryni,transliteration,en
food_auth_veg_biryani,veg biryai,transliteration,en
food_auth_veg_biryani,veg birysni,transliteration,en
food_auth_veg_biryani,veg biryani dry,transliteration,en
food_auth_veg_biryani,veg biryani aur raita,transliteration,en
food_auth_veg_biryani,1 bowl veg biryani,transliteration,en
food_auth_veg_biryani,small bowl veg biryani,transliteration,en
food_auth_veg_biryani,veg biryani with jaggery,transliteration,en
food_auth_veg_biryani,veg biryani and raita,transliteration,en
food_auth_veg_biryani,evg biryani,transliteration,en
food_auth_veg_biryani,veg biryani ane raita,transliteration,en
food_auth_veg_biryani,250ml veg biryani,transliteration,en
food_auth_veg_biryani,veg biryani mild,transliteration,en
food_auth_veg_biryani,5 pieces veg biryani,transliteration,en
food_auth_veg_biryani,veg beeryanee,transliteration,en
food_auth_veg_biryani,veg birrrryani,transliteration,en
food_auth_veg_biryani,ve biryani,transliteration,en
food_auth_veg_biryani,1 katori veg biryani,transliteration,en
food_auth_veg_biryani,veg biryani steamed,transliteration,en
food_auth_veg_biryani,veg birani,transliteration,en
food_auth_veg_biryani,2 glasses veg biryani,transliteration,en
food_auth_veg_biryani,veg biyani,transliteration,en
food_auth_veg_biryani,veg biryani sathe raita,transliteration,en
food_auth_veg_biryani,2 bowls veg biryani,transliteration,en
food_auth_veg_biryani,50g veg biryani,transliteration,en
food_auth_veg_biryani,4 pieces veg biryani,transliteration,en
food_auth_veg_biryani,veg biryano,transliteration,en
food_auth_veg_biryani,veg biryaniii,transliteration,en
food_auth_veg_biryani,veg byryany,transliteration,en
food_auth_veg_biryani,veg boryani,transliteration,en
food_auth_veg_biryani,2 cups veg biryani,transliteration,en
food_auth_veg_biryani,veg biryani with ghee,transliteration,en
food_auth_veg_biryani,200g veg biryani,transliteration,en
food_auth_veg_biryani,ek veg biryani,transliteration,en
food_auth_veg_biryani,veg bhiryani,transliteration,en
food_auth_veg_biryani,veg biryani jain,transliteration,en
food_auth_veg_biryani,vegbiryani,transliteration,en
food_auth_veg_biryani,veg biiiryani,transliteration,en
food_auth_veg_biryani,vwg biryani,transliteration,en
food_auth_veg_biryani,veg biryani without ghee,transliteration,en
food_auth_veg_biryani,veeeg biryani,transliteration,en
food_auth_veg_biryani,veg biryani tadka,transliteration,en
food_auth_veg_biryani,veg ibryani,transliteration,en
food_auth_veg_biryani,veg biryani air fried,transliteration,en
food_auth_veg_biryani,weg biryani,transliteration,en
food_auth_veg_biryani,ek glass veg biryani,transliteration,en
food_auth_veg_biryani,veg biryaani,transliteration,en
food_auth_veg_biryani,veg biryani shallow fried,transliteration,en
food_auth_veg_biryani,veg biryani whole wheat,transliteration,en
food_auth_veg_biryani,100ml veg biryani,transliteration,en
food_auth_veg_biryani,1 glass veg biryani,transliteration,en
food_auth_veg_biryani,100g veg biryani,transliteration,en
food_auth_veg_biryani,tran veg biryani,transliteration,en
food_auth_veg_biryani,ek cup veg biryani,transliteration,en
food_auth_veg_biryani,ve gbiryani,transliteration,en
food_auth_veg_biryani,veg biryani with butter,transliteration,en
food_auth_veg_biryani,veg biryaaani,transliteration,en
food_auth_veg_biryani,veg birrryani,transliteration,en
food_auth_veg_biryani,1 piece veg biryani,transliteration,en
food_auth_veg_biryani,veg biyrani,transliteration,en
food_auth_veg_biryani,veg biryani extra butter,transliteration,en
food_auth_veg_biryani,veg biryani roasted,transliteration,en
food_auth_veg_biryani,veg biryani spicy,transliteration,en
food_auth_veg_biryani,vg biryani,transliteration,en
food_auth_veg_biryani,panch veg biryani,transliteration,en
food_auth_veg_biryani,half glass veg biryani,transliteration,en
food_auth_veg_biryani,vge biryani,transliteration,en
food_auth_veg_biryani,veg biryani sweet,transliteration,en
food_auth_veg_biryani,veg biryannnni,transliteration,en
food_auth_veg_biryani,3 pieces veg biryani,transliteration,en
food_auth_veg_biryani,veg briyani,transliteration,en
food_auth_veg_biryani,veeeeg biryani,transliteration,en
food_auth_veg_biryani,veg biryannni,transliteration,en
food_auth_veg_biryani,veg biiiiryani,transliteration,en
food_auth_veg_biryani,veg biryani multigrain,transliteration,en
food_auth_veg_biryani,500ml veg biryani,transliteration,en
food_auth_veg_biryani,500g veg biryani,transliteration,en
food_auth_veg_biryani,be vaati veg biryani,transliteration,en
food_auth_veg_biryani,veg biryani with raita,transliteration,en
food_auth_veg_biryani,veg biryami,transliteration,en
food_082328ef,chicen biryani,transliteration,en
food_082328ef,chicken biryani air fried,transliteration,en
food_082328ef,chicke nbiryani,transliteration,en
food_082328ef,ek cup chicken biryani,transliteration,en
food_082328ef,chicken biryai,transliteration,en
food_082328ef,chicekn biryani,transliteration,en
food_082328ef,chicken biryannni,transliteration,en
food_082328ef,chicken biryani sweet,transliteration,en
food_082328ef,chicken iryani,transliteration,en
food_082328ef,chickwn biryani,transliteration,en
food_082328ef,panch chicken biryani,transliteration,en
food_082328ef,chicken biryani jain,transliteration,en
food_082328ef,chicke biryani,transliteration,en
food_082328ef,chicken biryani with butter,transliteration,en
food_082328ef,ek chicken biryani,transliteration,en
food_082328ef,chicken biryaaani,transliteration,en
food_082328ef,chicken biryani dry,transliteration,en
food_082328ef,chhicken biryani,transliteration,en
food_082328ef,chicken biryaniii,transliteration,en
food_082328ef,100g chicken biryani,transliteration,en
food_082328ef,feeku non-spicy chicken biryani,transliteration,en
food_082328ef,chicken biryani gravy,transliteration,en
food_082328ef,chiiicken biryani,transliteration,en
food_082328ef,cihcken biryani,transliteration,en
food_082328ef,1 katori chicken biryani,transliteration,en
food_082328ef,1 piece chicken biryani,transliteration,en
food_082328ef,cicken biryani,transliteration,en
food_082328ef,chicken biyrani,transliteration,en
food_082328ef,chicken birysni,transliteration,en
food_082328ef,chicken biryani extra butter,transliteration,en
food_082328ef,chickennnn biryani,transliteration,en
food_082328ef,4 pieces chicken biryani,transliteration,en
food_082328ef,chicken biryani steamed,transliteration,en
food_082328ef,chicken biryain,transliteration,en
food_082328ef,chicken bhiryani,transliteration,en
food_082328ef,2 bowls chicken biryani,transliteration,en
food_082328ef,be vaati chicken biryani,transliteration,en
food_082328ef,chicken biryaniiii,transliteration,en
food_082328ef,chicken biriani,transliteration,en
food_082328ef,chicken briyani,transliteration,en
food_082328ef,chicken biryaani,transliteration,en
food_082328ef,chicken biryano,transliteration,en
food_082328ef,chicjen biryani,transliteration,en
food_082328ef,chickeeen biryani,transliteration,en
food_082328ef,half glass chicken biryani,transliteration,en
food_082328ef,be chicken biryani,transliteration,en
food_082328ef,char chicken biryani,transliteration,en
food_082328ef,chicken bryani,transliteration,en
food_082328ef,chicken ibryani,transliteration,en
food_082328ef,1 cup chicken biryani,transliteration,en
food_082328ef,chicken biryani without ghee,transliteration,en
food_082328ef,ek vaati chicken biryani,transliteration,en
food_082328ef,cheecken beeryanee,transliteration,en
food_082328ef,chickn biryani,transliteration,en
food_082328ef,chicken biryni,transliteration,en
food_082328ef,chicken biyani,transliteration,en
food_082328ef,500ml chicken biryani,transliteration,en
food_082328ef,chicken bityani,transliteration,en
food_082328ef,chicken biryani shallow fried,transliteration,en
food_082328ef,chiken biryani,transliteration,en
food_082328ef,chicken biryani tadka,transliteration,en
food_082328ef,chickhen biryani,transliteration,en
food_082328ef,chocken biryani,transliteration,en
food_082328ef,chickenbiryani,transliteration,en
food_082328ef,chicken biryani sugar free,transliteration,en
food_082328ef,250g chicken biryani,transliteration,en
food_082328ef,2 katori chicken biryani,transliteration,en
food_082328ef,chicken birynai,transliteration,en
food_082328ef,chicken biryani with jaggery,transliteration,en
food_082328ef,2 pieces chicken biryani,transliteration,en
food_082328ef,2 glasses chicken biryani,transliteration,en
food_082328ef,chicken biryani boiled,transliteration,en
food_082328ef,tran chicken biryani,transliteration,en
food_082328ef,chicken biryani deep fried,transliteration,en
food_082328ef,ek katori chicken biryani,transliteration,en
food_082328ef,chickennn biryani,transliteration,en
food_082328ef,chicken biryani mild,transliteration,en
food_082328ef,chicken biryannnni,transliteration,en
food_082328ef,chicken birrrryani,transliteration,en
food_082328ef,chicken biryani roasted,transliteration,en
food_082328ef,ek glass chicken biryani,transliteration,en
food_082328ef,chicken biryaaaani,transliteration,en
food_082328ef,chcken biryani,transliteration,en
food_082328ef,200g chicken biryani,transliteration,en
food_082328ef,5 pieces chicken biryani,transliteration,en
food_082328ef,chicken biiiryani,transliteration,en
food_082328ef,chicken biryani whole wheat,transliteration,en
food_082328ef,250ml chicken biryani,transliteration,en
food_082328ef,chciken biryani,transliteration,en
food_082328ef,chickne biryani,transliteration,en
food_082328ef,small bowl chicken biryani,transliteration,en
food_082328ef,chickenb iryani,transliteration,en
food_082328ef,chicken boryani,transliteration,en
food_082328ef,chikcen biryani,transliteration,en
food_082328ef,hcicken biryani,transliteration,en
food_082328ef,chiiiicken biryani,transliteration,en
food_082328ef,chicken birani,transliteration,en
food_082328ef,big bowl chicken biryani,transliteration,en
food_082328ef,1 glass chicken biryani,transliteration,en
food_082328ef,chicken biryami,transliteration,en
food_082328ef,chicken biryani spicy,transliteration,en
food_082328ef,150g chicken biryani,transliteration,en
food_082328ef,2 cups chicken biryani,transliteration,en
food_082328ef,1 bowl chicken biryani,transliteration,en
food_082328ef,chicken biryani multigrain,transliteration,en
food_082328ef,chicken biryani with ghee,transliteration,en
food_082328ef,200ml chicken biryani,transliteration,en
food_082328ef,chicken birrryani,transliteration,en
food_082328ef,500g chicken biryani,transliteration,en
food_082328ef,50g chicken biryani,transliteration,en
food_082328ef,chicken birayni,transliteration,en
food_082328ef,chickeeeen biryani,transliteration,en
food_082328ef,chycken byryany,transliteration,en
food_082328ef,3 pieces chicken biryani,transliteration,en
food_082328ef,100ml chicken biryani,transliteration,en
food_082328ef,chickem biryani,transliteration,en
food_082328ef,chicken biiiiryani,transliteration,en
food_79446515,cutd rice,transliteration,en
food_79446515,ek katori dahi bhat,transliteration,en
food_79446515,curd rice dry,transliteration,en
food_79446515,daaahi bhat,transliteration,en
food_79446515,dahibhat,transliteration,en
food_79446515,curd rice gravy,transliteration,en
food_79446515,dahi bat,transliteration,en
food_79446515,curd rce,transliteration,en
food_79446515,be vaati dahi bhat,transliteration,en
food_79446515,crud rice,transliteration,en
food_79446515,dahi bht,transliteration,en
food_79446515,curd tice,transliteration,en
food_79446515,be vaati curd rice,transliteration,en
food_79446515,curd rice tadka,transliteration,en
food_79446515,2 glasses curd rice,transliteration,en
food_79446515,ek katori curd rice,transliteration,en
food_79446515,curd riec,transliteration,en
food_79446515,sahi bhat,transliteration,en
food_79446515,dahiiii bhat,transliteration,en
food_79446515,curdr ice,transliteration,en
food_79446515,dahi bhar,transliteration,en
food_79446515,daahi bhaat,transliteration,en
food_79446515,cur rice,transliteration,en
food_79446515,cuuuurd rice,transliteration,en
food_79446515,ek cup curd rice,transliteration,en
food_79446515,250g curd rice,transliteration,en
food_79446515,200ml curd rice,transliteration,en
food_79446515,1 bowl curd rice,transliteration,en
food_79446515,curd rice with ghee,transliteration,en
food_79446515,curd riiice,transliteration,en
food_79446515,ek glass dahi bhat,transliteration,en
food_79446515,dahee bhat,transliteration,en
food_79446515,currrd rice,transliteration,en
food_79446515,dahiii bhat,transliteration,en
food_79446515,dddahi bhat,transliteration,en
food_79446515,currrrd rice,transliteration,en
food_79446515,curd rice jain,transliteration,en
food_79446515,dahi bhta,transliteration,en
food_79446515,curd ryce,transliteration,en
food_79446515,4 pieces curd rice,transliteration,en
food_79446515,curdh rice,transliteration,en
food_79446515,curd rice spicy,transliteration,en
food_79446515,curd rcie,transliteration,en
food_79446515,curd ricw,transliteration,en
food_79446515,3 pieces curd rice,transliteration,en
food_79446515,curd irce,transliteration,en
food_79446515,curd roce,transliteration,en
food_79446515,500g curd rice,transliteration,en
food_79446515,100ml curd rice,transliteration,en
food_79446515,cudr rice,transliteration,en
food_79446515,ek vaati dahi bhat,transliteration,en
food_79446515,ek curd rice,transliteration,en
food_79446515,dhi bhat,transliteration,en
food_79446515,தயிர் சாதம்,transliteration,en
food_79446515,dhahi bhat,transliteration,en
food_79446515,crd rice,transliteration,en
food_79446515,adhi bhat,transliteration,en
food_79446515,dahi bhatttt,transliteration,en
food_79446515,curd rrrice,transliteration,en
food_79446515,curd riiiice,transliteration,en
food_79446515,feeku non-spicy curd rice,transliteration,en
food_79446515,2 cups curd rice,transliteration,en
food_79446515,dahi bhattt,transliteration,en
food_79446515,curd ice,transliteration,en
food_79446515,curd riceeee,transliteration,en
food_79446515,cur drice,transliteration,en
food_79446515,1 piece curd rice,transliteration,en
food_79446515,2 pieces curd rice,transliteration,en
food_79446515,ek vaati curd rice,transliteration,en
food_79446515,curdrice,transliteration,en
food_79446515,dahi bhhat,transliteration,en
food_79446515,curd rice with jaggery,transliteration,en
food_79446515,2 katori curd rice,transliteration,en
food_79446515,500ml curd rice,transliteration,en
food_79446515,coord rice,transliteration,en
food_79446515,panch curd rice,transliteration,en
food_79446515,5 pieces curd rice,transliteration,en
food_79446515,dahi bhaaaat,transliteration,en
food_79446515,curd reece,transliteration,en
food_79446515,ek glass curd rice,transliteration,en
food_79446515,curd rice boiled,transliteration,en
food_79446515,dah bhat,transliteration,en
food_79446515,dahy bhat,transliteration,en
food_79446515,dshi bhat,transliteration,en
food_79446515,2 bowls curd rice,transliteration,en
food_79446515,curd rice with butter,transliteration,en
food_79446515,ek dahi bhat,transliteration,en
food_79446515,be dahi bhat,transliteration,en
food_79446515,curdddd rice,transliteration,en
food_79446515,curd rie,transliteration,en
food_79446515,daho bhat,transliteration,en
food_79446515,dahi bhst,transliteration,en
food_79446515,ddddahi bhat,transliteration,en
food_79446515,dahib hat,transliteration,en
food_79446515,curd rice sweet,transliteration,en
food_79446515,tran curd rice,transliteration,en
food_79446515,curd rice mild,transliteration,en
food_79446515,dahi baht,transliteration,en
food_79446515,curd rrrrice,transliteration,en
food_79446515,big bowl curd rice,transliteration,en
food_79446515,daaaahi bhat,transliteration,en
food_79446515,cuuurd rice,transliteration,en
food_79446515,curd riceee,transliteration,en
food_79446515,dah ibhat,transliteration,en
food_79446515,dhai bhat,transliteration,en
food_79446515,curd rice multigrain,transliteration,en
food_79446515,250ml curd rice,transliteration,en
food_79446515,200g curd rice,transliteration,en
food_79446515,daih bhat,transliteration,en
food_79446515,curd rice roasted,transliteration,en
food_79446515,150g curd rice,transliteration,en
food_79446515,curd rice without ghee,transliteration,en
food_79446515,ek cup dahi bhat,transliteration,en
food_79446515,dahi hbat,transliteration,en
food_79446515,curddd rice,transliteration,en
food_79446515,dahi bhaaat,transliteration,en
food_79446515,cud rice,transliteration,en
food_79446515,100g curd rice,transliteration,en
food_79446515,curd rice sugar free,transliteration,en
food_79446515,1 katori curd rice,transliteration,en
food_79446515,1 cup curd rice,transliteration,en
food_79446515,curs rice,transliteration,en
food_79446515,ucrd rice,transliteration,en
food_79446515,bagala bath,transliteration,en
food_79446515,small bowl curd rice,transliteration,en
food_79446515,dai bhat,transliteration,en
food_79446515,curd rice deep fried,transliteration,en
food_79446515,char curd rice,transliteration,en
food_79446515,curd rice extra butter,transliteration,en
food_79446515,tran dahi bhat,transliteration,en
food_79446515,50g curd rice,transliteration,en
food_79446515,curd rice steamed,transliteration,en
food_79446515,half glass curd rice,transliteration,en
food_79446515,be curd rice,transliteration,en
food_79446515,1 glass curd rice,transliteration,en
food_79446515,curd rice shallow fried,transliteration,en
food_79446515,curd rice air fried,transliteration,en
food_79446515,dahi hat,transliteration,en
food_79446515,curd rice whole wheat,transliteration,en
food_79446515,dahi bhath,transliteration,en
food_auth_pulao,pulaaaao,transliteration,en
food_auth_pulao,1 katori pulao,transliteration,en
food_auth_pulao,500g pulao,transliteration,en
food_auth_pulao,1 cup pulao,transliteration,en
food_auth_pulao,250g pulao,transliteration,en
food_auth_pulao,be vaati pulao,transliteration,en
food_auth_pulao,pulao sugar free,transliteration,en
food_auth_pulao,pulao jain,transliteration,en
food_auth_pulao,pulao tadka,transliteration,en
food_auth_pulao,pulao spicy,transliteration,en
food_auth_pulao,pulao air fried,transliteration,en
food_auth_pulao,big bowl pulao,transliteration,en
food_auth_pulao,char pulao,transliteration,en
food_auth_pulao,puuuulao,transliteration,en
food_auth_pulao,pulao with ghee,transliteration,en
food_auth_pulao,pulap,transliteration,en
food_auth_pulao,500ml pulao,transliteration,en
food_auth_pulao,pulao sweet,transliteration,en
food_auth_pulao,250ml pulao,transliteration,en
food_auth_pulao,pulao dry,transliteration,en
food_auth_pulao,pulao steamed,transliteration,en
food_auth_pulao,100ml pulao,transliteration,en
food_auth_pulao,150g pulao,transliteration,en
food_auth_pulao,ek katori pulao,transliteration,en
food_auth_pulao,oulao,transliteration,en
food_auth_pulao,pulao multigrain,transliteration,en
food_auth_pulao,meethu jaggery sweet pulao,transliteration,en
food_auth_pulao,pulao boiled,transliteration,en
food_auth_pulao,pluao,transliteration,en
food_auth_pulao,100g pulao,transliteration,en
food_auth_pulao,pulao mild,transliteration,en
food_auth_pulao,ek vaati pulao,transliteration,en
food_auth_pulao,small bowl pulao,transliteration,en
food_auth_pulao,be pulao,transliteration,en
food_auth_pulao,2 glasses pulao,transliteration,en
food_auth_pulao,ek pulao,transliteration,en
food_auth_pulao,pulaao,transliteration,en
food_auth_pulao,pulao gravy,transliteration,en
food_auth_pulao,200g pulao,transliteration,en
food_auth_pulao,multigrain fiber rich pulao,transliteration,en
food_auth_pulao,pulaoooo,transliteration,en
food_auth_pulao,pualo,transliteration,en
food_auth_pulao,pulao whole wheat,transliteration,en
food_auth_pulao,ek cup pulao,transliteration,en
food_auth_pulao,pulao roasted,transliteration,en
food_auth_pulao,2 katori pulao,transliteration,en
food_auth_pulao,1 bowl pulao,transliteration,en
food_auth_pulao,pulo,transliteration,en
food_auth_pulao,poolao,transliteration,en
food_auth_pulao,plao,transliteration,en
food_auth_pulao,1 piece pulao,transliteration,en
food_auth_pulao,tawa roasted crispy pulao,transliteration,en
food_auth_pulao,panch pulao,transliteration,en
food_auth_pulao,4 pieces pulao,transliteration,en
food_auth_pulao,pulao shallow fried,transliteration,en
food_auth_pulao,1 glass pulao,transliteration,en
food_auth_pulao,ek glass pulao,transliteration,en
food_auth_pulao,2 pieces pulao,transliteration,en
food_auth_pulao,pulso,transliteration,en
food_auth_pulao,pulao with butter,transliteration,en
food_auth_pulao,feeku non-spicy pulao,transliteration,en
food_auth_pulao,pulao extra butter,transliteration,en
food_auth_pulao,puao,transliteration,en
food_auth_pulao,pulao deep fried,transliteration,en
food_auth_pulao,200ml pulao,transliteration,en
food_auth_pulao,uplao,transliteration,en
food_auth_pulao,pulao with jaggery,transliteration,en
food_auth_pulao,3 pieces pulao,transliteration,en
food_auth_pulao,puuulao,transliteration,en
food_auth_pulao,5 pieces pulao,transliteration,en
food_auth_pulao,2 bowls pulao,transliteration,en
food_auth_pulao,sukhi dry sabzi pulao,transliteration,en
food_auth_pulao,pulaooo,transliteration,en
food_auth_pulao,2 cups pulao,transliteration,en
food_auth_pulao,pulaaao,transliteration,en
food_auth_pulao,half glass pulao,transliteration,en
food_auth_pulao,tran pulao,transliteration,en
food_auth_pulao,50g pulao,transliteration,en
food_auth_pulao,puloa,transliteration,en
food_auth_pulao,pulao without ghee,transliteration,en
food_auth_sev_tameta_nu_shaak,sssev tamatar sabzi,transliteration,en
food_auth_sev_tameta_nu_shaak,seeev tamatar sabzi,transliteration,en
food_auth_sev_tameta_nu_shaak,sev tamatarsabzi,transliteration,en
food_auth_sev_tameta_nu_shaak,se vtameta nu shaak,transliteration,en
food_auth_sev_tameta_nu_shaak,sev tameta nu shak,transliteration,en
food_auth_sev_tameta_nu_shaak,sev tametan u shaak,transliteration,en
food_auth_sev_tameta_nu_shaak,sev tameta nnnnu shaak,transliteration,en
food_auth_sev_tameta_nu_shaak,sev tametttta nu shaak,transliteration,en
food_auth_sev_tameta_nu_shaak,sev taamaataar saabzi,transliteration,en
food_auth_sev_tameta_nu_shaak,sev tamatr sabzi,transliteration,en
food_auth_sev_tameta_nu_shaak,sev tamatar sabziii,transliteration,en
food_auth_sev_tameta_nu_shaak,sev tameat nu shaak,transliteration,en
food_auth_sev_tameta_nu_shaak,sev tameta nu sahak,transliteration,en
food_auth_sev_tameta_nu_shaak,se tamatar sabzi,transliteration,en
food_auth_sev_tameta_nu_shaak,sev tameta nnnu shaak,transliteration,en
food_auth_sev_tameta_nu_shaak,sev tamatttar sabzi,transliteration,en
food_auth_sev_tameta_nu_shaak,sev tmatar sabzi,transliteration,en
food_auth_sev_tameta_nu_shaak,sev tameta un shaak,transliteration,en
food_auth_sev_tameta_nu_shaak,sev tammmmatar sabzi,transliteration,en
food_auth_sev_tameta_nu_shaak,sev tamatar sabzee,transliteration,en
food_auth_sev_tameta_nu_shaak,sev tameta noo shaak,transliteration,en
food_auth_sev_tameta_nu_shaak,sv tameta nu shaak,transliteration,en
food_auth_sev_tameta_nu_shaak,sev ameta nu shaak,transliteration,en
food_auth_sev_tameta_nu_shaak,sev tameta nu shask,transliteration,en
food_auth_sev_tameta_nu_shaak,ssssev tamatar sabzi,transliteration,en
food_auth_sev_tameta_nu_shaak,sev tamataaar sabzi,transliteration,en
food_auth_sev_tameta_nu_shaak,sev tamarar sabzi,transliteration,en
food_auth_sev_tameta_nu_shaak,sev tamatar ssbzi,transliteration,en
food_auth_sev_tameta_nu_shaak,sev tamwta nu shaak,transliteration,en
food_auth_sev_tameta_nu_shaak,sev tmeta nu shaak,transliteration,en
food_auth_sev_tameta_nu_shaak,sev tameta nu haak,transliteration,en
food_auth_sev_tameta_nu_shaak,sev tameta n ushaak,transliteration,en
food_auth_sev_tameta_nu_shaak,sev tammmatar sabzi,transliteration,en
food_auth_sev_tameta_nu_shaak,sev taametaa nu shaaaak,transliteration,en
food_auth_sev_tameta_nu_shaak,sev atmatar sabzi,transliteration,en
food_auth_sev_tameta_nu_shaak,sev tamaatr sabzi,transliteration,en
food_auth_sev_tameta_nu_shaak,swv tameta nu shaak,transliteration,en
food_auth_sev_tameta_nu_shaak,sev tamet anu shaak,transliteration,en
food_auth_sev_tameta_nu_shaak,sev tameta nushaak,transliteration,en
food_auth_sev_tameta_nu_shaak,shev tameta nu shhaak,transliteration,en
food_auth_sev_tameta_nu_shaak,sev tamatar sabiz,transliteration,en
food_auth_sev_tameta_nu_shaak,sev tameta u shaak,transliteration,en
food_auth_sev_tameta_nu_shaak,sev tameta nu shaaj,transliteration,en
food_auth_sev_tameta_nu_shaak,swv tamatar sabzi,transliteration,en
food_auth_sev_tameta_nu_shaak,sew tamatar sabzi,transliteration,en
food_auth_sev_tameta_nu_shaak,sev tttamatar sabzi,transliteration,en
food_auth_sev_tameta_nu_shaak,sev tamatar saaabzi,transliteration,en
food_auth_sev_tameta_nu_shaak,sev tamea nu shaak,transliteration,en
food_auth_sev_tameta_nu_shaak,sevtamatar sabzi,transliteration,en
food_auth_sev_tameta_nu_shaak,sev tamatar sazi,transliteration,en
food_auth_sev_tameta_nu_shaak,sev tamatarrr sabzi,transliteration,en
food_auth_sev_tameta_nu_shaak,esv tamatar sabzi,transliteration,en
food_auth_sev_tameta_nu_shaak,sev tameta nuuuu shaak,transliteration,en
food_auth_sev_tameta_nu_shaak,sev tameta nu ssshaak,transliteration,en
food_auth_sev_tameta_nu_shaak,sev tameta mu shaak,transliteration,en
food_auth_sev_tameta_nu_shaak,sev tamatar sabziiii,transliteration,en
food_auth_sev_tameta_nu_shaak,sev tamatar sbazi,transliteration,en
food_auth_sev_tameta_nu_shaak,sev tamatar sazbi,transliteration,en
food_auth_sev_tameta_nu_shaak,sev tamatat sabzi,transliteration,en
food_auth_sev_tameta_nu_shaak,sev tameta nu sssshaak,transliteration,en
food_auth_sev_tameta_nu_shaak,sev tanatar sabzi,transliteration,en
food_auth_sev_tameta_nu_shaak,sev tamatars abzi,transliteration,en
food_auth_sev_tameta_nu_shaak,sev tamaaaatar sabzi,transliteration,en
food_auth_sev_tameta_nu_shaak,sew tameta nu shaak,transliteration,en
food_auth_sev_tameta_nu_shaak,sev tamatar sabhzi,transliteration,en
food_auth_sev_tameta_nu_shaak,sev tametaaa nu shaak,transliteration,en
food_auth_sev_tameta_nu_shaak,shev tamatar shabzi,transliteration,en
food_auth_sev_tameta_nu_shaak,sev tamera nu shaak,transliteration,en
food_auth_sev_tameta_nu_shaak,seeev tameta nu shaak,transliteration,en
food_auth_sev_tameta_nu_shaak,sev tamaar sabzi,transliteration,en
food_auth_sev_tameta_nu_shaak,sev tamatsr sabzi,transliteration,en
food_auth_sev_tameta_nu_shaak,aev tameta nu shaak,transliteration,en
food_auth_sev_tameta_nu_shaak,sev tamtea nu shaak,transliteration,en
food_auth_sev_tameta_nu_shaak,se tameta nu shaak,transliteration,en
food_auth_sev_tameta_nu_shaak,sev tammmmeta nu shaak,transliteration,en
food_auth_sev_tameta_nu_shaak,sev tamtaar sabzi,transliteration,en
food_auth_sev_tameta_nu_shaak,sevt amatar sabzi,transliteration,en
food_auth_sev_tameta_nu_shaak,sev tameta nu shaka,transliteration,en
food_auth_sev_tameta_nu_shaak,sev tamataaaar sabzi,transliteration,en
food_auth_sev_tameta_nu_shaak,sevt ameta nu shaak,transliteration,en
food_auth_sev_tameta_nu_shaak,sev tammmeta nu shaak,transliteration,en
food_auth_sev_tameta_nu_shaak,sev taatar sabzi,transliteration,en
food_auth_sev_tameta_nu_shaak,sevtameta nu shaak,transliteration,en
food_auth_sev_tameta_nu_shaak,spicy sev tameta,transliteration,en
food_auth_sev_tameta_nu_shaak,sev taaaamatar sabzi,transliteration,en
food_auth_sev_tameta_nu_shaak,sev ttttamatar sabzi,transliteration,en
food_auth_sev_tameta_nu_shaak,sev atmeta nu shaak,transliteration,en
food_auth_sev_tameta_nu_shaak,sev tamatar sabzo,transliteration,en
food_auth_sev_tameta_nu_shaak,sssev tameta nu shaak,transliteration,en
food_auth_sev_tameta_nu_shaak,sev taaaameta nu shaak,transliteration,en
food_auth_sev_tameta_nu_shaak,aev tamatar sabzi,transliteration,en
food_auth_sev_tameta_nu_shaak,sev rameta nu shaak,transliteration,en
food_auth_sev_tameta_nu_shaak,sev tamatar saaaabzi,transliteration,en
food_auth_sev_tameta_nu_shaak,sev ttttameta nu shaak,transliteration,en
food_auth_sev_tameta_nu_shaak,esv tameta nu shaak,transliteration,en
food_auth_sev_tameta_nu_shaak,sev tamettta nu shaak,transliteration,en
food_auth_sev_tameta_nu_shaak,sev taaameta nu shaak,transliteration,en
food_auth_sev_tameta_nu_shaak,sev amatar sabzi,transliteration,en
food_auth_sev_tameta_nu_shaak,sev taemta nu shaak,transliteration,en
food_auth_sev_tameta_nu_shaak,sev tamatar abzi,transliteration,en
food_auth_sev_tameta_nu_shaak,sev tameta nu hsaak,transliteration,en
food_auth_sev_tameta_nu_shaak,sev tsmeta nu shaak,transliteration,en
food_auth_sev_tameta_nu_shaak,sev tmaeta nu shaak,transliteration,en
food_auth_sev_tameta_nu_shaak,sev tamatarrrr sabzi,transliteration,en
food_auth_sev_tameta_nu_shaak,sev taamtar sabzi,transliteration,en
food_auth_sev_tameta_nu_shaak,sev taeta nu shaak,transliteration,en
food_auth_sev_tameta_nu_shaak,sev tamets nu shaak,transliteration,en
food_auth_sev_tameta_nu_shaak,sve tameta nu shaak,transliteration,en
food_auth_sev_tameta_nu_shaak,sev tametanu shaak,transliteration,en
food_auth_sev_tameta_nu_shaak,sev thamathar sabzi,transliteration,en
food_auth_sev_tameta_nu_shaak,sev tamatra sabzi,transliteration,en
food_auth_sev_tameta_nu_shaak,sev tsmatar sabzi,transliteration,en
food_auth_sev_tameta_nu_shaak,sev tameeeta nu shaak,transliteration,en
food_auth_sev_tameta_nu_shaak,sev tameta nu ahaak,transliteration,en
food_auth_sev_tameta_nu_shaak,seeeev tamatar sabzi,transliteration,en
food_auth_sev_tameta_nu_shaak,sev tamata sabzi,transliteration,en
food_auth_sev_tameta_nu_shaak,sev tamatar sbzi,transliteration,en
food_auth_sev_tameta_nu_shaak,sev taaamatar sabzi,transliteration,en
food_auth_sev_tameta_nu_shaak,sev tametaaaa nu shaak,transliteration,en
food_auth_sev_tameta_nu_shaak,sev tamtar sabzi,transliteration,en
food_auth_sev_tameta_nu_shaak,sev tttameta nu shaak,transliteration,en
food_auth_sev_tameta_nu_shaak,sev tamstar sabzi,transliteration,en
food_auth_sev_tameta_nu_shaak,sev tamatar aabzi,transliteration,en
food_auth_sev_tameta_nu_shaak,se vtamatar sabzi,transliteration,en
food_auth_sev_tameta_nu_shaak,sev tameta nuuu shaak,transliteration,en
food_auth_sev_tameta_nu_shaak,kathiyawadi sev tameta,transliteration,en
food_auth_sev_tameta_nu_shaak,sev tamaaatar sabzi,transliteration,en
food_auth_sev_tameta_nu_shaak,sev tamatar sssabzi,transliteration,en
food_auth_sev_tameta_nu_shaak,sev tameta nu saak,transliteration,en
food_auth_sev_tameta_nu_shaak,sev tameta nu shsak,transliteration,en
food_auth_sev_tameta_nu_shaak,sev ramatar sabzi,transliteration,en
food_auth_sev_tameta_nu_shaak,sev tameta nus haak,transliteration,en
food_auth_sev_tameta_nu_shaak,sev tameta nu shaaaaak,transliteration,en
food_auth_sev_tameta_nu_shaak,sv tamatar sabzi,transliteration,en
food_auth_sev_tameta_nu_shaak,ssssev tameta nu shaak,transliteration,en
food_auth_sev_tameta_nu_shaak,seeeev tameta nu shaak,transliteration,en
food_auth_sev_tameta_nu_shaak,sev tameeeeta nu shaak,transliteration,en
food_auth_sev_tameta_nu_shaak,sev tamatar asbzi,transliteration,en
food_auth_sev_tameta_nu_shaak,sev tamatar sabi,transliteration,en
food_auth_sev_tameta_nu_shaak,sev tamatar ssssabzi,transliteration,en
food_auth_sev_tameta_nu_shaak,sev tamet nu shaak,transliteration,en
food_auth_sev_tameta_nu_shaak,sev tamata rsabzi,transliteration,en
food_auth_sev_tameta_nu_shaak,sev thametha nu shaak,transliteration,en
food_auth_sev_tameta_nu_shaak,sev tameta nu shaakh,transliteration,en
food_auth_sev_tameta_nu_shaak,sev tamattttar sabzi,transliteration,en
food_auth_sev_tameta_nu_shaak,sev tamatar sabzy,transliteration,en
food_auth_sev_tameta_nu_shaak,sev taneta nu shaak,transliteration,en
food_auth_sev_tameta_nu_shaak,sve tamatar sabzi,transliteration,en
food_auth_sev_tameta_nu_shaak,sev tamta nu shaak,transliteration,en
food_auth_sev_tameta_nu_shaak,sev tameta n shaak,transliteration,en
food_auth_sev_tameta_nu_shaak,sev tmaatar sabzi,transliteration,en
food_auth_sev_tameta_nu_shaak,sev tameta nu shaaaak,transliteration,en
food_4c85581d,undheeyu,transliteration,en
food_4c85581d,undhhiyu,transliteration,en
food_4c85581d,undhiyu without ghee,transliteration,en
food_4c85581d,150g undhiyu,transliteration,en
food_4c85581d,undhyiu,transliteration,en
food_4c85581d,uuuundhiyu,transliteration,en
food_4c85581d,2 glasses undhiyu,transliteration,en
food_4c85581d,unnndhiyu,transliteration,en
food_4c85581d,small bowl undhiyu,transliteration,en
food_4c85581d,undhiyuuuu,transliteration,en
food_4c85581d,nudhiyu,transliteration,en
food_4c85581d,meethu jaggery sweet undhiyu,transliteration,en
food_4c85581d,undhiyu whole wheat,transliteration,en
food_4c85581d,char undhiyu,transliteration,en
food_4c85581d,undhiyu tadka,transliteration,en
food_4c85581d,50g undhiyu,transliteration,en
food_4c85581d,1 katori undhiyu,transliteration,en
food_4c85581d,kathiyawadi undhiyu,transliteration,en
food_4c85581d,100g undhiyu,transliteration,en
food_4c85581d,sukhi dry sabzi undhiyu,transliteration,en
food_4c85581d,undihyu,transliteration,en
food_4c85581d,undhiyu with butter,transliteration,en
food_4c85581d,undhiyu dry,transliteration,en
food_4c85581d,tran undhiyu,transliteration,en
food_4c85581d,2 cups undhiyu,transliteration,en
food_4c85581d,250g undhiyu,transliteration,en
food_4c85581d,undiyu,transliteration,en
food_4c85581d,unhiyu,transliteration,en
food_4c85581d,undhiyu sugar free,transliteration,en
food_4c85581d,100ml undhiyu,transliteration,en
food_4c85581d,1 piece undhiyu,transliteration,en
food_4c85581d,3 pieces undhiyu,transliteration,en
food_4c85581d,undhiyu jain,transliteration,en
food_4c85581d,500g undhiyu,transliteration,en
food_4c85581d,1 cup undhiyu,transliteration,en
food_4c85581d,be undhiyu,transliteration,en
food_4c85581d,4 pieces undhiyu,transliteration,en
food_4c85581d,ek glass undhiyu,transliteration,en
food_4c85581d,500ml undhiyu,transliteration,en
food_4c85581d,panch undhiyu,transliteration,en
food_4c85581d,undhiu,transliteration,en
food_4c85581d,undhiiiiyu,transliteration,en
food_4c85581d,undhiyu extra butter,transliteration,en
food_4c85581d,undhiyu steamed,transliteration,en
food_4c85581d,undhiiu,transliteration,en
food_4c85581d,250ml undhiyu,transliteration,en
food_4c85581d,undhiyu sweet,transliteration,en
food_4c85581d,undhiyuuu,transliteration,en
food_4c85581d,undhiyu air fried,transliteration,en
food_4c85581d,umdhiyu,transliteration,en
food_4c85581d,unhdiyu,transliteration,en
food_4c85581d,2 katori undhiyu,transliteration,en
food_4c85581d,ek undhiyu,transliteration,en
food_4c85581d,big bowl undhiyu,transliteration,en
food_4c85581d,undhiyu with ghee,transliteration,en
food_4c85581d,undhiyu deep fried,transliteration,en
food_4c85581d,undhiyu spicy,transliteration,en
food_4c85581d,tawa roasted crispy undhiyu,transliteration,en
food_4c85581d,200g undhiyu,transliteration,en
food_4c85581d,ek katori undhiyu,transliteration,en
food_4c85581d,multigrain fiber rich undhiyu,transliteration,en
food_4c85581d,unnnndhiyu,transliteration,en
food_4c85581d,undhiyu mild,transliteration,en
food_4c85581d,undhiyu shallow fried,transliteration,en
food_4c85581d,undhyu,transliteration,en
food_4c85581d,feeku non-spicy undhiyu,transliteration,en
food_4c85581d,surti undhiyu,transliteration,en
food_4c85581d,unddddhiyu,transliteration,en
food_4c85581d,undhiyu with jaggery,transliteration,en
food_4c85581d,undhiyu roasted,transliteration,en
food_4c85581d,undhiyu multigrain,transliteration,en
food_4c85581d,winter undhiyu with muthia,transliteration,en
food_4c85581d,1 bowl undhiyu,transliteration,en
food_4c85581d,undhiuy,transliteration,en
food_4c85581d,udnhiyu,transliteration,en
food_4c85581d,be vaati undhiyu,transliteration,en
food_4c85581d,half glass undhiyu,transliteration,en
food_4c85581d,ek vaati undhiyu,transliteration,en
food_4c85581d,uuundhiyu,transliteration,en
food_4c85581d,undddhiyu,transliteration,en
food_4c85581d,5 pieces undhiyu,transliteration,en
food_4c85581d,undhiiiyu,transliteration,en
food_4c85581d,oondhiyoo,transliteration,en
food_4c85581d,undhyyu,transliteration,en
food_4c85581d,udhiyu,transliteration,en
food_4c85581d,200ml undhiyu,transliteration,en
food_4c85581d,2 pieces undhiyu,transliteration,en
food_4c85581d,1 glass undhiyu,transliteration,en
food_4c85581d,undhoyu,transliteration,en
food_4c85581d,ek cup undhiyu,transliteration,en
food_4c85581d,unshiyu,transliteration,en
food_4c85581d,2 bowls undhiyu,transliteration,en
food_4c85581d,undhiyu gravy,transliteration,en
food_4c85581d,undhiyu boiled,transliteration,en
food_auth_lasaniya_bataka,lahsunnni aloo,transliteration,en
food_auth_lasaniya_bataka,500g lasaniya bataka,transliteration,en
food_auth_lasaniya_bataka,lasaniy abataka,transliteration,en
food_auth_lasaniya_bataka,lasaniya bataaaaka,transliteration,en
food_auth_lasaniya_bataka,lasaniya bataka boiled,transliteration,en
food_auth_lasaniya_bataka,lasaniya bataka multigrain,transliteration,en
food_auth_lasaniya_bataka,lasainya bataka,transliteration,en
food_auth_lasaniya_bataka,lasuni aloo,transliteration,en
food_auth_lasaniya_bataka,laaniya bataka,transliteration,en
food_auth_lasaniya_bataka,250ml lasaniya bataka,transliteration,en
food_auth_lasaniya_bataka,lahsuuuuni aloo,transliteration,en
food_auth_lasaniya_bataka,lahsuni aolo,transliteration,en
food_auth_lasaniya_bataka,lhasuni aloo,transliteration,en
food_auth_lasaniya_bataka,lasanyya bataka,transliteration,en
food_auth_lasaniya_bataka,lahsuni alooooo,transliteration,en
food_auth_lasaniya_bataka,lssaniya bataka,transliteration,en
food_auth_lasaniya_bataka,lahsunee aloo,transliteration,en
food_auth_lasaniya_bataka,lasaniya bataka spicy,transliteration,en
food_auth_lasaniya_bataka,lasania bataka,transliteration,en
food_auth_lasaniya_bataka,lasaniya bataka extra butter,transliteration,en
food_auth_lasaniya_bataka,lahsuni alu,transliteration,en
food_auth_lasaniya_bataka,lsaniya bataka,transliteration,en
food_auth_lasaniya_bataka,lasaniya baaataka,transliteration,en
food_auth_lasaniya_bataka,lasaniia bataka,transliteration,en
food_auth_lasaniya_bataka,lasniya bataka,transliteration,en
food_auth_lasaniya_bataka,lasaniya bataka dry,transliteration,en
food_auth_lasaniya_bataka,lasaniiiya bataka,transliteration,en
food_auth_lasaniya_bataka,lasaniya batakaaaa,transliteration,en
food_auth_lasaniya_bataka,ek cup lasaniya bataka,transliteration,en
food_auth_lasaniya_bataka,lasaniya bataak,transliteration,en
food_auth_lasaniya_bataka,laasniya bataka,transliteration,en
food_auth_lasaniya_bataka,lasannniya bataka,transliteration,en
food_auth_lasaniya_bataka,100ml lasaniya bataka,transliteration,en
food_auth_lasaniya_bataka,char lasaniya bataka,transliteration,en
food_auth_lasaniya_bataka,2 bowls lasaniya bataka,transliteration,en
food_auth_lasaniya_bataka,lsaaniya bataka,transliteration,en
food_auth_lasaniya_bataka,lahsunialoo,transliteration,en
food_auth_lasaniya_bataka,1 katori lasaniya bataka,transliteration,en
food_auth_lasaniya_bataka,lshsuni aloo,transliteration,en
food_auth_lasaniya_bataka,lahsunnnni aloo,transliteration,en
food_auth_lasaniya_bataka,laaaasaniya bataka,transliteration,en
food_auth_lasaniya_bataka,lasaniya bataka roasted,transliteration,en
food_auth_lasaniya_bataka,lasaniiiiya bataka,transliteration,en
food_auth_lasaniya_bataka,lahsuin aloo,transliteration,en
food_auth_lasaniya_bataka,1 glass lasaniya bataka,transliteration,en
food_auth_lasaniya_bataka,lahsui aloo,transliteration,en
food_auth_lasaniya_bataka,lassniya bataka,transliteration,en
food_auth_lasaniya_bataka,lasaniyaaaa bataka,transliteration,en
food_auth_lasaniya_bataka,feeku non-spicy lasaniya bataka,transliteration,en
food_auth_lasaniya_bataka,1 cup lasaniya bataka,transliteration,en
food_auth_lasaniya_bataka,lasaniya baaka,transliteration,en
food_auth_lasaniya_bataka,lasaneeya bataka,transliteration,en
food_auth_lasaniya_bataka,500ml lasaniya bataka,transliteration,en
food_auth_lasaniya_bataka,laasaaniyaa baataakaa,transliteration,en
food_auth_lasaniya_bataka,laaaahsuni aloo,transliteration,en
food_auth_lasaniya_bataka,lahsuni aloooo,transliteration,en
food_auth_lasaniya_bataka,big bowl lasaniya bataka,transliteration,en
food_auth_lasaniya_bataka,lasssaniya bataka,transliteration,en
food_auth_lasaniya_bataka,laaaniya bataka,transliteration,en
food_auth_lasaniya_bataka,lasaniya bataks,transliteration,en
food_auth_lasaniya_bataka,lasaniya bataka sweet,transliteration,en
food_auth_lasaniya_bataka,lahsuni alpo,transliteration,en
food_auth_lasaniya_bataka,lasamiya bataka,transliteration,en
food_auth_lasaniya_bataka,be lasaniya bataka,transliteration,en
food_auth_lasaniya_bataka,lasaniya bataka steamed,transliteration,en
food_auth_lasaniya_bataka,lahsuni laoo,transliteration,en
food_auth_lasaniya_bataka,be vaati lasaniya bataka,transliteration,en
food_auth_lasaniya_bataka,laaasaniya bataka,transliteration,en
food_auth_lasaniya_bataka,lasaniya batakaaa,transliteration,en
food_auth_lasaniya_bataka,lassssaniya bataka,transliteration,en
food_auth_lasaniya_bataka,lasaniyabataka,transliteration,en
food_auth_lasaniya_bataka,lasaniya baatka,transliteration,en
food_auth_lasaniya_bataka,lasaniya btaka,transliteration,en
food_auth_lasaniya_bataka,lasnaiya bataka,transliteration,en
food_auth_lasaniya_bataka,lasaaaniya bataka,transliteration,en
food_auth_lasaniya_bataka,lahsnui aloo,transliteration,en
food_auth_lasaniya_bataka,lahsuni sloo,transliteration,en
food_auth_lasaniya_bataka,lahsni aloo,transliteration,en
food_auth_lasaniya_bataka,lasaniya batttaka,transliteration,en
food_auth_lasaniya_bataka,lasaniya bataka shallow fried,transliteration,en
food_auth_lasaniya_bataka,100g lasaniya bataka,transliteration,en
food_auth_lasaniya_bataka,ek vaati lasaniya bataka,transliteration,en
food_auth_lasaniya_bataka,lahsun aloo,transliteration,en
food_auth_lasaniya_bataka,lahssssuni aloo,transliteration,en
food_auth_lasaniya_bataka,lasannnniya bataka,transliteration,en
food_auth_lasaniya_bataka,2 cups lasaniya bataka,transliteration,en
food_auth_lasaniya_bataka,lasanoya bataka,transliteration,en
food_auth_lasaniya_bataka,lasanyia bataka,transliteration,en
food_auth_lasaniya_bataka,lasaiya bataka,transliteration,en
food_auth_lasaniya_bataka,lasaniya bstaka,transliteration,en
food_auth_lasaniya_bataka,lahsuniiii aloo,transliteration,en
food_auth_lasaniya_bataka,half glass lasaniya bataka,transliteration,en
food_auth_lasaniya_bataka,lahsuno aloo,transliteration,en
food_auth_lasaniya_bataka,lasaaaaniya bataka,transliteration,en
food_auth_lasaniya_bataka,lahsuni aaaloo,transliteration,en
food_auth_lasaniya_bataka,garlic baby potato kathiyawadi,transliteration,en
food_auth_lasaniya_bataka,lahsuni loo,transliteration,en
food_auth_lasaniya_bataka,lahsuni alop,transliteration,en
food_auth_lasaniya_bataka,lasaniya battttaka,transliteration,en
food_auth_lasaniya_bataka,200ml lasaniya bataka,transliteration,en
food_auth_lasaniya_bataka,lasanya bataka,transliteration,en
food_auth_lasaniya_bataka,alsaniya bataka,transliteration,en
food_auth_lasaniya_bataka,lasaniya btaaka,transliteration,en
food_auth_lasaniya_bataka,4 pieces lasaniya bataka,transliteration,en
food_auth_lasaniya_bataka,lasaniys bataka,transliteration,en
food_auth_lasaniya_bataka,2 pieces lasaniya bataka,transliteration,en
food_auth_lasaniya_bataka,lasaniya bataka jain,transliteration,en
food_auth_lasaniya_bataka,lahsuni aaaaloo,transliteration,en
food_auth_lasaniya_bataka,5 pieces lasaniya bataka,transliteration,en
food_auth_lasaniya_bataka,lasaniya bathaka,transliteration,en
food_auth_lasaniya_bataka,lasaniya bataka deep fried,transliteration,en
food_auth_lasaniya_bataka,lahsuuuni aloo,transliteration,en
food_auth_lasaniya_bataka,lahsuny aloo,transliteration,en
food_auth_lasaniya_bataka,lahsumi aloo,transliteration,en
food_auth_lasaniya_bataka,lasaniya baaaataka,transliteration,en
food_auth_lasaniya_bataka,lahsun ialoo,transliteration,en
food_auth_lasaniya_bataka,lahsuni alo,transliteration,en
food_auth_lasaniya_bataka,lasaniya ataka,transliteration,en
food_auth_lasaniya_bataka,lahsuniii aloo,transliteration,en
food_auth_lasaniya_bataka,lhsuni aloo,transliteration,en
food_auth_lasaniya_bataka,lasaniya bataja,transliteration,en
food_auth_lasaniya_bataka,lashuni aloo,transliteration,en
food_auth_lasaniya_bataka,lahsooni aloo,transliteration,en
food_auth_lasaniya_bataka,lasaniya bataka air fried,transliteration,en
food_auth_lasaniya_bataka,lasaniya baraka,transliteration,en
food_auth_lasaniya_bataka,2 glasses lasaniya bataka,transliteration,en
food_auth_lasaniya_bataka,lasaniya batkaa,transliteration,en
food_auth_lasaniya_bataka,lasaniya bataka with butter,transliteration,en
food_auth_lasaniya_bataka,panch lasaniya bataka,transliteration,en
food_auth_lasaniya_bataka,lasaniyaaa bataka,transliteration,en
food_auth_lasaniya_bataka,lasaniya bataka with jaggery,transliteration,en
food_auth_lasaniya_bataka,lasaniya bataka mild,transliteration,en
food_auth_lasaniya_bataka,lahauni aloo,transliteration,en
food_auth_lasaniya_bataka,ek katori lasaniya bataka,transliteration,en
food_auth_lasaniya_bataka,lasaniya batka,transliteration,en
food_auth_lasaniya_bataka,lasaniya bataka tadka,transliteration,en
food_auth_lasaniya_bataka,lashaniya bataka,transliteration,en
food_auth_lasaniya_bataka,lasaniya abtaka,transliteration,en
food_auth_lasaniya_bataka,lasaniya bataka with ghee,transliteration,en
food_auth_lasaniya_bataka,ek lasaniya bataka,transliteration,en
food_auth_lasaniya_bataka,lasaniya bataaaka,transliteration,en
food_auth_lasaniya_bataka,1 piece lasaniya bataka,transliteration,en
food_auth_lasaniya_bataka,2 katori lasaniya bataka,transliteration,en
food_auth_lasaniya_bataka,ek glass lasaniya bataka,transliteration,en
food_auth_lasaniya_bataka,50g lasaniya bataka,transliteration,en
food_auth_lasaniya_bataka,laaahsuni aloo,transliteration,en
food_auth_lasaniya_bataka,lahsunia loo,transliteration,en
food_auth_lasaniya_bataka,1 bowl lasaniya bataka,transliteration,en
food_auth_lasaniya_bataka,small bowl lasaniya bataka,transliteration,en
food_auth_lasaniya_bataka,lahsuni aoo,transliteration,en
food_auth_lasaniya_bataka,lahsssuni aloo,transliteration,en
food_auth_lasaniya_bataka,lahshuni aloo,transliteration,en
food_auth_lasaniya_bataka,lasaniy bataka,transliteration,en
food_auth_lasaniya_bataka,200g lasaniya bataka,transliteration,en
food_auth_lasaniya_bataka,lasaniya bataka without ghee,transliteration,en
food_auth_lasaniya_bataka,lasaniya bataka sugar free,transliteration,en
food_auth_lasaniya_bataka,lasaniya bataka gravy,transliteration,en
food_auth_lasaniya_bataka,lasaniya bataa,transliteration,en
food_auth_lasaniya_bataka,lasaniya bataka whole wheat,transliteration,en
food_auth_lasaniya_bataka,lasaniya bhataka,transliteration,en
food_auth_lasaniya_bataka,lasaniyab ataka,transliteration,en
food_auth_lasaniya_bataka,tran lasaniya bataka,transliteration,en
food_auth_lasaniya_bataka,250g lasaniya bataka,transliteration,en
food_auth_lasaniya_bataka,lasaniay bataka,transliteration,en
food_auth_lasaniya_bataka,lasaniya batakha,transliteration,en
food_auth_lasaniya_bataka,150g lasaniya bataka,transliteration,en
food_auth_lasaniya_bataka,lasaniya batska,transliteration,en
food_auth_lasaniya_bataka,laahsuni aaloo,transliteration,en
food_auth_lasaniya_bataka,3 pieces lasaniya bataka,transliteration,en
food_auth_lasaniya_bataka,alhsuni aloo,transliteration,en
food_auth_lasaniya_bataka,lahuni aloo,transliteration,en
food_auth_lasaniya_bataka,lahusni aloo,transliteration,en
food_auth_ringna_no_oro,baingna bharta,transliteration,en
food_auth_ringna_no_oro,bainnnngan bharta,transliteration,en
food_auth_ringna_no_oro,baaaaingan bharta,transliteration,en
food_auth_ringna_no_oro,ringna no orooo,transliteration,en
food_auth_ringna_no_oro,ringna mo oro,transliteration,en
food_auth_ringna_no_oro,baingan bharttta,transliteration,en
food_auth_ringna_no_oro,ringna noo ro,transliteration,en
food_auth_ringna_no_oro,tingna no oro,transliteration,en
food_auth_ringna_no_oro,baingan bhsrta,transliteration,en
food_auth_ringna_no_oro,ringnaa no oro,transliteration,en
food_auth_ringna_no_oro,baingan bhrata,transliteration,en
food_auth_ringna_no_oro,ringns no oro,transliteration,en
food_auth_ringna_no_oro,ringna no pro,transliteration,en
food_auth_ringna_no_oro,baingan bhaaaarta,transliteration,en
food_auth_ringna_no_oro,baingan bharts,transliteration,en
food_auth_ringna_no_oro,ringnaaaa no oro,transliteration,en
food_auth_ringna_no_oro,bhaingan bhharta,transliteration,en
food_auth_ringna_no_oro,baongan bharta,transliteration,en
food_auth_ringna_no_oro,bainga nbharta,transliteration,en
food_auth_ringna_no_oro,riiingna no oro,transliteration,en
food_auth_ringna_no_oro,baingn bharta,transliteration,en
food_auth_ringna_no_oro,ringna n oro,transliteration,en
food_auth_ringna_no_oro,baingan bharra,transliteration,en
food_auth_ringna_no_oro,baingam bharta,transliteration,en
food_auth_ringna_no_oro,100ml ringna no oro,transliteration,en
food_auth_ringna_no_oro,rinnga no oro,transliteration,en
food_auth_ringna_no_oro,baaaingan bharta,transliteration,en
food_auth_ringna_no_oro,ringna no oor,transliteration,en
food_auth_ringna_no_oro,panch ringna no oro,transliteration,en
food_auth_ringna_no_oro,ringna noooo oro,transliteration,en
food_auth_ringna_no_oro,baiiingan bharta,transliteration,en
food_auth_ringna_no_oro,ringna no ro,transliteration,en
food_auth_ringna_no_oro,baingsn bharta,transliteration,en
food_auth_ringna_no_oro,ringa no oro,transliteration,en
food_auth_ringna_no_oro,ringna no orrrro,transliteration,en
food_auth_ringna_no_oro,baaingaan bhaartaa,transliteration,en
food_auth_ringna_no_oro,rinnnngna no oro,transliteration,en
food_auth_ringna_no_oro,rnigna no oro,transliteration,en
food_auth_ringna_no_oro,biangan bharta,transliteration,en
food_auth_ringna_no_oro,baingan bhaaarta,transliteration,en
food_auth_ringna_no_oro,bainan bharta,transliteration,en
food_auth_ringna_no_oro,reengna no oro,transliteration,en
food_auth_ringna_no_oro,ringna no oooro,transliteration,en
food_auth_ringna_no_oro,bainnngan bharta,transliteration,en
food_auth_ringna_no_oro,bainagn bharta,transliteration,en
food_auth_ringna_no_oro,baeengan bharta,transliteration,en
food_auth_ringna_no_oro,ringna no roo,transliteration,en
food_auth_ringna_no_oro,baingan bhrta,transliteration,en
food_auth_ringna_no_oro,char ringna no oro,transliteration,en
food_auth_ringna_no_oro,bingan bharta,transliteration,en
food_auth_ringna_no_oro,ringna no ooooro,transliteration,en
food_auth_ringna_no_oro,baingannn bharta,transliteration,en
food_auth_ringna_no_oro,ringna nooo oro,transliteration,en
food_auth_ringna_no_oro,500g ringna no oro,transliteration,en
food_auth_ringna_no_oro,500ml ringna no oro,transliteration,en
food_auth_ringna_no_oro,baigan bharta,transliteration,en
food_auth_ringna_no_oro,ringna no orrro,transliteration,en
food_auth_ringna_no_oro,rrringna no oro,transliteration,en
food_auth_ringna_no_oro,ringna no oto,transliteration,en
food_auth_ringna_no_oro,baingaaan bharta,transliteration,en
food_auth_ringna_no_oro,250g ringna no oro,transliteration,en
food_auth_ringna_no_oro,ringnnna no oro,transliteration,en
food_auth_ringna_no_oro,ringma no oro,transliteration,en
food_auth_ringna_no_oro,ringna no oroooo,transliteration,en
food_auth_ringna_no_oro,rimgna no oro,transliteration,en
food_auth_ringna_no_oro,baingan hbarta,transliteration,en
food_auth_ringna_no_oro,ringn no oro,transliteration,en
food_auth_ringna_no_oro,rrrringna no oro,transliteration,en
food_auth_ringna_no_oro,200g ringna no oro,transliteration,en
food_auth_ringna_no_oro,abingan bharta,transliteration,en
food_auth_ringna_no_oro,baignan bharta,transliteration,en
food_auth_ringna_no_oro,baingan bharta gujarati,transliteration,en
food_auth_ringna_no_oro,bangan bharta,transliteration,en
food_auth_ringna_no_oro,ringna nooro,transliteration,en
food_auth_ringna_no_oro,tran ringna no oro,transliteration,en
food_auth_ringna_no_oro,baingan bharrrta,transliteration,en
food_auth_ringna_no_oro,200ml ringna no oro,transliteration,en
food_auth_ringna_no_oro,bainganb harta,transliteration,en
food_auth_ringna_no_oro,rongna no oro,transliteration,en
food_auth_ringna_no_oro,baingan bharat,transliteration,en
food_auth_ringna_no_oro,250ml ringna no oro,transliteration,en
food_auth_ringna_no_oro,baingan bhartttta,transliteration,en
food_auth_ringna_no_oro,ringna n ooro,transliteration,en
food_auth_ringna_no_oro,baingan bhata,transliteration,en
food_auth_ringna_no_oro,ringna on oro,transliteration,en
food_auth_ringna_no_oro,ringna no oo,transliteration,en
food_auth_ringna_no_oro,ringnan o oro,transliteration,en
food_auth_ringna_no_oro,bayngan bharta,transliteration,en
food_auth_ringna_no_oro,baingan bahrta,transliteration,en
food_auth_ringna_no_oro,irngna no oro,transliteration,en
food_auth_ringna_no_oro,ringan no oro,transliteration,en
food_auth_ringna_no_oro,bainganbharta,transliteration,en
food_auth_ringna_no_oro,rinna no oro,transliteration,en
food_auth_ringna_no_oro,baingan bhartaaaa,transliteration,en
food_auth_ringna_no_oro,baingan bhatta,transliteration,en
food_auth_ringna_no_oro,rignna no oro,transliteration,en
food_auth_ringna_no_oro,baingan bhatra,transliteration,en
food_auth_ringna_no_oro,baingannnn bharta,transliteration,en
food_auth_ringna_no_oro,ryngna no oro,transliteration,en
food_auth_ringna_no_oro,ringnnnna no oro,transliteration,en
food_auth_ringna_no_oro,baingan barta,transliteration,en
food_auth_ringna_no_oro,baimgan bharta,transliteration,en
food_auth_ringna_no_oro,riiiingna no oro,transliteration,en
food_auth_ringna_no_oro,baingan bhartha,transliteration,en
food_auth_ringna_no_oro,rinnngna no oro,transliteration,en
food_auth_ringna_no_oro,bsingan bharta,transliteration,en
food_auth_ringna_no_oro,baingan bharrrrta,transliteration,en
food_auth_ringna_no_oro,ek ringna no oro,transliteration,en
food_auth_ringna_no_oro,50g ringna no oro,transliteration,en
food_auth_ringna_no_oro,ringnaaa no oro,transliteration,en
food_auth_ringna_no_oro,ringna np oro,transliteration,en
food_auth_ringna_no_oro,100g ringna no oro,transliteration,en
food_auth_ringna_no_oro,ringna o oro,transliteration,en
food_auth_ringna_no_oro,ringna nnno oro,transliteration,en
food_auth_ringna_no_oro,baiiiingan bharta,transliteration,en
food_auth_ringna_no_oro,150g ringna no oro,transliteration,en
food_auth_ringna_no_oro,ringna nnnno oro,transliteration,en
food_auth_ringna_no_oro,be ringna no oro,transliteration,en
food_auth_ringna_no_oro,baingaaaan bharta,transliteration,en
food_auth_ringna_no_oro,ringna no orp,transliteration,en
food_auth_ringna_no_oro,baingan harta,transliteration,en
food_auth_ringna_no_oro,rigna no oro,transliteration,en
food_auth_ringna_no_oro,bainga bharta,transliteration,en
food_auth_ringna_no_oro,ringn ano oro,transliteration,en
food_auth_ringna_no_oro,rngna no oro,transliteration,en
food_auth_ringna_no_oro,banigan bharta,transliteration,en
food_auth_ringna_no_oro,ringnano oro,transliteration,en
food_auth_ringna_no_oro,baingan bhara,transliteration,en
food_auth_ringna_no_oro,baingan bhartaaa,transliteration,en
food_dab1524f,panee rbutter masala,transliteration,en
food_dab1524f,paneer butte rmasala,transliteration,en
food_dab1524f,paneer buttet masala,transliteration,en
food_dab1524f,paneer utter masala,transliteration,en
food_dab1524f,paneer bhutter masala,transliteration,en
food_dab1524f,paener butter masala,transliteration,en
food_dab1524f,paneer butttter masala,transliteration,en
food_dab1524f,paneerrrr butter masala,transliteration,en
food_dab1524f,pannneer butter masala,transliteration,en
food_dab1524f,be paneerbuttermasalanaan,transliteration,en
food_dab1524f,paneer butter maaaasala,transliteration,en
food_dab1524f,paneer butetr masala,transliteration,en
food_dab1524f,paneeeer butter masala,transliteration,en
food_dab1524f,paneer butte masala,transliteration,en
food_dab1524f,paneer buttttter masala,transliteration,en
food_dab1524f,teen paneerbuttermasalanaan,transliteration,en
food_dab1524f,paneer butter maasla,transliteration,en
food_dab1524f,paneer butter masaaaala,transliteration,en
food_dab1524f,paeer butter masala,transliteration,en
food_dab1524f,paneer butter msala,transliteration,en
food_dab1524f,be paneer butter masala,transliteration,en
food_dab1524f,panir butter masala,transliteration,en
food_dab1524f,paneer butteeeer masala,transliteration,en
food_dab1524f,paneer butter mashala,transliteration,en
food_dab1524f,250ml paneer butter masala,transliteration,en
food_dab1524f,250g paneer butter masala,transliteration,en
food_dab1524f,paneer butteeer masala,transliteration,en
food_dab1524f,paneer buthther masala,transliteration,en
food_dab1524f,panere butter masala,transliteration,en
food_dab1524f,paneerbutter masala,transliteration,en
food_dab1524f,paneer butter masaal,transliteration,en
food_dab1524f,panewr butter masala,transliteration,en
food_dab1524f,500ml paneer butter masala,transliteration,en
food_dab1524f,paneer btuter masala,transliteration,en
food_dab1524f,paneer butter msaala,transliteration,en
food_dab1524f,paneer buttermasala,transliteration,en
food_dab1524f,1 paneerbuttermasalanaan,transliteration,en
food_dab1524f,paneer butter masssala,transliteration,en
food_dab1524f,paneer buttwr masala,transliteration,en
food_dab1524f,char paneer butter masala,transliteration,en
food_dab1524f,paneer butter masals,transliteration,en
food_dab1524f,pannnneer butter masala,transliteration,en
food_dab1524f,paner butter masala,transliteration,en
food_dab1524f,paneer btter masala,transliteration,en
food_dab1524f,paneer butter maala,transliteration,en
food_dab1524f,paneer butter masalaaa,transliteration,en
food_dab1524f,paneer butterm asala,transliteration,en
food_dab1524f,pameer butter masala,transliteration,en
food_dab1524f,paneer butter nasala,transliteration,en
food_dab1524f,paaaaneer butter masala,transliteration,en
food_dab1524f,3 paneerbuttermasalanaan,transliteration,en
food_dab1524f,paneer butter asala,transliteration,en
food_dab1524f,paneer buttre masala,transliteration,en
food_dab1524f,ek paneer butter masala,transliteration,en
food_dab1524f,paneer butterrrr masala,transliteration,en
food_dab1524f,oaneer butter masala,transliteration,en
food_dab1524f,paaneer butter maasaalaa,transliteration,en
food_dab1524f,psneer butter masala,transliteration,en
food_dab1524f,200g paneer butter masala,transliteration,en
food_dab1524f,paneer butter masaaala,transliteration,en
food_dab1524f,paneer butter mssala,transliteration,en
food_dab1524f,apneer butter masala,transliteration,en
food_dab1524f,paneerrr butter masala,transliteration,en
food_dab1524f,100g paneer butter masala,transliteration,en
food_dab1524f,paneet butter masala,transliteration,en
food_dab1524f,paneer butterrr masala,transliteration,en
food_dab1524f,tran paneer butter masala,transliteration,en
food_dab1524f,paneer butter masalaaaa,transliteration,en
food_dab1524f,paneer butter masaa,transliteration,en
food_dab1524f,glass paneerbuttermasalanaan,transliteration,en
food_dab1524f,paneer buttr masala,transliteration,en
food_dab1524f,paaaneer butter masala,transliteration,en
food_dab1524f,500g paneer butter masala,transliteration,en
food_dab1524f,paneer butter maslaa,transliteration,en
food_dab1524f,paneer butter masla,transliteration,en
food_dab1524f,2 paneerbuttermasalanaan,transliteration,en
food_dab1524f,panwer butter masala,transliteration,en
food_dab1524f,paneer butrer masala,transliteration,en
food_dab1524f,paneer butter mmmasala,transliteration,en
food_dab1524f,100ml paneer butter masala,transliteration,en
food_dab1524f,ek paneerbuttermasalanaan,transliteration,en
food_dab1524f,paneer buter masala,transliteration,en
food_dab1524f,paneerbuttermasalanaan,transliteration,en
food_dab1524f,paneer butter mmmmasala,transliteration,en
food_dab1524f,paneer bootter masala,transliteration,en
food_dab1524f,paneer buuuutter masala,transliteration,en
food_dab1524f,panee butter masala,transliteration,en
food_dab1524f,paneer buuutter masala,transliteration,en
food_dab1524f,paneer butter amsala,transliteration,en
food_dab1524f,paneer burter masala,transliteration,en
food_dab1524f,do paneerbuttermasalanaan,transliteration,en
food_dab1524f,paneerb utter masala,transliteration,en
food_dab1524f,paneer ubtter masala,transliteration,en
food_dab1524f,150g paneer butter masala,transliteration,en
food_dab1524f,paneer butter massla,transliteration,en
food_dab1524f,pneer butter masala,transliteration,en
food_dab1524f,pnaeer butter masala,transliteration,en
food_dab1524f,paneeeeer butter masala,transliteration,en
food_dab1524f,paneer butter massssala,transliteration,en
food_dab1524f,tran paneerbuttermasalanaan,transliteration,en
food_dab1524f,50g paneer butter masala,transliteration,en
food_dab1524f,panch paneer butter masala,transliteration,en
food_dab1524f,paneer butter maaala,transliteration,en
food_dab1524f,200ml paneer butter masala,transliteration,en
food_dab1524f,paneer butter maaasala,transliteration,en
food_dab1524f,bowl paneerbuttermasalanaan,transliteration,en
food_826c7c4e,5 pieces palak paneer,transliteration,en
food_826c7c4e,palaaaak paneer,transliteration,en
food_826c7c4e,100ml palak paneer,transliteration,en
food_826c7c4e,palak paneeeer,transliteration,en
food_826c7c4e,palak paneer sathe roti,transliteration,en
food_826c7c4e,glass palakpaneerroti,transliteration,en
food_826c7c4e,palak apneer,transliteration,en
food_826c7c4e,2 glasses palak paneer,transliteration,en
food_826c7c4e,palak pameer,transliteration,en
food_826c7c4e,palak paneerrrr,transliteration,en
food_826c7c4e,50g palak paneer,transliteration,en
food_826c7c4e,150g palak paneer,transliteration,en
food_826c7c4e,palak paner,transliteration,en
food_826c7c4e,palaj paneer,transliteration,en
food_826c7c4e,200ml palak paneer,transliteration,en
food_826c7c4e,palak pannneer,transliteration,en
food_826c7c4e,plak paneer,transliteration,en
food_826c7c4e,palak pneer,transliteration,en
food_826c7c4e,tran palak paneer,transliteration,en
food_826c7c4e,be palak paneer,transliteration,en
food_826c7c4e,1 cup palak paneer,transliteration,en
food_826c7c4e,palak psneer,transliteration,en
food_826c7c4e,aplak paneer,transliteration,en
food_826c7c4e,pala kpaneer,transliteration,en
food_826c7c4e,palak panere,transliteration,en
food_826c7c4e,1 bowl palak paneer,transliteration,en
food_826c7c4e,paaaalak paneer,transliteration,en
food_826c7c4e,200g palak paneer,transliteration,en
food_826c7c4e,palak oaneer,transliteration,en
food_826c7c4e,palakpaneer,transliteration,en
food_826c7c4e,palakp aneer,transliteration,en
food_826c7c4e,palak panewr,transliteration,en
food_826c7c4e,1 palakpaneerroti,transliteration,en
food_826c7c4e,palak pnaeer,transliteration,en
food_826c7c4e,250ml palak paneer,transliteration,en
food_826c7c4e,ek palak paneer,transliteration,en
food_826c7c4e,250g palak paneer,transliteration,en
food_826c7c4e,tran palakpaneerroti,transliteration,en
food_826c7c4e,pala paneer,transliteration,en
food_826c7c4e,palak paneer and roti,transliteration,en
food_826c7c4e,oalak paneer,transliteration,en
food_826c7c4e,3 palakpaneerroti,transliteration,en
food_826c7c4e,palsk paneer,transliteration,en
food_826c7c4e,palk paneer,transliteration,en
food_826c7c4e,1 piece palak paneer,transliteration,en
food_826c7c4e,3 pieces palak paneer,transliteration,en
food_826c7c4e,paalk paneer,transliteration,en
food_826c7c4e,small bowl palak paneer,transliteration,en
food_826c7c4e,palak paaaaneer,transliteration,en
food_826c7c4e,ek vaati palak paneer,transliteration,en
food_826c7c4e,palak panwer,transliteration,en
food_826c7c4e,paaalak paneer,transliteration,en
food_826c7c4e,panch palak paneer,transliteration,en
food_826c7c4e,palakpaneerroti,transliteration,en
food_826c7c4e,char palak paneer,transliteration,en
food_826c7c4e,palaaak paneer,transliteration,en
food_826c7c4e,palak paneer ane roti,transliteration,en
food_826c7c4e,100g palak paneer,transliteration,en
food_826c7c4e,palakh paneer,transliteration,en
food_826c7c4e,1 glass palak paneer,transliteration,en
food_826c7c4e,500ml palak paneer,transliteration,en
food_826c7c4e,ek palakpaneerroti,transliteration,en
food_826c7c4e,4 pieces palak paneer,transliteration,en
food_826c7c4e,palak paener,transliteration,en
food_826c7c4e,palak paaaneer,transliteration,en
food_826c7c4e,be palakpaneerroti,transliteration,en
food_826c7c4e,bowl palakpaneerroti,transliteration,en
food_826c7c4e,teen palakpaneerroti,transliteration,en
food_826c7c4e,paalaak paaneer,transliteration,en
food_826c7c4e,paak paneer,transliteration,en
food_826c7c4e,big bowl palak paneer,transliteration,en
food_826c7c4e,1 katori palak paneer,transliteration,en
food_826c7c4e,pslak paneer,transliteration,en
food_826c7c4e,palak paneeeeer,transliteration,en
food_826c7c4e,be vaati palak paneer,transliteration,en
food_826c7c4e,2 katori palak paneer,transliteration,en
food_826c7c4e,ek katori palak paneer,transliteration,en
food_826c7c4e,plaak paneer,transliteration,en
food_826c7c4e,palka paneer,transliteration,en
food_826c7c4e,palak paeer,transliteration,en
food_826c7c4e,palak paneerrr,transliteration,en
food_826c7c4e,2 cups palak paneer,transliteration,en
food_826c7c4e,palak paneet,transliteration,en
food_826c7c4e,2 pieces palak paneer,transliteration,en
food_826c7c4e,half glass palak paneer,transliteration,en
food_826c7c4e,ek glass palak paneer,transliteration,en
food_826c7c4e,palak pannnneer,transliteration,en
food_826c7c4e,2 bowls palak paneer,transliteration,en
food_826c7c4e,500g palak paneer,transliteration,en
food_826c7c4e,palak paneer with roti,transliteration,en
food_826c7c4e,palak paneer aur roti,transliteration,en
food_826c7c4e,do palakpaneerroti,transliteration,en
food_826c7c4e,ek cup palak paneer,transliteration,en
food_826c7c4e,2 palakpaneerroti,transliteration,en
food_826c7c4e,palak aneer,transliteration,en
food_95587156,kadhaipaneerroti,transliteration,en
food_95587156,kadhai pneer,transliteration,en
food_95587156,kashai paneer,transliteration,en
food_95587156,kdahai paneer,transliteration,en
food_95587156,kadhai paner,transliteration,en
food_95587156,kadhaee paneer,transliteration,en
food_95587156,ek kadhaipaneerroti,transliteration,en
food_95587156,4 pieces kadhai paneer,transliteration,en
food_95587156,100ml kadhai paneer,transliteration,en
food_95587156,150g kadhai paneer,transliteration,en
food_95587156,2 kadhaipaneerroti,transliteration,en
food_95587156,kadhai paneeeer,transliteration,en
food_95587156,kadhai paeer,transliteration,en
food_95587156,small bowl kadhai paneer,transliteration,en
food_95587156,2 glasses kadhai paneer,transliteration,en
food_95587156,5 pieces kadhai paneer,transliteration,en
food_95587156,ksdhai paneer,transliteration,en
food_95587156,kadddhai paneer,transliteration,en
food_95587156,bowl kadhaipaneerroti,transliteration,en
food_95587156,kadhhai paneer,transliteration,en
food_95587156,3 pieces kadhai paneer,transliteration,en
food_95587156,ek kadhai paneer,transliteration,en
food_95587156,kaddddhai paneer,transliteration,en
food_95587156,ek katori kadhai paneer,transliteration,en
food_95587156,kadhai paaaneer,transliteration,en
food_95587156,be kadhaipaneerroti,transliteration,en
food_95587156,1 cup kadhai paneer,transliteration,en
food_95587156,ek glass kadhai paneer,transliteration,en
food_95587156,kahdai paneer,transliteration,en
food_95587156,kadhai oaneer,transliteration,en
food_95587156,ek cup kadhai paneer,transliteration,en
food_95587156,kadhai panir,transliteration,en
food_95587156,kadhai panere,transliteration,en
food_95587156,2 katori kadhai paneer,transliteration,en
food_95587156,kadhai pannnneer,transliteration,en
food_95587156,kadhai paneet,transliteration,en
food_95587156,500g kadhai paneer,transliteration,en
food_95587156,kadhsi paneer,transliteration,en
food_95587156,kadhaaai paneer,transliteration,en
food_95587156,200g kadhai paneer,transliteration,en
food_95587156,big bowl kadhai paneer,transliteration,en
food_95587156,tran kadhai paneer,transliteration,en
food_95587156,teen kadhaipaneerroti,transliteration,en
food_95587156,tran kadhaipaneerroti,transliteration,en
food_95587156,kahai paneer,transliteration,en
food_95587156,glass kadhaipaneerroti,transliteration,en
food_95587156,kadhai aneer,transliteration,en
food_95587156,1 bowl kadhai paneer,transliteration,en
food_95587156,kdhai paneer,transliteration,en
food_95587156,char kadhai paneer,transliteration,en
food_95587156,kaaaadhai paneer,transliteration,en
food_95587156,kadhai paener,transliteration,en
food_95587156,kadhaiiii paneer,transliteration,en
food_95587156,kadhay paneer,transliteration,en
food_95587156,50g kadhai paneer,transliteration,en
food_95587156,kaadhaai paaneer,transliteration,en
food_95587156,100g kadhai paneer,transliteration,en
food_95587156,be kadhai paneer,transliteration,en
food_95587156,kadhao paneer,transliteration,en
food_95587156,1 piece kadhai paneer,transliteration,en
food_95587156,be vaati kadhai paneer,transliteration,en
food_95587156,kadahi paneer,transliteration,en
food_95587156,2 cups kadhai paneer,transliteration,en
food_95587156,kadha ipaneer,transliteration,en
food_95587156,kadhai pnaeer,transliteration,en
food_95587156,kadhai paneeeeer,transliteration,en
food_95587156,kadhaaaai paneer,transliteration,en
food_95587156,kadha paneer,transliteration,en
food_95587156,200ml kadhai paneer,transliteration,en
food_95587156,1 katori kadhai paneer,transliteration,en
food_95587156,jadhai paneer,transliteration,en
food_95587156,kadhaip aneer,transliteration,en
food_95587156,1 kadhaipaneerroti,transliteration,en
food_95587156,do kadhaipaneerroti,transliteration,en
food_95587156,500ml kadhai paneer,transliteration,en
food_95587156,panch kadhai paneer,transliteration,en
food_95587156,250g kadhai paneer,transliteration,en
food_95587156,kadhaiii paneer,transliteration,en
food_95587156,kadhai paneerrr,transliteration,en
food_95587156,kaaadhai paneer,transliteration,en
food_95587156,1 glass kadhai paneer,transliteration,en
food_95587156,2 pieces kadhai paneer,transliteration,en
food_95587156,kadhi paneer,transliteration,en
food_95587156,akdhai paneer,transliteration,en
food_95587156,kadhai pameer,transliteration,en
food_95587156,kadhai paneerrrr,transliteration,en
food_95587156,2 bowls kadhai paneer,transliteration,en
food_95587156,3 kadhaipaneerroti,transliteration,en
food_95587156,half glass kadhai paneer,transliteration,en
food_95587156,kadhai pannneer,transliteration,en
food_95587156,kadhai psneer,transliteration,en
food_95587156,250ml kadhai paneer,transliteration,en
food_95587156,kadhai paaaaneer,transliteration,en
food_95587156,kadhai panewr,transliteration,en
food_95587156,kadhai apneer,transliteration,en
food_95587156,kadhai panwer,transliteration,en
food_95587156,ek vaati kadhai paneer,transliteration,en
food_95587156,kadhaipaneer,transliteration,en
food_95587156,kadhia paneer,transliteration,en
food_auth_chole,1 glass chole,transliteration,en
food_auth_chole,ek chole,transliteration,en
food_auth_chole,ek cup chole chana,transliteration,en
food_auth_chole,chple,transliteration,en
food_auth_chole,choel,transliteration,en
food_auth_chole,chole chna,transliteration,en
food_auth_chole,be chole chana,transliteration,en
food_auth_chole,cole,transliteration,en
food_auth_chole,500ml chole,transliteration,en
food_auth_chole,chooole,transliteration,en
food_auth_chole,bowl cholebhature,transliteration,en
food_auth_chole,chole chaaana,transliteration,en
food_auth_chole,chole chanaaaa,transliteration,en
food_auth_chole,chole cahna,transliteration,en
food_auth_chole,200ml chole,transliteration,en
food_auth_chole,ek cup chole,transliteration,en
food_auth_chole,chole ane bhatura,transliteration,en
food_auth_chole,choleee chana,transliteration,en
food_auth_chole,150g chole,transliteration,en
food_auth_chole,3 pieces chole,transliteration,en
food_auth_chole,chooole chana,transliteration,en
food_auth_chole,be vaati chole chana,transliteration,en
food_auth_chole,chol echana,transliteration,en
food_auth_chole,chloe chana,transliteration,en
food_auth_chole,chol chana,transliteration,en
food_auth_chole,1 piece chole,transliteration,en
food_auth_chole,chole chanaaa,transliteration,en
food_auth_chole,chhole,transliteration,en
food_auth_chole,2 katori chole,transliteration,en
food_auth_chole,choe chana,transliteration,en
food_auth_chole,1 bowl chole,transliteration,en
food_auth_chole,chole cana,transliteration,en
food_auth_chole,tran chole chana,transliteration,en
food_auth_chole,teen cholebhature,transliteration,en
food_auth_chole,chole channna,transliteration,en
food_auth_chole,100ml chole,transliteration,en
food_auth_chole,choooole chana,transliteration,en
food_auth_chole,chole chama,transliteration,en
food_auth_chole,do cholebhature,transliteration,en
food_auth_chole,2 glasses chole,transliteration,en
food_auth_chole,chle chana,transliteration,en
food_auth_chole,choe,transliteration,en
food_auth_chole,chole chaanaa,transliteration,en
food_auth_chole,glass cholebhature,transliteration,en
food_auth_chole,50g chole,transliteration,en
food_auth_chole,ek katori chole chana,transliteration,en
food_auth_chole,cholechana,transliteration,en
food_auth_chole,500g chole,transliteration,en
food_auth_chole,hcole chana,transliteration,en
food_auth_chole,chole channnna,transliteration,en
food_auth_chole,tran chole,transliteration,en
food_auth_chole,5 pieces chole,transliteration,en
food_auth_chole,ek chole chana,transliteration,en
food_auth_chole,chple chana,transliteration,en
food_auth_chole,2 bowls chole,transliteration,en
food_auth_chole,250ml chole,transliteration,en
food_auth_chole,chole chaaaana,transliteration,en
food_auth_chole,chole chsna,transliteration,en
food_auth_chole,chole hcana,transliteration,en
food_auth_chole,chole ke sath bhatura,transliteration,en
food_auth_chole,cohle chana,transliteration,en
food_auth_chole,be chole,transliteration,en
food_auth_chole,200g chole,transliteration,en
food_auth_chole,panch chole,transliteration,en
food_auth_chole,chole chnaa,transliteration,en
food_auth_chole,choleeee chana,transliteration,en
food_auth_chole,choleeee,transliteration,en
food_auth_chole,chle,transliteration,en
food_auth_chole,hcole,transliteration,en
food_auth_chole,char chole,transliteration,en
food_auth_chole,choel chana,transliteration,en
food_auth_chole,chhole chhana,transliteration,en
food_auth_chole,ek vaati chole,transliteration,en
food_auth_chole,cholw,transliteration,en
food_auth_chole,3 cholebhature,transliteration,en
food_auth_chole,100g chole,transliteration,en
food_auth_chole,ek cholebhature,transliteration,en
food_auth_chole,tran cholebhature,transliteration,en
food_auth_chole,ek glass chole chana,transliteration,en
food_auth_chole,be vaati chole,transliteration,en
food_auth_chole,cholw chana,transliteration,en
food_auth_chole,be cholebhature,transliteration,en
food_auth_chole,chloe,transliteration,en
food_auth_chole,2 cups chole,transliteration,en
food_auth_chole,chole chaan,transliteration,en
food_auth_chole,cholec hana,transliteration,en
food_auth_chole,2 cholebhature,transliteration,en
food_auth_chole,chole chaa,transliteration,en
food_auth_chole,ek glass chole,transliteration,en
food_auth_chole,cohle,transliteration,en
food_auth_chole,2 pieces chole,transliteration,en
food_auth_chole,chole chans,transliteration,en
food_auth_chole,choleee,transliteration,en
food_auth_chole,1 cholebhature,transliteration,en
food_auth_chole,small bowl chole,transliteration,en
food_auth_chole,choooole,transliteration,en
food_auth_chole,big bowl chole,transliteration,en
food_auth_chole,1 cup chole,transliteration,en
food_auth_chole,chole sathe bhatura,transliteration,en
food_auth_chole,chole aur bhatura,transliteration,en
food_auth_chole,chole and bhatura,transliteration,en
food_auth_chole,cole chana,transliteration,en
food_auth_chole,chole with bhatura,transliteration,en
food_auth_chole,ek vaati chole chana,transliteration,en
food_auth_chole,4 pieces chole,transliteration,en
food_auth_chole,chole hana,transliteration,en
food_auth_chole,half glass chole,transliteration,en
food_auth_chole,250g chole,transliteration,en
food_auth_chole,cholebhature,transliteration,en
food_auth_chole,ek katori chole,transliteration,en
food_auth_chole,1 katori chole,transliteration,en
food_4f85127a,4 pieces rajma,transliteration,en
food_4f85127a,raaajma,transliteration,en
food_4f85127a,200ml rajma,transliteration,en
food_4f85127a,rajam,transliteration,en
food_4f85127a,raaaajma,transliteration,en
food_4f85127a,rajmaaaa,transliteration,en
food_4f85127a,ek rajmachawal,transliteration,en
food_4f85127a,raajmaa,transliteration,en
food_4f85127a,rajma and rice,transliteration,en
food_4f85127a,rsjma,transliteration,en
food_4f85127a,half glass rajma,transliteration,en
food_4f85127a,250ml rajma,transliteration,en
food_4f85127a,ramja,transliteration,en
food_4f85127a,250g rajma,transliteration,en
food_4f85127a,500ml rajma,transliteration,en
food_4f85127a,rrrajma,transliteration,en
food_4f85127a,rajmmma,transliteration,en
food_4f85127a,50g rajma,transliteration,en
food_4f85127a,1 glass rajma,transliteration,en
food_4f85127a,ek katori rajma,transliteration,en
food_4f85127a,rajma ke sath rice,transliteration,en
food_4f85127a,raja,transliteration,en
food_4f85127a,2 rajmachawal,transliteration,en
food_4f85127a,rjama,transliteration,en
food_4f85127a,do rajmachawal,transliteration,en
food_4f85127a,rajms,transliteration,en
food_4f85127a,2 katori rajma,transliteration,en
food_4f85127a,rajma ane rice,transliteration,en
food_4f85127a,rajmmmma,transliteration,en
food_4f85127a,ek rajma,transliteration,en
food_4f85127a,tran rajma,transliteration,en
food_4f85127a,panch rajma,transliteration,en
food_4f85127a,500g rajma,transliteration,en
food_4f85127a,rajma aur rice,transliteration,en
food_4f85127a,teen rajmachawal,transliteration,en
food_4f85127a,big bowl rajma,transliteration,en
food_4f85127a,2 pieces rajma,transliteration,en
food_4f85127a,small bowl rajma,transliteration,en
food_4f85127a,3 rajmachawal,transliteration,en
food_4f85127a,rrrrajma,transliteration,en
food_4f85127a,5 pieces rajma,transliteration,en
food_4f85127a,rjma,transliteration,en
food_4f85127a,100ml rajma,transliteration,en
food_4f85127a,150g rajma,transliteration,en
food_4f85127a,ek cup rajma,transliteration,en
food_4f85127a,1 rajmachawal,transliteration,en
food_4f85127a,be rajma,transliteration,en
food_4f85127a,100g rajma,transliteration,en
food_4f85127a,ek glass rajma,transliteration,en
food_4f85127a,bowl rajmachawal,transliteration,en
food_4f85127a,rajma with rice,transliteration,en
food_4f85127a,2 glasses rajma,transliteration,en
food_4f85127a,be rajmachawal,transliteration,en
food_4f85127a,glass rajmachawal,transliteration,en
food_4f85127a,1 bowl rajma,transliteration,en
food_4f85127a,1 cup rajma,transliteration,en
food_4f85127a,200g rajma,transliteration,en
food_4f85127a,1 piece rajma,transliteration,en
food_4f85127a,3 pieces rajma,transliteration,en
food_4f85127a,tran rajmachawal,transliteration,en
food_4f85127a,tajma,transliteration,en
food_4f85127a,arjma,transliteration,en
food_4f85127a,be vaati rajma,transliteration,en
food_4f85127a,rajma sathe rice,transliteration,en
food_4f85127a,2 cups rajma,transliteration,en
food_4f85127a,char rajma,transliteration,en
food_4f85127a,rajmachawal,transliteration,en
food_4f85127a,rajna,transliteration,en
food_4f85127a,ek vaati rajma,transliteration,en
food_4f85127a,2 bowls rajma,transliteration,en
food_4f85127a,rajmaaa,transliteration,en
food_4f85127a,1 katori rajma,transliteration,en
food_4f85127a,rama,transliteration,en
food_d2ac3ee0,aaaloo gobi,transliteration,en
food_d2ac3ee0,be aloo gobi,transliteration,en
food_d2ac3ee0,bataka flowernu shaak,transliteration,en
food_d2ac3ee0,tran aloo gobi,transliteration,en
food_d2ac3ee0,bataka flower nu shak,transliteration,en
food_d2ac3ee0,aloo gobo,transliteration,en
food_d2ac3ee0,batka flower nu shaak,transliteration,en
food_d2ac3ee0,1 glass aloo gobi,transliteration,en
food_d2ac3ee0,bataka flower nus haak,transliteration,en
food_d2ac3ee0,bataka folwer nu shaak,transliteration,en
food_d2ac3ee0,bataka flowre nu shaak,transliteration,en
food_d2ac3ee0,bataka flower nu saak,transliteration,en
food_d2ac3ee0,aloooo gobi,transliteration,en
food_d2ac3ee0,bataka floweeeer nu shaak,transliteration,en
food_d2ac3ee0,alu gobi,transliteration,en
food_d2ac3ee0,bataks flower nu shaak,transliteration,en
food_d2ac3ee0,bataaaaka flower nu shaak,transliteration,en
food_d2ac3ee0,alop gobi,transliteration,en
food_d2ac3ee0,1 katori aloo gobi,transliteration,en
food_d2ac3ee0,aloo gobiii,transliteration,en
food_d2ac3ee0,bataka flower nu ssshaak,transliteration,en
food_d2ac3ee0,sloo gobi,transliteration,en
food_d2ac3ee0,bstaka flower nu shaak,transliteration,en
food_d2ac3ee0,50g aloo gobi,transliteration,en
food_d2ac3ee0,laoo gobi,transliteration,en
food_d2ac3ee0,aloo goby,transliteration,en
food_d2ac3ee0,bataka flowe nu shaak,transliteration,en
food_d2ac3ee0,ek aloo gobi,transliteration,en
food_d2ac3ee0,aloo obi,transliteration,en
food_d2ac3ee0,bataa flower nu shaak,transliteration,en
food_d2ac3ee0,big bowl aloo gobi,transliteration,en
food_d2ac3ee0,half glass aloo gobi,transliteration,en
food_d2ac3ee0,panch aloo gobi,transliteration,en
food_d2ac3ee0,2 katori aloo gobi,transliteration,en
food_d2ac3ee0,alo ogobi,transliteration,en
food_d2ac3ee0,small bowl aloo gobi,transliteration,en
food_d2ac3ee0,bataka lfower nu shaak,transliteration,en
food_d2ac3ee0,bataka flooower nu shaak,transliteration,en
food_d2ac3ee0,bataka floweeer nu shaak,transliteration,en
food_d2ac3ee0,bataka flower noo shaak,transliteration,en
food_d2ac3ee0,aoo gobi,transliteration,en
food_d2ac3ee0,bataka flpwer nu shaak,transliteration,en
food_d2ac3ee0,btaaka flower nu shaak,transliteration,en
food_d2ac3ee0,aolo gobi,transliteration,en
food_d2ac3ee0,1 bowl aloo gobi,transliteration,en
food_d2ac3ee0,btaka flower nu shaak,transliteration,en
food_d2ac3ee0,bataka flower nu shaaaaak,transliteration,en
food_d2ac3ee0,100ml aloo gobi,transliteration,en
food_d2ac3ee0,aloogobi,transliteration,en
food_d2ac3ee0,250ml aloo gobi,transliteration,en
food_d2ac3ee0,aloo gobee,transliteration,en
food_d2ac3ee0,aloo goi,transliteration,en
food_d2ac3ee0,bataka floewr nu shaak,transliteration,en
food_d2ac3ee0,bataka flower nu hsaak,transliteration,en
food_d2ac3ee0,baatka flower nu shaak,transliteration,en
food_d2ac3ee0,batakha flower nu shaakh,transliteration,en
food_d2ac3ee0,bataaaka flower nu shaak,transliteration,en
food_d2ac3ee0,bataka flover nu shaak,transliteration,en
food_d2ac3ee0,1 piece aloo gobi,transliteration,en
food_d2ac3ee0,bataka flower nu shask,transliteration,en
food_d2ac3ee0,alo gobi,transliteration,en
food_d2ac3ee0,batakaaa flower nu shaak,transliteration,en
food_d2ac3ee0,500ml aloo gobi,transliteration,en
food_d2ac3ee0,bataka flower nnnnu shaak,transliteration,en
food_d2ac3ee0,5 pieces aloo gobi,transliteration,en
food_d2ac3ee0,aaaaloo gobi,transliteration,en
food_d2ac3ee0,bataka flwer nu shaak,transliteration,en
food_d2ac3ee0,batska flower nu shaak,transliteration,en
food_d2ac3ee0,2 bowls aloo gobi,transliteration,en
food_d2ac3ee0,bataka flowr nu shaak,transliteration,en
food_d2ac3ee0,2 glasses aloo gobi,transliteration,en
food_d2ac3ee0,200ml aloo gobi,transliteration,en
food_d2ac3ee0,3 pieces aloo gobi,transliteration,en
food_d2ac3ee0,bataka floooower nu shaak,transliteration,en
food_d2ac3ee0,bataka flower nu sahak,transliteration,en
food_d2ac3ee0,100g aloo gobi,transliteration,en
food_d2ac3ee0,batttaka flower nu shaak,transliteration,en
food_d2ac3ee0,aloo goooobi,transliteration,en
food_d2ac3ee0,be vaati aloo gobi,transliteration,en
food_d2ac3ee0,ek cup aloo gobi,transliteration,en
food_d2ac3ee0,aloog obi,transliteration,en
food_d2ac3ee0,bataka flower nu shsak,transliteration,en
food_d2ac3ee0,200g aloo gobi,transliteration,en
food_d2ac3ee0,baraka flower nu shaak,transliteration,en
food_d2ac3ee0,bataka flowerrr nu shaak,transliteration,en
food_d2ac3ee0,bataka flower nuuuu shaak,transliteration,en
food_d2ac3ee0,ek glass aloo gobi,transliteration,en
food_d2ac3ee0,bataka flower mu shaak,transliteration,en
food_d2ac3ee0,2 pieces aloo gobi,transliteration,en
food_d2ac3ee0,bataka flowe rnu shaak,transliteration,en
food_d2ac3ee0,baaka flower nu shaak,transliteration,en
food_d2ac3ee0,aloo gboi,transliteration,en
food_d2ac3ee0,bataka flower nu shaaaak,transliteration,en
food_d2ac3ee0,bataka flower nu shhaak,transliteration,en
food_d2ac3ee0,abtaka flower nu shaak,transliteration,en
food_d2ac3ee0,bataka flower nu shaka,transliteration,en
food_d2ac3ee0,aaloo gobi,transliteration,en
food_d2ac3ee0,aloo gooobi,transliteration,en
food_d2ac3ee0,bataka flower nu sssshaak,transliteration,en
food_d2ac3ee0,1 cup aloo gobi,transliteration,en
food_d2ac3ee0,bataka flower nnnu shaak,transliteration,en
food_d2ac3ee0,bataka flwoer nu shaak,transliteration,en
food_d2ac3ee0,batakaaaa flower nu shaak,transliteration,en
food_d2ac3ee0,ek vaati aloo gobi,transliteration,en
food_d2ac3ee0,bataka flower nu haak,transliteration,en
food_d2ac3ee0,bhataka flower nu shaak,transliteration,en
food_d2ac3ee0,aloo gbi,transliteration,en
food_d2ac3ee0,baataakaa flower nu shaaaak,transliteration,en
food_d2ac3ee0,aloo goib,transliteration,en
food_d2ac3ee0,aloo gobiiii,transliteration,en
food_d2ac3ee0,bataka flower n shaak,transliteration,en
food_d2ac3ee0,bataka lower nu shaak,transliteration,en
food_d2ac3ee0,bataka floer nu shaak,transliteration,en
food_d2ac3ee0,char aloo gobi,transliteration,en
food_d2ac3ee0,bataka flower nu shaaj,transliteration,en
food_d2ac3ee0,alooooo gobi,transliteration,en
food_d2ac3ee0,bataka flower nushaak,transliteration,en
food_d2ac3ee0,baaataka flower nu shaak,transliteration,en
food_d2ac3ee0,bataka flower nu ahaak,transliteration,en
food_d2ac3ee0,150g aloo gobi,transliteration,en
food_d2ac3ee0,2 cups aloo gobi,transliteration,en
food_d2ac3ee0,batakaflower nu shaak,transliteration,en
food_d2ac3ee0,bataka flower u shaak,transliteration,en
food_d2ac3ee0,batakaf lower nu shaak,transliteration,en
food_d2ac3ee0,bataka flowwr nu shaak,transliteration,en
food_d2ac3ee0,250g aloo gobi,transliteration,en
food_d2ac3ee0,ek katori aloo gobi,transliteration,en
food_d2ac3ee0,bataka flowern u shaak,transliteration,en
food_d2ac3ee0,batak flower nu shaak,transliteration,en
food_d2ac3ee0,aloo ogbi,transliteration,en
food_d2ac3ee0,bataka fower nu shaak,transliteration,en
food_d2ac3ee0,bataak flower nu shaak,transliteration,en
food_d2ac3ee0,bataka flower un shaak,transliteration,en
food_d2ac3ee0,500g aloo gobi,transliteration,en
food_d2ac3ee0,4 pieces aloo gobi,transliteration,en
food_d2ac3ee0,bataka flower n ushaak,transliteration,en
food_d2ac3ee0,alpo gobi,transliteration,en
food_d2ac3ee0,bataja flower nu shaak,transliteration,en
food_d2ac3ee0,batkaa flower nu shaak,transliteration,en
food_d2ac3ee0,aloo gpbi,transliteration,en
food_d2ac3ee0,bataka flowerrrr nu shaak,transliteration,en
food_d2ac3ee0,bathaka flower nu shaak,transliteration,en
food_d2ac3ee0,bataka flower nuuu shaak,transliteration,en
food_d2ac3ee0,batak aflower nu shaak,transliteration,en
food_d2ac3ee0,baaaataka flower nu shaak,transliteration,en
food_d2ac3ee0,bataka flowet nu shaak,transliteration,en
food_d2ac3ee0,battttaka flower nu shaak,transliteration,en
food_3fc108be,bhindha nu shaak,transliteration,en
food_3fc108be,bhimda nu shaak,transliteration,en
food_3fc108be,ek vaati bhindi masala,transliteration,en
food_3fc108be,bhindi masaaala,transliteration,en
food_3fc108be,bhindi amsala,transliteration,en
food_3fc108be,bhinda nu shaakh,transliteration,en
food_3fc108be,bhinda nu shaaaak,transliteration,en
food_3fc108be,5 pieces bhindi masala,transliteration,en
food_3fc108be,200ml bhindi masala,transliteration,en
food_3fc108be,bhinda mu shaak,transliteration,en
food_3fc108be,bhinddda nu shaak,transliteration,en
food_3fc108be,bhindi mssala,transliteration,en
food_3fc108be,bhinda nu hsaak,transliteration,en
food_3fc108be,bhindi maaaasala,transliteration,en
food_3fc108be,bhind nu shaak,transliteration,en
food_3fc108be,bhini masala,transliteration,en
food_3fc108be,ek cup bhindi masala,transliteration,en
food_3fc108be,250ml bhindi masala,transliteration,en
food_3fc108be,bhndi masala,transliteration,en
food_3fc108be,big bowl bhindi masala,transliteration,en
food_3fc108be,bhinda nu ssshaak,transliteration,en
food_3fc108be,bihnda nu shaak,transliteration,en
food_3fc108be,bhindhi masala,transliteration,en
food_3fc108be,bhindi maala,transliteration,en
food_3fc108be,1 cup bhindi masala,transliteration,en
food_3fc108be,bhindi masals,transliteration,en
food_3fc108be,bhiiinda nu shaak,transliteration,en
food_3fc108be,bhinda nu saak,transliteration,en
food_3fc108be,half glass bhindi masala,transliteration,en
food_3fc108be,bhindiii masala,transliteration,en
food_3fc108be,bhindi maslaa,transliteration,en
food_3fc108be,bhindi asala,transliteration,en
food_3fc108be,100ml bhindi masala,transliteration,en
food_3fc108be,bhinda n shaak,transliteration,en
food_3fc108be,bindi masala,transliteration,en
food_3fc108be,1 piece bhindi masala,transliteration,en
food_3fc108be,bhidni masala,transliteration,en
food_3fc108be,2 katori bhindi masala,transliteration,en
food_3fc108be,bhindi maasla,transliteration,en
food_3fc108be,be bhindi masala,transliteration,en
food_3fc108be,bhinad nu shaak,transliteration,en
food_3fc108be,bhindim asala,transliteration,en
food_3fc108be,bhhindi masala,transliteration,en
food_3fc108be,ek glass bhindi masala,transliteration,en
food_3fc108be,2 pieces bhindi masala,transliteration,en
food_3fc108be,bhindi masalaaaa,transliteration,en
food_3fc108be,tran bhindi masala,transliteration,en
food_3fc108be,bhinnnndi masala,transliteration,en
food_3fc108be,50g bhindi masala,transliteration,en
food_3fc108be,bhinda nuuuu shaak,transliteration,en
food_3fc108be,hbinda nu shaak,transliteration,en
food_3fc108be,bhindddda nu shaak,transliteration,en
food_3fc108be,bhidi masala,transliteration,en
food_3fc108be,1 katori bhindi masala,transliteration,en
food_3fc108be,char bhindi masala,transliteration,en
food_3fc108be,500g bhindi masala,transliteration,en
food_3fc108be,bhind anu shaak,transliteration,en
food_3fc108be,bhindi mmmasala,transliteration,en
food_3fc108be,bhinda nus haak,transliteration,en
food_3fc108be,bhindi masssala,transliteration,en
food_3fc108be,bhida nu shaak,transliteration,en
food_3fc108be,bhinsi masala,transliteration,en
food_3fc108be,bhimdi masala,transliteration,en
food_3fc108be,2 cups bhindi masala,transliteration,en
food_3fc108be,bhindaaa nu shaak,transliteration,en
food_3fc108be,bhindi massssala,transliteration,en
food_3fc108be,bhinda n ushaak,transliteration,en
food_3fc108be,bhindi mmmmasala,transliteration,en
food_3fc108be,bhindi msaala,transliteration,en
food_3fc108be,bhindo masala,transliteration,en
food_3fc108be,bhyndy masala,transliteration,en
food_3fc108be,ek bhinda nu shaak,transliteration,en
food_3fc108be,bhinda nuuu shaak,transliteration,en
food_3fc108be,bhind masala,transliteration,en
food_3fc108be,bheendee masala,transliteration,en
food_3fc108be,bhondi masala,transliteration,en
food_3fc108be,200g bhindi masala,transliteration,en
food_3fc108be,bhinda nnnnu shaak,transliteration,en
food_3fc108be,panch bhindi masala,transliteration,en
food_3fc108be,bhindaa nu shaaaak,transliteration,en
food_3fc108be,bhina nu shaak,transliteration,en
food_3fc108be,bhinda nushaak,transliteration,en
food_3fc108be,binda nu shaak,transliteration,en
food_3fc108be,bhindi maaala,transliteration,en
food_3fc108be,bhnda nu shaak,transliteration,en
food_3fc108be,ek bhindi masala,transliteration,en
food_3fc108be,2 bowls bhindi masala,transliteration,en
food_3fc108be,bhinda nu shaka,transliteration,en
food_3fc108be,bhind imasala,transliteration,en
food_3fc108be,bhinda nnnu shaak,transliteration,en
food_3fc108be,bhinda nu sssshaak,transliteration,en
food_3fc108be,bhinda nu haak,transliteration,en
food_3fc108be,bheenda nu shaak,transliteration,en
food_3fc108be,bhindi masaaaala,transliteration,en
food_3fc108be,bhinda nu shaaj,transliteration,en
food_3fc108be,bhindimasala,transliteration,en
food_3fc108be,ek katori bhindi masala,transliteration,en
food_3fc108be,bhnida nu shaak,transliteration,en
food_3fc108be,hbindi masala,transliteration,en
food_3fc108be,bhindi mashala,transliteration,en
food_3fc108be,bhinnnda nu shaak,transliteration,en
food_3fc108be,bhindaaaa nu shaak,transliteration,en
food_3fc108be,bhiiiinda nu shaak,transliteration,en
food_3fc108be,bhynda nu shaak,transliteration,en
food_3fc108be,small bowl bhindi masala,transliteration,en
food_3fc108be,bhindi masaa,transliteration,en
food_3fc108be,bhinda nu ahaak,transliteration,en
food_3fc108be,1 bowl bhindi masala,transliteration,en
food_3fc108be,bhidna nu shaak,transliteration,en
food_3fc108be,1 glass bhindi masala,transliteration,en
food_3fc108be,bhiiindi masala,transliteration,en
food_3fc108be,bhindi msala,transliteration,en
food_3fc108be,bhinid masala,transliteration,en
food_3fc108be,bhindi masalaaa,transliteration,en
food_3fc108be,bhinda nu shask,transliteration,en
food_3fc108be,100g bhindi masala,transliteration,en
food_3fc108be,bhindi masaal,transliteration,en
food_3fc108be,bhindi maasaalaa,transliteration,en
food_3fc108be,bhinda nu shak,transliteration,en
food_3fc108be,bhinda nu shhaak,transliteration,en
food_3fc108be,bhindi massla,transliteration,en
food_3fc108be,bhinsa nu shaak,transliteration,en
food_3fc108be,bhinda nu shsak,transliteration,en
food_3fc108be,bihndi masala,transliteration,en
food_3fc108be,bhindi masla,transliteration,en
food_3fc108be,bhindi nasala,transliteration,en
food_3fc108be,150g bhindi masala,transliteration,en
food_3fc108be,be bhinda nu shaak,transliteration,en
food_3fc108be,bhinda noo shaak,transliteration,en
food_3fc108be,bhinda un shaak,transliteration,en
food_3fc108be,bhiiiindi masala,transliteration,en
food_3fc108be,bhhinda nu shaak,transliteration,en
food_3fc108be,500ml bhindi masala,transliteration,en
food_3fc108be,bhinnnnda nu shaak,transliteration,en
food_3fc108be,bhindiiii masala,transliteration,en
food_3fc108be,bhonda nu shaak,transliteration,en
food_3fc108be,bhinds nu shaak,transliteration,en
food_3fc108be,bhindddi masala,transliteration,en
food_3fc108be,bhnidi masala,transliteration,en
food_3fc108be,250g bhindi masala,transliteration,en
food_3fc108be,tran bhinda nu shaak,transliteration,en
food_3fc108be,4 pieces bhindi masala,transliteration,en
food_3fc108be,bhinnndi masala,transliteration,en
food_3fc108be,bhindanu shaak,transliteration,en
food_3fc108be,bhindi maaasala,transliteration,en
food_3fc108be,2 glasses bhindi masala,transliteration,en
food_3fc108be,bhinda nu shaaaaak,transliteration,en
food_3fc108be,bhinda nu sahak,transliteration,en
food_3fc108be,bhindan u shaak,transliteration,en
food_3fc108be,bhinddddi masala,transliteration,en
food_3fc108be,be vaati bhindi masala,transliteration,en
food_3fc108be,3 pieces bhindi masala,transliteration,en
food_3fc108be,bhinda u shaak,transliteration,en
food_ed29f0d0,100g sarson ka saag,transliteration,en
food_ed29f0d0,sarson ka saaaag,transliteration,en
food_ed29f0d0,sarsav nu sssshaak,transliteration,en
food_ed29f0d0,sarsa vnu shaak,transliteration,en
food_ed29f0d0,sarsonk a saag,transliteration,en
food_ed29f0d0,sarson ka sag,transliteration,en
food_ed29f0d0,glass sarsonkasaag,transliteration,en
food_ed29f0d0,tran sarsonkasaag,transliteration,en
food_ed29f0d0,sarson ka saaaaag,transliteration,en
food_ed29f0d0,sarssssav nu shaak,transliteration,en
food_ed29f0d0,sarsav nu shak,transliteration,en
food_ed29f0d0,sarson ka sasg,transliteration,en
food_ed29f0d0,sarsonnn ka saag,transliteration,en
food_ed29f0d0,sarsaw nu shaak,transliteration,en
food_ed29f0d0,sarrrrson ka saag,transliteration,en
food_ed29f0d0,srsav nu shaak,transliteration,en
food_ed29f0d0,srasav nu shaak,transliteration,en
food_ed29f0d0,saaaarson ka saag,transliteration,en
food_ed29f0d0,sharshon ka shaag,transliteration,en
food_ed29f0d0,2 sarsonkasaag,transliteration,en
food_ed29f0d0,sarsav nu shaaaak,transliteration,en
food_ed29f0d0,sarsooon ka saag,transliteration,en
food_ed29f0d0,teen sarsonkasaag,transliteration,en
food_ed29f0d0,sasrav nu shaak,transliteration,en
food_ed29f0d0,sarsav nushaak,transliteration,en
food_ed29f0d0,sasron ka saag,transliteration,en
food_ed29f0d0,sarsav nu shask,transliteration,en
food_ed29f0d0,char sarson ka saag,transliteration,en
food_ed29f0d0,satson ka saag,transliteration,en
food_ed29f0d0,150g sarson ka saag,transliteration,en
food_ed29f0d0,sarrrson ka saag,transliteration,en
food_ed29f0d0,sssarsav nu shaak,transliteration,en
food_ed29f0d0,ssrsav nu shaak,transliteration,en
food_ed29f0d0,500ml sarson ka saag,transliteration,en
food_ed29f0d0,sarson kha saag,transliteration,en
food_ed29f0d0,sarson ka aaag,transliteration,en
food_ed29f0d0,sarsav nuuu shaak,transliteration,en
food_ed29f0d0,sarson ak saag,transliteration,en
food_ed29f0d0,tran sarsav nu shaak,transliteration,en
food_ed29f0d0,ssssarson ka saag,transliteration,en
food_ed29f0d0,sarsavn u shaak,transliteration,en
food_ed29f0d0,500g sarson ka saag,transliteration,en
food_ed29f0d0,sarssv nu shaak,transliteration,en
food_ed29f0d0,panch sarson ka saag,transliteration,en
food_ed29f0d0,do sarsonkasaag,transliteration,en
food_ed29f0d0,sarson k asaag,transliteration,en
food_ed29f0d0,sarson ks saag,transliteration,en
food_ed29f0d0,srson ka saag,transliteration,en
food_ed29f0d0,saron ka saag,transliteration,en
food_ed29f0d0,sarsva nu shaak,transliteration,en
food_ed29f0d0,sarson kaaa saag,transliteration,en
food_ed29f0d0,satsav nu shaak,transliteration,en
food_ed29f0d0,sarsav nnnnu shaak,transliteration,en
food_ed29f0d0,sarsssson ka saag,transliteration,en
food_ed29f0d0,sarsonka saag,transliteration,en
food_ed29f0d0,sarsav nuuuu shaak,transliteration,en
food_ed29f0d0,200ml sarson ka saag,transliteration,en
food_ed29f0d0,sarsav nu hsaak,transliteration,en
food_ed29f0d0,50g sarson ka saag,transliteration,en
food_ed29f0d0,250ml sarson ka saag,transliteration,en
food_ed29f0d0,sarosn ka saag,transliteration,en
food_ed29f0d0,sarsv nu shaak,transliteration,en
food_ed29f0d0,200g sarson ka saag,transliteration,en
food_ed29f0d0,saraon ka saag,transliteration,en
food_ed29f0d0,sarrrsav nu shaak,transliteration,en
food_ed29f0d0,sarssson ka saag,transliteration,en
food_ed29f0d0,100ml sarson ka saag,transliteration,en
food_ed29f0d0,srason ka saag,transliteration,en
food_ed29f0d0,ek sarson ka saag,transliteration,en
food_ed29f0d0,sarsav nu shaka,transliteration,en
food_ed29f0d0,sarsom ka saag,transliteration,en
food_ed29f0d0,sarsav nu ssshaak,transliteration,en
food_ed29f0d0,ek sarsonkasaag,transliteration,en
food_ed29f0d0,sarso nka saag,transliteration,en
food_ed29f0d0,aarson ka saag,transliteration,en
food_ed29f0d0,sarson ka ssssaag,transliteration,en
food_ed29f0d0,sarson ka saga,transliteration,en
food_ed29f0d0,saaarsav nu shaak,transliteration,en
food_ed29f0d0,be sarsonkasaag,transliteration,en
food_ed29f0d0,sarsav u shaak,transliteration,en
food_ed29f0d0,sarsav nu ahaak,transliteration,en
food_ed29f0d0,sarsav mu shaak,transliteration,en
food_ed29f0d0,sarson kasaag,transliteration,en
food_ed29f0d0,sarsav n shaak,transliteration,en
food_ed29f0d0,sarsav noo shaak,transliteration,en
food_ed29f0d0,sarrrrsav nu shaak,transliteration,en
food_ed29f0d0,sarsonkasaag,transliteration,en
food_ed29f0d0,sarso ka saag,transliteration,en
food_ed29f0d0,saaaarsav nu shaak,transliteration,en
food_ed29f0d0,1 sarsonkasaag,transliteration,en
food_ed29f0d0,ssrson ka saag,transliteration,en
food_ed29f0d0,sarson ka sssaag,transliteration,en
food_ed29f0d0,sarsav nu shaaaaak,transliteration,en
food_ed29f0d0,sarav nu shaak,transliteration,en
food_ed29f0d0,saarson kaa saaaag,transliteration,en
food_ed29f0d0,3 sarsonkasaag,transliteration,en
food_ed29f0d0,sarsav nu shaaj,transliteration,en
food_ed29f0d0,sarsav nu shsak,transliteration,en
food_ed29f0d0,sarsav n ushaak,transliteration,en
food_ed29f0d0,sason ka saag,transliteration,en
food_ed29f0d0,sasav nu shaak,transliteration,en
food_ed29f0d0,sarspn ka saag,transliteration,en
food_ed29f0d0,sarsno ka saag,transliteration,en
food_ed29f0d0,sarson a saag,transliteration,en
food_ed29f0d0,ssssarsav nu shaak,transliteration,en
food_ed29f0d0,sarsn ka saag,transliteration,en
food_ed29f0d0,sarson ka aag,transliteration,en
food_ed29f0d0,sharshav nu shhaak,transliteration,en
food_ed29f0d0,sarsav nus haak,transliteration,en
food_ed29f0d0,sarsav nu sahak,transliteration,en
food_ed29f0d0,sarsav nnnu shaak,transliteration,en
food_ed29f0d0,sarsav nu shaakh,transliteration,en
food_ed29f0d0,tran sarson ka saag,transliteration,en
food_ed29f0d0,sarson k saag,transliteration,en
food_ed29f0d0,sarsaaaav nu shaak,transliteration,en
food_ed29f0d0,be sarsav nu shaak,transliteration,en
food_ed29f0d0,sarsssav nu shaak,transliteration,en
food_ed29f0d0,aarsav nu shaak,transliteration,en
food_ed29f0d0,sarsav un shaak,transliteration,en
food_ed29f0d0,saraav nu shaak,transliteration,en
food_ed29f0d0,sarson ja saag,transliteration,en
food_ed29f0d0,sarson ka asag,transliteration,en
food_ed29f0d0,asrsav nu shaak,transliteration,en
food_ed29f0d0,sarsonnnn ka saag,transliteration,en
food_ed29f0d0,sarsoooon ka saag,transliteration,en
food_ed29f0d0,sarsaaav nu shaak,transliteration,en
food_ed29f0d0,250g sarson ka saag,transliteration,en
food_ed29f0d0,ek sarsav nu shaak,transliteration,en
food_ed29f0d0,sarasv nu shaak,transliteration,en
food_ed29f0d0,sarsavnu shaak,transliteration,en
food_ed29f0d0,asrson ka saag,transliteration,en
food_ed29f0d0,sarsav nu haak,transliteration,en
food_ed29f0d0,sarsav nu saak,transliteration,en
food_ed29f0d0,sarson kaaaa saag,transliteration,en
food_ed29f0d0,saarsaav nu shaaaak,transliteration,en
food_ed29f0d0,punjabi winter saag,transliteration,en
food_ed29f0d0,bowl sarsonkasaag,transliteration,en
food_ed29f0d0,sarson kas aag,transliteration,en
food_ed29f0d0,sssarson ka saag,transliteration,en
food_ed29f0d0,sarson ka ssag,transliteration,en
food_ed29f0d0,sarsa nu shaak,transliteration,en
food_ed29f0d0,be sarson ka saag,transliteration,en
food_ed29f0d0,saaarson ka saag,transliteration,en
food_5843291e,buuutter chicken,transliteration,en
food_5843291e,half glass butter chicken,transliteration,en
food_5843291e,be butter chicken,transliteration,en
food_5843291e,bootter chicken,transliteration,en
food_5843291e,butter chcken,transliteration,en
food_5843291e,butter chciken,transliteration,en
food_5843291e,butte rchicken,transliteration,en
food_5843291e,5 pieces butter chicken,transliteration,en
food_5843291e,butterchicken,transliteration,en
food_5843291e,butter chickennnn,transliteration,en
food_5843291e,char butter chicken,transliteration,en
food_5843291e,butter hicken,transliteration,en
food_5843291e,2 pieces butter chicken,transliteration,en
food_5843291e,1 piece butter chicken,transliteration,en
food_5843291e,1 glass butter chicken,transliteration,en
food_5843291e,buttet chicken,transliteration,en
food_5843291e,panch butter chicken,transliteration,en
food_5843291e,btter chicken,transliteration,en
food_5843291e,butterrr chicken,transliteration,en
food_5843291e,butterc hicken,transliteration,en
food_5843291e,500ml butter chicken,transliteration,en
food_5843291e,buthther chicken,transliteration,en
food_5843291e,2 katori butter chicken,transliteration,en
food_5843291e,small bowl butter chicken,transliteration,en
food_5843291e,250g butter chicken,transliteration,en
food_5843291e,ubtter chicken,transliteration,en
food_5843291e,butteeeer chicken,transliteration,en
food_5843291e,butter cheecken,transliteration,en
food_5843291e,butter chicekn,transliteration,en
food_5843291e,butte chicken,transliteration,en
food_5843291e,butter chhicken,transliteration,en
food_5843291e,butter chicjen,transliteration,en
food_5843291e,2 bowls butter chicken,transliteration,en
food_5843291e,butter chickeeeen,transliteration,en
food_5843291e,butter chiiiicken,transliteration,en
food_5843291e,butter cihcken,transliteration,en
food_5843291e,big bowl butter chicken,transliteration,en
food_5843291e,1 cup butter chicken,transliteration,en
food_5843291e,ek katori butter chicken,transliteration,en
food_5843291e,2 cups butter chicken,transliteration,en
food_5843291e,200g butter chicken,transliteration,en
food_5843291e,buuuutter chicken,transliteration,en
food_5843291e,ek cup butter chicken,transliteration,en
food_5843291e,butter chickem,transliteration,en
food_5843291e,buttr chicken,transliteration,en
food_5843291e,2 glasses butter chicken,transliteration,en
food_5843291e,butteeer chicken,transliteration,en
food_5843291e,ek vaati butter chicken,transliteration,en
food_5843291e,butter chickhen,transliteration,en
food_5843291e,butter chiken,transliteration,en
food_5843291e,butterrrr chicken,transliteration,en
food_5843291e,100g butter chicken,transliteration,en
food_5843291e,butter chickeeen,transliteration,en
food_5843291e,butter chikcen,transliteration,en
food_5843291e,butttter chicken,transliteration,en
food_5843291e,buttwr chicken,transliteration,en
food_5843291e,ek glass butter chicken,transliteration,en
food_5843291e,butter chickn,transliteration,en
food_5843291e,butter chiiicken,transliteration,en
food_5843291e,1 bowl butter chicken,transliteration,en
food_5843291e,butter chickennn,transliteration,en
food_5843291e,buttre chicken,transliteration,en
food_5843291e,250ml butter chicken,transliteration,en
food_5843291e,murgh makhani delhi style,transliteration,en
food_5843291e,buttttter chicken,transliteration,en
food_5843291e,150g butter chicken,transliteration,en
food_5843291e,3 pieces butter chicken,transliteration,en
food_5843291e,100ml butter chicken,transliteration,en
food_5843291e,burter chicken,transliteration,en
food_5843291e,1 katori butter chicken,transliteration,en
food_5843291e,butrer chicken,transliteration,en
food_5843291e,buter chicken,transliteration,en
food_5843291e,4 pieces butter chicken,transliteration,en
food_5843291e,butter cicken,transliteration,en
food_5843291e,butetr chicken,transliteration,en
food_5843291e,butter chickne,transliteration,en
food_5843291e,tran butter chicken,transliteration,en
food_5843291e,butter chicen,transliteration,en
food_5843291e,butter chickwn,transliteration,en
food_5843291e,butter chocken,transliteration,en
food_5843291e,bhutter chicken,transliteration,en
food_5843291e,500g butter chicken,transliteration,en
food_5843291e,butter hcicken,transliteration,en
food_5843291e,ek butter chicken,transliteration,en
food_5843291e,200ml butter chicken,transliteration,en
food_5843291e,50g butter chicken,transliteration,en
food_5843291e,be vaati butter chicken,transliteration,en
food_5843291e,butter chycken,transliteration,en
food_5843291e,btuter chicken,transliteration,en
food_8db68534,oanipuri,transliteration,en
food_8db68534,pani ouri,transliteration,en
food_8db68534,be vaati panipuri,transliteration,en
food_8db68534,panipurrrri,transliteration,en
food_8db68534,apnipuri,transliteration,en
food_8db68534,evening snack pani puri,transliteration,en
food_8db68534,5 pieces pani puri,transliteration,en
food_8db68534,painpuri,transliteration,en
food_8db68534,pnipuri,transliteration,en
food_8db68534,panipoori,transliteration,en
food_8db68534,hot pani puri,transliteration,en
food_8db68534,small bowl pani puri,transliteration,en
food_8db68534,pani prui,transliteration,en
food_8db68534,haldiram style pani puri,transliteration,en
food_8db68534,2 cups pani puri,transliteration,en
food_8db68534,1 glass pani puri,transliteration,en
food_8db68534,pannnnipuri,transliteration,en
food_8db68534,500ml pani puri,transliteration,en
food_8db68534,2 bowls pani puri,transliteration,en
food_8db68534,4 pieces pani puri,transliteration,en
food_8db68534,be vaati pani puri,transliteration,en
food_8db68534,ek cup pani puri,transliteration,en
food_8db68534,200ml pani puri,transliteration,en
food_8db68534,pani puuuri,transliteration,en
food_8db68534,panipui,transliteration,en
food_8db68534,1 bowl pani puri,transliteration,en
food_8db68534,paaaanipuri,transliteration,en
food_8db68534,pannni puri,transliteration,en
food_8db68534,panch pani puri,transliteration,en
food_8db68534,pannnni puri,transliteration,en
food_8db68534,spicy pani puri,transliteration,en
food_8db68534,pani upri,transliteration,en
food_8db68534,pani puro,transliteration,en
food_8db68534,panipri,transliteration,en
food_8db68534,paaani puri,transliteration,en
food_8db68534,pnai puri,transliteration,en
food_8db68534,1 cup pani puri,transliteration,en
food_8db68534,3 panipuri,transliteration,en
food_8db68534,char pani puri,transliteration,en
food_8db68534,pany pury,transliteration,en
food_8db68534,200g pani puri,transliteration,en
food_8db68534,paniii puri,transliteration,en
food_8db68534,ek katori pani puri,transliteration,en
food_8db68534,paniuri,transliteration,en
food_8db68534,paniiii puri,transliteration,en
food_8db68534,street style pani puri,transliteration,en
food_8db68534,2 pieces pani puri,transliteration,en
food_8db68534,tran panipuri,transliteration,en
food_8db68534,100g pani puri,transliteration,en
food_8db68534,be panipuri,transliteration,en
food_8db68534,panipuriii,transliteration,en
food_8db68534,ek glass panipuri,transliteration,en
food_8db68534,paniiipuri,transliteration,en
food_8db68534,panypury,transliteration,en
food_8db68534,pani purrri,transliteration,en
food_8db68534,ek katori panipuri,transliteration,en
food_8db68534,250ml pani puri,transliteration,en
food_8db68534,panee puree,transliteration,en
food_8db68534,pani puriii,transliteration,en
food_8db68534,teen panipuri,transliteration,en
food_8db68534,psni puri,transliteration,en
food_8db68534,tea time pani puri,transliteration,en
food_8db68534,pni puri,transliteration,en
food_8db68534,paanipuri,transliteration,en
food_8db68534,pai puri,transliteration,en
food_8db68534,crispy pani puri,transliteration,en
food_8db68534,2 glasses pani puri,transliteration,en
food_8db68534,panpuri,transliteration,en
food_8db68534,apni puri,transliteration,en
food_8db68534,panipuro,transliteration,en
food_8db68534,ek pani puri,transliteration,en
food_8db68534,pan puri,transliteration,en
food_8db68534,paaaani puri,transliteration,en
food_8db68534,500g pani puri,transliteration,en
food_8db68534,psnipuri,transliteration,en
food_8db68534,50g pani puri,transliteration,en
food_8db68534,panipurrri,transliteration,en
food_8db68534,paipuri,transliteration,en
food_8db68534,panopuri,transliteration,en
food_8db68534,panipuuuuri,transliteration,en
food_8db68534,pani pri,transliteration,en
food_8db68534,paniprui,transliteration,en
food_8db68534,1 piece pani puri,transliteration,en
food_8db68534,pani purrrri,transliteration,en
food_8db68534,half glass pani puri,transliteration,en
food_8db68534,2 panipuri,transliteration,en
food_8db68534,pani uri,transliteration,en
food_8db68534,ek vaati pani puri,transliteration,en
food_8db68534,panipuuuri,transliteration,en
food_8db68534,pani puriiii,transliteration,en
food_8db68534,ek panipuri,transliteration,en
food_8db68534,3 pieces pani puri,transliteration,en
food_8db68534,bowl panipuri,transliteration,en
food_8db68534,pani puti,transliteration,en
food_8db68534,big bowl pani puri,transliteration,en
food_8db68534,pano puri,transliteration,en
food_8db68534,paniputi,transliteration,en
food_8db68534,pami puri,transliteration,en
food_8db68534,paniouri,transliteration,en
food_8db68534,paniupri,transliteration,en
food_8db68534,paaanipuri,transliteration,en
food_8db68534,1 katori pani puri,transliteration,en
food_8db68534,panip uri,transliteration,en
food_8db68534,extra sev pani puri,transliteration,en
food_8db68534,be pani puri,transliteration,en
food_8db68534,150g pani puri,transliteration,en
food_8db68534,panipuir,transliteration,en
food_8db68534,ek cup panipuri,transliteration,en
food_8db68534,fresh pani puri,transliteration,en
food_8db68534,1 panipuri,transliteration,en
food_8db68534,pani poori,transliteration,en
food_8db68534,pain puri,transliteration,en
food_8db68534,pamipuri,transliteration,en
food_8db68534,paniiiipuri,transliteration,en
food_8db68534,ek vaati panipuri,transliteration,en
food_8db68534,2 katori pani puri,transliteration,en
food_8db68534,tran pani puri,transliteration,en
food_8db68534,pani puuuuri,transliteration,en
food_8db68534,savare nasto pani puri,transliteration,en
food_8db68534,250g pani puri,transliteration,en
food_8db68534,oani puri,transliteration,en
food_8db68534,pan ipuri,transliteration,en
food_8db68534,glass panipuri,transliteration,en
food_8db68534,paani puri,transliteration,en
food_8db68534,pani puir,transliteration,en
food_8db68534,panpiuri,transliteration,en
food_8db68534,100ml pani puri,transliteration,en
food_8db68534,panipuriiii,transliteration,en
food_8db68534,pnaipuri,transliteration,en
food_8db68534,do panipuri,transliteration,en
food_8db68534,paneepuree,transliteration,en
food_8db68534,pannnipuri,transliteration,en
food_8db68534,pani pui,transliteration,en
food_8db68534,ek glass pani puri,transliteration,en
food_auth_sev_puri,2 sevpuri,transliteration,en
food_auth_sev_puri,evening snack sev puri,transliteration,en
food_auth_sev_puri,se vpuri,transliteration,en
food_auth_sev_puri,2 katori sev puri,transliteration,en
food_auth_sev_puri,sev pri,transliteration,en
food_auth_sev_puri,se puri,transliteration,en
food_auth_sev_puri,1 piece sev puri,transliteration,en
food_auth_sev_puri,sev puuuri,transliteration,en
food_auth_sev_puri,be sevpuri,transliteration,en
food_auth_sev_puri,sew puri,transliteration,en
food_auth_sev_puri,ek vaati sev puri,transliteration,en
food_auth_sev_puri,ek sev puri,transliteration,en
food_auth_sev_puri,sev upri,transliteration,en
food_auth_sev_puri,sevp uri,transliteration,en
food_auth_sev_puri,shev puri,transliteration,en
food_auth_sev_puri,1 sevpuri,transliteration,en
food_auth_sev_puri,sev ouri,transliteration,en
food_auth_sev_puri,1 cup sev puri,transliteration,en
food_auth_sev_puri,ek sevpuri,transliteration,en
food_auth_sev_puri,be vaati sev puri,transliteration,en
food_auth_sev_puri,fresh sev puri,transliteration,en
food_auth_sev_puri,3 pieces sev puri,transliteration,en
food_auth_sev_puri,250ml sev puri,transliteration,en
food_auth_sev_puri,hot sev puri,transliteration,en
food_auth_sev_puri,sev pury,transliteration,en
food_auth_sev_puri,street style sev puri,transliteration,en
food_auth_sev_puri,sev puriiii,transliteration,en
food_auth_sev_puri,glass sevpuri,transliteration,en
food_auth_sev_puri,2 bowls sev puri,transliteration,en
food_auth_sev_puri,tran sev puri,transliteration,en
food_auth_sev_puri,150g sev puri,transliteration,en
food_auth_sev_puri,ek cup sev puri,transliteration,en
food_auth_sev_puri,sev puriii,transliteration,en
food_auth_sev_puri,sssev puri,transliteration,en
food_auth_sev_puri,haldiram style sev puri,transliteration,en
food_auth_sev_puri,sev prui,transliteration,en
food_auth_sev_puri,bowl sevpuri,transliteration,en
food_auth_sev_puri,2 glasses sev puri,transliteration,en
food_auth_sev_puri,sevpuri,transliteration,en
food_auth_sev_puri,1 bowl sev puri,transliteration,en
food_auth_sev_puri,200g sev puri,transliteration,en
food_auth_sev_puri,panch sev puri,transliteration,en
food_auth_sev_puri,sev poori,transliteration,en
food_auth_sev_puri,be sev puri,transliteration,en
food_auth_sev_puri,do sevpuri,transliteration,en
food_auth_sev_puri,sev uri,transliteration,en
food_auth_sev_puri,seeev puri,transliteration,en
food_auth_sev_puri,small bowl sev puri,transliteration,en
food_auth_sev_puri,big bowl sev puri,transliteration,en
food_auth_sev_puri,sve puri,transliteration,en
food_auth_sev_puri,teen sevpuri,transliteration,en
food_auth_sev_puri,sev pui,transliteration,en
food_auth_sev_puri,crispy sev puri,transliteration,en
food_auth_sev_puri,sev puti,transliteration,en
food_auth_sev_puri,half glass sev puri,transliteration,en
food_auth_sev_puri,5 pieces sev puri,transliteration,en
food_auth_sev_puri,seeeev puri,transliteration,en
food_auth_sev_puri,ssssev puri,transliteration,en
food_auth_sev_puri,2 pieces sev puri,transliteration,en
food_auth_sev_puri,50g sev puri,transliteration,en
food_auth_sev_puri,swv puri,transliteration,en
food_auth_sev_puri,ek glass sev puri,transliteration,en
food_auth_sev_puri,spicy sev puri,transliteration,en
food_auth_sev_puri,char sev puri,transliteration,en
food_auth_sev_puri,ek katori sev puri,transliteration,en
food_auth_sev_puri,250g sev puri,transliteration,en
food_auth_sev_puri,esv puri,transliteration,en
food_auth_sev_puri,2 cups sev puri,transliteration,en
food_auth_sev_puri,1 katori sev puri,transliteration,en
food_auth_sev_puri,1 glass sev puri,transliteration,en
food_auth_sev_puri,100g sev puri,transliteration,en
food_auth_sev_puri,200ml sev puri,transliteration,en
food_auth_sev_puri,tea time sev puri,transliteration,en
food_auth_sev_puri,sev puro,transliteration,en
food_auth_sev_puri,500g sev puri,transliteration,en
food_auth_sev_puri,tran sevpuri,transliteration,en
food_auth_sev_puri,4 pieces sev puri,transliteration,en
food_auth_sev_puri,sev purrri,transliteration,en
food_auth_sev_puri,sv puri,transliteration,en
food_auth_sev_puri,aev puri,transliteration,en
food_auth_sev_puri,sev puir,transliteration,en
food_auth_sev_puri,500ml sev puri,transliteration,en
food_auth_sev_puri,3 sevpuri,transliteration,en
food_auth_sev_puri,100ml sev puri,transliteration,en
food_auth_sev_puri,savare nasto sev puri,transliteration,en
food_auth_sev_puri,sev puuuuri,transliteration,en
food_auth_sev_puri,sev purrrri,transliteration,en
food_auth_sev_puri,sev puree,transliteration,en
food_auth_sev_puri,extra sev sev puri,transliteration,en
food_fd067479,bel puri,transliteration,en
food_fd067479,2 bhelpuri,transliteration,en
food_fd067479,be vaati bhel puri,transliteration,en
food_fd067479,do bhelpuri,transliteration,en
food_fd067479,tea time bhel puri,transliteration,en
food_fd067479,100ml bhel puri,transliteration,en
food_fd067479,2 katori bhel puri,transliteration,en
food_fd067479,200ml bhel puri,transliteration,en
food_fd067479,bhelpuri,transliteration,en
food_fd067479,100g bhel puri,transliteration,en
food_fd067479,panch bhel puri,transliteration,en
food_fd067479,bhel puti,transliteration,en
food_fd067479,500g bhel puri,transliteration,en
food_fd067479,2 glasses bhel puri,transliteration,en
food_fd067479,bheeel puri,transliteration,en
food_fd067479,spicy bhel puri,transliteration,en
food_fd067479,tran bhelpuri,transliteration,en
food_fd067479,half glass bhel puri,transliteration,en
food_fd067479,bhe puri,transliteration,en
food_fd067479,ek vaati bhel puri,transliteration,en
food_fd067479,street style bhel puri,transliteration,en
food_fd067479,bhel puree,transliteration,en
food_fd067479,150g bhel puri,transliteration,en
food_fd067479,bhel puro,transliteration,en
food_fd067479,be bhel puri,transliteration,en
food_fd067479,bhelp uri,transliteration,en
food_fd067479,3 pieces bhel puri,transliteration,en
food_fd067479,hbel puri,transliteration,en
food_fd067479,bhel poori,transliteration,en
food_fd067479,bhel ouri,transliteration,en
food_fd067479,500ml bhel puri,transliteration,en
food_fd067479,ek glass bhel puri,transliteration,en
food_fd067479,bhel pui,transliteration,en
food_fd067479,extra sev bhel puri,transliteration,en
food_fd067479,bhel puuuuri,transliteration,en
food_fd067479,char bhel puri,transliteration,en
food_fd067479,bhel upri,transliteration,en
food_fd067479,fresh bhel puri,transliteration,en
food_fd067479,ek bhelpuri,transliteration,en
food_fd067479,bhle puri,transliteration,en
food_fd067479,behl puri,transliteration,en
food_fd067479,bheeeel puri,transliteration,en
food_fd067479,bhel puir,transliteration,en
food_fd067479,glass bhelpuri,transliteration,en
food_fd067479,1 katori bhel puri,transliteration,en
food_fd067479,be bhelpuri,transliteration,en
food_fd067479,teen bhelpuri,transliteration,en
food_fd067479,bhel pri,transliteration,en
food_fd067479,50g bhel puri,transliteration,en
food_fd067479,4 pieces bhel puri,transliteration,en
food_fd067479,2 pieces bhel puri,transliteration,en
food_fd067479,bowl bhelpuri,transliteration,en
food_fd067479,bhl puri,transliteration,en
food_fd067479,5 pieces bhel puri,transliteration,en
food_fd067479,1 bowl bhel puri,transliteration,en
food_fd067479,bhel pury,transliteration,en
food_fd067479,bhel puriii,transliteration,en
food_fd067479,big bowl bhel puri,transliteration,en
food_fd067479,haldiram style bhel puri,transliteration,en
food_fd067479,ek cup bhel puri,transliteration,en
food_fd067479,crispy bhel puri,transliteration,en
food_fd067479,bhel puriiii,transliteration,en
food_fd067479,2 cups bhel puri,transliteration,en
food_fd067479,1 bhelpuri,transliteration,en
food_fd067479,bhwl puri,transliteration,en
food_fd067479,2 bowls bhel puri,transliteration,en
food_fd067479,ek katori bhel puri,transliteration,en
food_fd067479,hot bhel puri,transliteration,en
food_fd067479,250ml bhel puri,transliteration,en
food_fd067479,bhel purrrri,transliteration,en
food_fd067479,evening snack bhel puri,transliteration,en
food_fd067479,bhe lpuri,transliteration,en
food_fd067479,bhel purrri,transliteration,en
food_fd067479,bhhel puri,transliteration,en
food_fd067479,tran bhel puri,transliteration,en
food_fd067479,ek bhel puri,transliteration,en
food_fd067479,250g bhel puri,transliteration,en
food_fd067479,bhel puuuri,transliteration,en
food_fd067479,bhel prui,transliteration,en
food_fd067479,1 cup bhel puri,transliteration,en
food_fd067479,small bowl bhel puri,transliteration,en
food_fd067479,200g bhel puri,transliteration,en
food_fd067479,savare nasto bhel puri,transliteration,en
food_fd067479,1 piece bhel puri,transliteration,en
food_fd067479,bhel uri,transliteration,en
food_fd067479,3 bhelpuri,transliteration,en
food_fd067479,1 glass bhel puri,transliteration,en
food_9d3a755e,evening snack pav bhaji,transliteration,en
food_9d3a755e,pav bhhaji,transliteration,en
food_9d3a755e,tea time pav bhaji,transliteration,en
food_9d3a755e,pav bahji,transliteration,en
food_9d3a755e,500ml pav bhaji,transliteration,en
food_9d3a755e,cheese pav bhaji,colloquial_alias,en
food_9d3a755e,fresh pav bhaji,transliteration,en
food_9d3a755e,pav bhsji,transliteration,en
food_9d3a755e,bowl pavbhaji,transliteration,en
food_9d3a755e,100g pav bhaji,transliteration,en
food_9d3a755e,pav bhajo,transliteration,en
food_9d3a755e,extra sev pav bhaji,transliteration,en
food_9d3a755e,pavbhaji,transliteration,en
food_9d3a755e,teen pavbhaji,transliteration,en
food_9d3a755e,4 pieces pav bhaji,transliteration,en
food_9d3a755e,1 glass pav bhaji,transliteration,en
food_9d3a755e,be pav bhaji,transliteration,en
food_9d3a755e,pv bhaji,transliteration,en
food_9d3a755e,street style pav bhaji,transliteration,en
food_9d3a755e,200g pav bhaji,transliteration,en
food_9d3a755e,2 glasses pav bhaji,transliteration,en
food_9d3a755e,paaaav bhaji,transliteration,en
food_9d3a755e,ek cup pav bhaji,transliteration,en
food_9d3a755e,small bowl pav bhaji,transliteration,en
food_9d3a755e,1 katori pav bhaji,transliteration,en
food_9d3a755e,char pav bhaji,transliteration,en
food_9d3a755e,150g pav bhaji,transliteration,en
food_9d3a755e,crispy pav bhaji,transliteration,en
food_9d3a755e,pav bhaij,transliteration,en
food_9d3a755e,panch pav bhaji,transliteration,en
food_9d3a755e,pav baji,transliteration,en
food_9d3a755e,ek glass pav bhaji,transliteration,en
food_9d3a755e,pa vbhaji,transliteration,en
food_9d3a755e,pav hbaji,transliteration,en
food_9d3a755e,oav bhaji,transliteration,en
food_9d3a755e,200ml pav bhaji,transliteration,en
food_9d3a755e,pva bhaji,transliteration,en
food_9d3a755e,big bowl pav bhaji,transliteration,en
food_9d3a755e,100ml pav bhaji,transliteration,en
food_9d3a755e,pav bhjai,transliteration,en
food_9d3a755e,ek vaati pav bhaji,transliteration,en
food_9d3a755e,250g pav bhaji,transliteration,en
food_9d3a755e,tran pavbhaji,transliteration,en
food_9d3a755e,psv bhaji,transliteration,en
food_9d3a755e,savare nasto pav bhaji,transliteration,en
food_9d3a755e,pavb haji,transliteration,en
food_9d3a755e,pav bhajiii,transliteration,en
food_9d3a755e,pav bhai,transliteration,en
food_9d3a755e,be vaati pav bhaji,transliteration,en
food_9d3a755e,pav bhajiiii,transliteration,en
food_9d3a755e,1 piece pav bhaji,transliteration,en
food_9d3a755e,paaav bhaji,transliteration,en
food_9d3a755e,hot pav bhaji,transliteration,en
food_9d3a755e,pav bhji,transliteration,en
food_9d3a755e,500g pav bhaji,transliteration,en
food_9d3a755e,apv bhaji,transliteration,en
food_9d3a755e,2 pieces pav bhaji,transliteration,en
food_9d3a755e,pav bhajee,transliteration,en
food_9d3a755e,1 bowl pav bhaji,transliteration,en
food_9d3a755e,3 pavbhaji,transliteration,en
food_9d3a755e,do pavbhaji,transliteration,en
food_9d3a755e,pav haji,transliteration,en
food_9d3a755e,3 pieces pav bhaji,transliteration,en
food_9d3a755e,half glass pav bhaji,transliteration,en
food_9d3a755e,ek pav bhaji,transliteration,en
food_9d3a755e,1 cup pav bhaji,transliteration,en
food_9d3a755e,paw bhaji,transliteration,en
food_9d3a755e,pav bhajy,transliteration,en
food_9d3a755e,pav bhaaaji,transliteration,en
food_9d3a755e,2 katori pav bhaji,transliteration,en
food_9d3a755e,spicy pav bhaji,transliteration,en
food_9d3a755e,ek pavbhaji,transliteration,en
food_9d3a755e,pav bhaaaaji,transliteration,en
food_9d3a755e,1 pavbhaji,transliteration,en
food_9d3a755e,glass pavbhaji,transliteration,en
food_9d3a755e,2 cups pav bhaji,transliteration,en
food_9d3a755e,tran pav bhaji,transliteration,en
food_9d3a755e,ek katori pav bhaji,transliteration,en
food_9d3a755e,be pavbhaji,transliteration,en
food_9d3a755e,haldiram style pav bhaji,transliteration,en
food_9d3a755e,pa bhaji,transliteration,en
food_9d3a755e,5 pieces pav bhaji,transliteration,en
food_9d3a755e,2 pavbhaji,transliteration,en
food_9d3a755e,50g pav bhaji,transliteration,en
food_9d3a755e,paav bhaaji,transliteration,en
food_9d3a755e,2 bowls pav bhaji,transliteration,en
food_9d3a755e,250ml pav bhaji,transliteration,en
food_f2f44da6,2 bowls vada pav,transliteration,en
food_f2f44da6,2 glasses vada pav,transliteration,en
food_f2f44da6,wada paw,transliteration,en
food_f2f44da6,big bowl vada pav,transliteration,en
food_f2f44da6,ek cup vada pav,transliteration,en
food_f2f44da6,vadapav,transliteration,en
food_f2f44da6,glass vadapav,transliteration,en
food_f2f44da6,ek vadapav,transliteration,en
food_f2f44da6,vada av,transliteration,en
food_f2f44da6,vad pav,transliteration,en
food_f2f44da6,2 cups vada pav,transliteration,en
food_f2f44da6,vadddda pav,transliteration,en
food_f2f44da6,vadap av,transliteration,en
food_f2f44da6,4 pieces vada pav,transliteration,en
food_f2f44da6,panch vada pav,transliteration,en
food_f2f44da6,spicy vada pav,transliteration,en
food_f2f44da6,small bowl vada pav,transliteration,en
food_f2f44da6,1 vadapav,transliteration,en
food_f2f44da6,vadaaaa pav,transliteration,en
food_f2f44da6,street style vada pav,transliteration,en
food_f2f44da6,1 cup vada pav,transliteration,en
food_f2f44da6,200g vada pav,transliteration,en
food_f2f44da6,do vadapav,transliteration,en
food_f2f44da6,vsda pav,transliteration,en
food_f2f44da6,vada apv,transliteration,en
food_f2f44da6,1 glass vada pav,transliteration,en
food_f2f44da6,3 pieces vada pav,transliteration,en
food_f2f44da6,500g vada pav,transliteration,en
food_f2f44da6,extra sev vada pav,transliteration,en
food_f2f44da6,vaaada pav,transliteration,en
food_f2f44da6,tea time vada pav,transliteration,en
food_f2f44da6,vaad pav,transliteration,en
food_f2f44da6,500ml vada pav,transliteration,en
food_f2f44da6,100g vada pav,transliteration,en
food_f2f44da6,vaa pav,transliteration,en
food_f2f44da6,avda pav,transliteration,en
food_f2f44da6,2 vadapav,transliteration,en
food_f2f44da6,1 piece vada pav,transliteration,en
food_f2f44da6,100ml vada pav,transliteration,en
food_f2f44da6,vaadaa paav,transliteration,en
food_f2f44da6,ek vaati vada pav,transliteration,en
food_f2f44da6,vada pv,transliteration,en
food_f2f44da6,vada paaaav,transliteration,en
food_f2f44da6,crispy vada pav,transliteration,en
food_f2f44da6,250ml vada pav,transliteration,en
food_f2f44da6,evening snack vada pav,transliteration,en
food_f2f44da6,vada psv,transliteration,en
food_f2f44da6,be vadapav,transliteration,en
food_f2f44da6,ek glass vada pav,transliteration,en
food_f2f44da6,bowl vadapav,transliteration,en
food_f2f44da6,250g vada pav,transliteration,en
food_f2f44da6,2 katori vada pav,transliteration,en
food_f2f44da6,vaddda pav,transliteration,en
food_f2f44da6,be vada pav,transliteration,en
food_f2f44da6,fresh vada pav,transliteration,en
food_f2f44da6,vad apav,transliteration,en
food_f2f44da6,2 pieces vada pav,transliteration,en
food_f2f44da6,1 katori vada pav,transliteration,en
food_f2f44da6,vadha pav,transliteration,en
food_f2f44da6,hot vada pav,transliteration,en
food_f2f44da6,1 bowl vada pav,transliteration,en
food_f2f44da6,teen vadapav,transliteration,en
food_f2f44da6,vdaa pav,transliteration,en
food_f2f44da6,be vaati vada pav,transliteration,en
food_f2f44da6,vads pav,transliteration,en
food_f2f44da6,tran vadapav,transliteration,en
food_f2f44da6,kadak pav vada,transliteration,en
food_f2f44da6,half glass vada pav,transliteration,en
food_f2f44da6,ek katori vada pav,transliteration,en
food_f2f44da6,vaaaada pav,transliteration,en
food_f2f44da6,50g vada pav,transliteration,en
food_f2f44da6,200ml vada pav,transliteration,en
food_f2f44da6,vda pav,transliteration,en
food_f2f44da6,tran vada pav,transliteration,en
food_f2f44da6,150g vada pav,transliteration,en
food_f2f44da6,5 pieces vada pav,transliteration,en
food_f2f44da6,वडा पाव,hindi_script,hi
food_f2f44da6,vadaaa pav,transliteration,en
food_f2f44da6,3 vadapav,transliteration,en
food_f2f44da6,haldiram style vada pav,transliteration,en
food_f2f44da6,vasa pav,transliteration,en
food_f2f44da6,char vada pav,transliteration,en
food_f2f44da6,vada oav,transliteration,en
food_f2f44da6,savare nasto vada pav,transliteration,en
food_f2f44da6,vada pva,transliteration,en
food_f2f44da6,ek vada pav,transliteration,en
food_f2f44da6,vada paaav,transliteration,en
food_3846053a,savare nasto samosa,transliteration,en
food_3846053a,200ml samosa,transliteration,en
food_3846053a,tran samosa,transliteration,en
food_3846053a,spicy samosa,transliteration,en
food_3846053a,asmosa,transliteration,en
food_3846053a,be samosachaat,transliteration,en
food_3846053a,samoaa,transliteration,en
food_3846053a,ssssamosa,transliteration,en
food_3846053a,lunch: 2 pieces samosa,transliteration,en
food_3846053a,3 pieces samosa,transliteration,en
food_3846053a,1 glass samosa,transliteration,en
food_3846053a,char samosa,transliteration,en
food_3846053a,50g samosa,transliteration,en
food_3846053a,1 piece samosa,transliteration,en
food_3846053a,sssamosa,transliteration,en
food_3846053a,smaosa,transliteration,en
food_3846053a,2 cups samosa,transliteration,en
food_3846053a,tea time samosa,transliteration,en
food_3846053a,100ml samosa,transliteration,en
food_3846053a,be samosa,transliteration,en
food_3846053a,ek samosachaat,transliteration,en
food_3846053a,ek samosa,transliteration,en
food_3846053a,snack: 2 pieces samosa,transliteration,en
food_3846053a,saaaamosa,transliteration,en
food_3846053a,2 pieces samosa,transliteration,en
food_3846053a,100g samosa,transliteration,en
food_3846053a,shamosha,transliteration,en
food_3846053a,samoa,transliteration,en
food_3846053a,1 samosachaat,transliteration,en
food_3846053a,saaamosa,transliteration,en
food_3846053a,sanosa,transliteration,en
food_3846053a,ssmosa,transliteration,en
food_3846053a,1 cup samosa,transliteration,en
food_3846053a,tran samosachaat,transliteration,en
food_3846053a,with green chutney samosa,transliteration,en
food_3846053a,saosa,transliteration,en
food_3846053a,samsoa,transliteration,en
food_3846053a,samooosa,transliteration,en
food_3846053a,extra sev samosa,transliteration,en
food_3846053a,breakfast: 2 pieces samosa,transliteration,en
food_3846053a,sammmmosa,transliteration,en
food_3846053a,aamosa,transliteration,en
food_3846053a,samosssa,transliteration,en
food_3846053a,dinner: 2 pieces samosa,transliteration,en
food_3846053a,ek katori samosa,transliteration,en
food_3846053a,panch samosa,transliteration,en
food_3846053a,200g samosa,transliteration,en
food_3846053a,250ml samosa,transliteration,en
food_3846053a,do samosachaat,transliteration,en
food_3846053a,500ml samosa,transliteration,en
food_3846053a,samosachaat,transliteration,en
food_3846053a,ek vaati samosa,transliteration,en
food_3846053a,evening snack samosa,transliteration,en
food_3846053a,street style samosa,transliteration,en
food_3846053a,ek glass samosa,transliteration,en
food_3846053a,5 pieces samosa,transliteration,en
food_3846053a,2 samosa with chutney,transliteration,en
food_3846053a,2 bowls samosa,transliteration,en
food_3846053a,saomsa,transliteration,en
food_3846053a,1 katori samosa,transliteration,en
food_3846053a,samoas,transliteration,en
food_3846053a,half glass samosa,transliteration,en
food_3846053a,1 bowl samosa,transliteration,en
food_3846053a,be vaati samosa,transliteration,en
food_3846053a,sammmosa,transliteration,en
food_3846053a,150g samosa,transliteration,en
food_3846053a,3 samosachaat,transliteration,en
food_3846053a,ek cup samosa,transliteration,en
food_3846053a,samossssa,transliteration,en
food_3846053a,saamosaa,transliteration,en
food_3846053a,2 samosachaat,transliteration,en
food_3846053a,2 katori samosa,transliteration,en
food_3846053a,4 pieces samosa,transliteration,en
food_3846053a,fresh samosa,transliteration,en
food_3846053a,samsa,transliteration,en
food_3846053a,hot samosa,transliteration,en
food_3846053a,500g samosa,transliteration,en
food_3846053a,small bowl samosa,transliteration,en
food_3846053a,haldiram style samosa,transliteration,en
food_3846053a,250g samosa,transliteration,en
food_3846053a,big bowl samosa,transliteration,en
food_3846053a,smosa,transliteration,en
food_3846053a,samoooosa,transliteration,en
food_3846053a,samoss,transliteration,en
food_3846053a,samosaaaa,transliteration,en
food_3846053a,crispy samosa,colloquial_alias,en
food_3846053a,samosaaa,transliteration,en
food_3846053a,bowl samosachaat,transliteration,en
food_3846053a,glass samosachaat,transliteration,en
food_3846053a,2 glasses samosa,transliteration,en
food_3846053a,sampsa,transliteration,en
food_3846053a,teen samosachaat,transliteration,en
food_ecaddc97,ek vaati kachori,transliteration,en
food_ecaddc97,2 katori kachori,transliteration,en
food_ecaddc97,lunch: 1 piece kachori,transliteration,en
food_ecaddc97,tea time kachori,transliteration,en
food_ecaddc97,kachoir,transliteration,en
food_ecaddc97,big bowl kachori,transliteration,en
food_ecaddc97,kacohri,transliteration,en
food_ecaddc97,kachoti,transliteration,en
food_ecaddc97,with green chutney kachori,transliteration,en
food_ecaddc97,ek kachori,transliteration,en
food_ecaddc97,char kachori,transliteration,en
food_ecaddc97,2 glasses kachori,transliteration,en
food_ecaddc97,150g kachori,transliteration,en
food_ecaddc97,kachpri,transliteration,en
food_ecaddc97,kaaachori,transliteration,en
food_ecaddc97,4 pieces kachori,transliteration,en
food_ecaddc97,hot kachori,transliteration,en
food_ecaddc97,fresh kachori,transliteration,en
food_ecaddc97,kachoree,transliteration,en
food_ecaddc97,be vaati kachori,transliteration,en
food_ecaddc97,panch kachori,transliteration,en
food_ecaddc97,ek cup kachori,transliteration,en
food_ecaddc97,spicy kachori,transliteration,en
food_ecaddc97,200ml kachori,transliteration,en
food_ecaddc97,savare nasto kachori,transliteration,en
food_ecaddc97,small bowl kachori,transliteration,en
food_ecaddc97,2 bowls kachori,transliteration,en
food_ecaddc97,kachroi,transliteration,en
food_ecaddc97,kachoro,transliteration,en
food_ecaddc97,be kachori,transliteration,en
food_ecaddc97,kachoriii,transliteration,en
food_ecaddc97,kachorrrri,transliteration,en
food_ecaddc97,2 kachori with chutney,transliteration,en
food_ecaddc97,2 cups kachori,transliteration,en
food_ecaddc97,1 bowl kachori,transliteration,en
food_ecaddc97,kcahori,transliteration,en
food_ecaddc97,2 pieces kachori,transliteration,en
food_ecaddc97,ek katori kachori,transliteration,en
food_ecaddc97,kaaaachori,transliteration,en
food_ecaddc97,kaachori,transliteration,en
food_ecaddc97,kachoi,transliteration,en
food_ecaddc97,3 pieces kachori,transliteration,en
food_ecaddc97,dinner: 1 piece kachori,transliteration,en
food_ecaddc97,250ml kachori,transliteration,en
food_ecaddc97,jachori,transliteration,en
food_ecaddc97,crispy kachori,transliteration,en
food_ecaddc97,kachory,transliteration,en
food_ecaddc97,street style kachori,transliteration,en
food_ecaddc97,kahori,transliteration,en
food_ecaddc97,500ml kachori,transliteration,en
food_ecaddc97,kacori,transliteration,en
food_ecaddc97,1 piece kachori,transliteration,en
food_ecaddc97,500g kachori,transliteration,en
food_ecaddc97,haldiram style kachori,transliteration,en
food_ecaddc97,kachoooori,transliteration,en
food_ecaddc97,ek glass kachori,transliteration,en
food_ecaddc97,kahcori,transliteration,en
food_ecaddc97,kchori,transliteration,en
food_ecaddc97,evening snack kachori,transliteration,en
food_ecaddc97,kachoriiii,transliteration,en
food_ecaddc97,kschori,transliteration,en
food_ecaddc97,250g kachori,transliteration,en
food_ecaddc97,extra sev kachori,transliteration,en
food_ecaddc97,kachri,transliteration,en
food_ecaddc97,5 pieces kachori,transliteration,en
food_ecaddc97,breakfast: 1 piece kachori,transliteration,en
food_ecaddc97,tran kachori,transliteration,en
food_ecaddc97,100ml kachori,transliteration,en
food_ecaddc97,half glass kachori,transliteration,en
food_ecaddc97,khachori,transliteration,en
food_ecaddc97,akchori,transliteration,en
food_ecaddc97,kachooori,transliteration,en
food_ecaddc97,50g kachori,transliteration,en
food_ecaddc97,kachorrri,transliteration,en
food_ecaddc97,1 katori kachori,transliteration,en
food_ecaddc97,1 cup kachori,transliteration,en
food_ecaddc97,200g kachori,transliteration,en
food_ecaddc97,snack: 1 piece kachori,transliteration,en
food_ecaddc97,1 glass kachori,transliteration,en
food_ecaddc97,100g kachori,transliteration,en
food_ecaddc97,kachhori,transliteration,en
food_350a1462,extra sev khaman,transliteration,en
food_350a1462,250g khaman,transliteration,en
food_350a1462,100ml khaman,transliteration,en
food_350a1462,hkaman,transliteration,en
food_350a1462,khammmman,transliteration,en
food_350a1462,2 pieces khaman,transliteration,en
food_350a1462,panch khaman,transliteration,en
food_350a1462,big bowl khaman,transliteration,en
food_350a1462,jhaman,transliteration,en
food_350a1462,khmaan,transliteration,en
food_350a1462,ek glass khaman,transliteration,en
food_350a1462,2 khaman with chutney,transliteration,en
food_350a1462,1 katori khaman,transliteration,en
food_350a1462,khamam,transliteration,en
food_350a1462,be khaman,transliteration,en
food_350a1462,2 katori khaman,transliteration,en
food_350a1462,3 pieces khaman,transliteration,en
food_350a1462,do khaman,transliteration,en
food_350a1462,khsman,transliteration,en
food_350a1462,5 pieces khaman,transliteration,en
food_350a1462,hot khaman,transliteration,en
food_350a1462,crispy khaman,transliteration,en
food_350a1462,glass khaman,transliteration,en
food_350a1462,khammman,transliteration,en
food_350a1462,khanan,transliteration,en
food_350a1462,2 khaman,transliteration,en
food_350a1462,khaamn,transliteration,en
food_350a1462,half glass khaman,transliteration,en
food_350a1462,khaaaman,transliteration,en
food_350a1462,200ml khaman,transliteration,en
food_350a1462,street style khaman,transliteration,en
food_350a1462,ek khaman,transliteration,en
food_350a1462,ek katori khaman,transliteration,en
food_350a1462,tran khaman,transliteration,en
food_350a1462,1 piece khaman,transliteration,en
food_350a1462,khamn,transliteration,en
food_350a1462,2 cups khaman,transliteration,en
food_350a1462,with green chutney khaman,transliteration,en
food_350a1462,khaman ke sath chaas,transliteration,en
food_350a1462,haldiram style khaman,transliteration,en
food_350a1462,3 khaman,transliteration,en
food_350a1462,khamaaaan,transliteration,en
food_350a1462,500ml khaman,transliteration,en
food_350a1462,500g khaman,transliteration,en
food_350a1462,kahman,transliteration,en
food_350a1462,ek vaati khaman,transliteration,en
food_350a1462,100g khaman,transliteration,en
food_350a1462,ek cup khaman,transliteration,en
food_350a1462,150g khaman,transliteration,en
food_350a1462,250ml khaman,transliteration,en
food_350a1462,khaan,transliteration,en
food_350a1462,2 bowls khaman,transliteration,en
food_350a1462,khaamaan,transliteration,en
food_350a1462,khaaaaman,transliteration,en
food_350a1462,khamaaan,transliteration,en
food_350a1462,khhaman,transliteration,en
food_350a1462,teen khaman,transliteration,en
food_350a1462,khamannn,transliteration,en
food_350a1462,bowl khaman,transliteration,en
food_350a1462,khaman aur chaas,transliteration,en
food_350a1462,1 khaman,transliteration,en
food_350a1462,khaman and chaas,transliteration,en
food_350a1462,char khaman,transliteration,en
food_350a1462,khaman with chaas,transliteration,en
food_350a1462,small bowl khaman,transliteration,en
food_350a1462,khman,transliteration,en
food_350a1462,kaman,transliteration,en
food_350a1462,2 glasses khaman,transliteration,en
food_350a1462,1 glass khaman,transliteration,en
food_350a1462,4 pieces khaman,transliteration,en
food_350a1462,tea time khaman,transliteration,en
food_350a1462,200g khaman,transliteration,en
food_350a1462,savare nasto khaman,transliteration,en
food_350a1462,evening snack khaman,transliteration,en
food_350a1462,spicy khaman,transliteration,en
food_350a1462,1 cup khaman,transliteration,en
food_350a1462,khamsn,transliteration,en
food_350a1462,khaman ane chaas,transliteration,en
food_350a1462,be vaati khaman,transliteration,en
food_350a1462,50g khaman,transliteration,en
food_350a1462,1 bowl khaman,transliteration,en
food_350a1462,khamannnn,transliteration,en
food_350a1462,khaman sathe chaas,transliteration,en
food_350a1462,fresh khaman,transliteration,en
food_350a1462,khamna,transliteration,en
food_3d967f27,dhhokla,transliteration,en
food_3d967f27,ek katori dhokla,transliteration,en
food_3d967f27,1 cup dhokla,transliteration,en
food_3d967f27,dhola,transliteration,en
food_3d967f27,ek dhokla,transliteration,en
food_3d967f27,dhkla,transliteration,en
food_3d967f27,tran dhokla,transliteration,en
food_3d967f27,hot dhokla,transliteration,en
food_3d967f27,dohkla,transliteration,en
food_3d967f27,2 pieces dhokla,transliteration,en
food_3d967f27,3 pieces dhokla,transliteration,en
food_3d967f27,extra sev dhokla,transliteration,en
food_3d967f27,dholka,transliteration,en
food_3d967f27,dhokls,transliteration,en
food_3d967f27,50g dhokla,transliteration,en
food_3d967f27,dddhokla,transliteration,en
food_3d967f27,ek vaati dhokla,transliteration,en
food_3d967f27,1 glass dhokla,transliteration,en
food_3d967f27,dhpkla,transliteration,en
food_3d967f27,500ml dhokla,transliteration,en
food_3d967f27,250g dhokla,transliteration,en
food_3d967f27,200ml dhokla,transliteration,en
food_3d967f27,be vaati dhokla,transliteration,en
food_3d967f27,5 pieces dhokla,transliteration,en
food_3d967f27,2 katori dhokla,transliteration,en
food_3d967f27,be dhokla,transliteration,en
food_3d967f27,char dhokla,transliteration,en
food_3d967f27,1 katori dhokla,transliteration,en
food_3d967f27,100g dhokla,transliteration,en
food_3d967f27,haldiram style dhokla,transliteration,en
food_3d967f27,big bowl dhokla,transliteration,en
food_3d967f27,2 glasses dhokla,transliteration,en
food_3d967f27,tea time dhokla,transliteration,en
food_3d967f27,small bowl dhokla,transliteration,en
food_3d967f27,fresh dhokla,transliteration,en
food_3d967f27,dhojla,transliteration,en
food_3d967f27,2 dhokla with chutney,transliteration,en
food_3d967f27,4 pieces dhokla,transliteration,en
food_3d967f27,100ml dhokla,transliteration,en
food_3d967f27,with green chutney dhokla,transliteration,en
food_3d967f27,2 bowls dhokla,transliteration,en
food_3d967f27,hdokla,transliteration,en
food_3d967f27,2 cups dhokla,transliteration,en
food_3d967f27,150g dhokla,transliteration,en
food_3d967f27,500g dhokla,transliteration,en
food_3d967f27,ddddhokla,transliteration,en
food_3d967f27,ek glass dhokla,transliteration,en
food_3d967f27,half glass dhokla,transliteration,en
food_3d967f27,dhoklaa,transliteration,en
food_3d967f27,dhooookla,transliteration,en
food_3d967f27,dhoka,transliteration,en
food_3d967f27,200g dhokla,transliteration,en
food_3d967f27,crispy dhokla,transliteration,en
food_3d967f27,dhokal,transliteration,en
food_3d967f27,250ml dhokla,transliteration,en
food_3d967f27,ek cup dhokla,transliteration,en
food_3d967f27,1 bowl dhokla,transliteration,en
food_3d967f27,street style dhokla,transliteration,en
food_3d967f27,dhoklaaa,transliteration,en
food_3d967f27,spicy dhokla,transliteration,en
food_3d967f27,shokla,transliteration,en
food_3d967f27,dhoklaaaa,transliteration,en
food_3d967f27,dokla,transliteration,en
food_3d967f27,evening snack dhokla,transliteration,en
food_3d967f27,dhokhla,transliteration,en
food_3d967f27,dhoookla,transliteration,en
food_3d967f27,panch dhokla,transliteration,en
food_3d967f27,1 piece dhokla,transliteration,en
food_3d967f27,dhkola,transliteration,en
food_3d967f27,savare nasto dhokla,transliteration,en
food_10160b40,250g khandvi,transliteration,en
food_10160b40,haldiram style khandvi,transliteration,en
food_10160b40,khaandvi,transliteration,en
food_10160b40,hkandvi,transliteration,en
food_10160b40,200ml khandvi,transliteration,en
food_10160b40,evening snack khandvi,transliteration,en
food_10160b40,2 katori khandvi,transliteration,en
food_10160b40,khnadvi,transliteration,en
food_10160b40,tempered rolled khandvi,transliteration,en
food_10160b40,khannnndvi,transliteration,en
food_10160b40,tran khandvi,transliteration,en
food_10160b40,khansvi,transliteration,en
food_10160b40,khandi,transliteration,en
food_10160b40,3 pieces khandvi,transliteration,en
food_10160b40,2 pieces khandvi,transliteration,en
food_10160b40,khandhvi,transliteration,en
food_10160b40,fresh khandvi,transliteration,en
food_10160b40,khaaandvi,transliteration,en
food_10160b40,khandwi,transliteration,en
food_10160b40,2 khandvi with chutney,transliteration,en
food_10160b40,khaaaandvi,transliteration,en
food_10160b40,1 cup khandvi,transliteration,en
food_10160b40,khannndvi,transliteration,en
food_10160b40,1 glass khandvi,transliteration,en
food_10160b40,small bowl khandvi,transliteration,en
food_10160b40,ek khandvi,transliteration,en
food_10160b40,be vaati khandvi,transliteration,en
food_10160b40,ek cup khandvi,transliteration,en
food_10160b40,1 bowl khandvi,transliteration,en
food_10160b40,ek glass khandvi,transliteration,en
food_10160b40,street style khandvi,transliteration,en
food_10160b40,2 bowls khandvi,transliteration,en
food_10160b40,half glass khandvi,transliteration,en
food_10160b40,big bowl khandvi,transliteration,en
food_10160b40,savare nasto khandvi,transliteration,en
food_10160b40,5 pieces khandvi,transliteration,en
food_10160b40,khandviii,transliteration,en
food_10160b40,khhandvi,transliteration,en
food_10160b40,khanddddvi,transliteration,en
food_10160b40,50g khandvi,transliteration,en
food_10160b40,khandiv,transliteration,en
food_10160b40,khamdvi,transliteration,en
food_10160b40,with green chutney khandvi,transliteration,en
food_10160b40,be khandvi,transliteration,en
food_10160b40,jhandvi,transliteration,en
food_10160b40,extra sev khandvi,transliteration,en
food_10160b40,khandddvi,transliteration,en
food_10160b40,100ml khandvi,transliteration,en
food_10160b40,khndvi,transliteration,en
food_10160b40,khandviiii,transliteration,en
food_10160b40,ek vaati khandvi,transliteration,en
food_10160b40,khandvo,transliteration,en
food_10160b40,khanvdi,transliteration,en
food_10160b40,1 katori khandvi,transliteration,en
food_10160b40,200g khandvi,transliteration,en
food_10160b40,ek katori khandvi,transliteration,en
food_10160b40,4 pieces khandvi,transliteration,en
food_10160b40,2 cups khandvi,transliteration,en
food_10160b40,2 glasses khandvi,transliteration,en
food_10160b40,panch khandvi,transliteration,en
food_10160b40,kandvi,transliteration,en
food_10160b40,hot khandvi,transliteration,en
food_10160b40,250ml khandvi,transliteration,en
food_10160b40,500g khandvi,transliteration,en
food_10160b40,khandvy,transliteration,en
food_10160b40,surti khandvi,colloquial_alias,en
food_10160b40,khanvi,transliteration,en
food_10160b40,1 piece khandvi,transliteration,en
food_10160b40,kahndvi,transliteration,en
food_10160b40,500ml khandvi,transliteration,en
food_10160b40,khandvee,transliteration,en
food_10160b40,tea time khandvi,transliteration,en
food_10160b40,100g khandvi,transliteration,en
food_10160b40,char khandvi,transliteration,en
food_10160b40,spicy khandvi,transliteration,en
food_10160b40,150g khandvi,transliteration,en
food_10160b40,crispy khandvi,transliteration,en
food_10160b40,khsndvi,transliteration,en
food_d5006b66,2 handvo with chutney,transliteration,en
food_d5006b66,handddvo,transliteration,en
food_d5006b66,4 pieces handvo,transliteration,en
food_d5006b66,1 glass handvo,transliteration,en
food_d5006b66,ek handvo,transliteration,en
food_d5006b66,3 pieces handvo,transliteration,en
food_d5006b66,be vaati handvo,transliteration,en
food_d5006b66,handvooo,transliteration,en
food_d5006b66,hando,transliteration,en
food_d5006b66,panch handvo,transliteration,en
food_d5006b66,hot handvo,transliteration,en
food_d5006b66,spicy handvo,transliteration,en
food_d5006b66,2 katori handvo,transliteration,en
food_d5006b66,ek glass handvo,transliteration,en
food_d5006b66,hansvo,transliteration,en
food_d5006b66,1 cup handvo,transliteration,en
food_d5006b66,hndvo,transliteration,en
food_d5006b66,100g handvo,transliteration,en
food_d5006b66,handhvo,transliteration,en
food_d5006b66,2 pieces handvo,transliteration,en
food_d5006b66,small bowl handvo,transliteration,en
food_d5006b66,1 bowl handvo,transliteration,en
food_d5006b66,tran handvo,transliteration,en
food_d5006b66,haaandvo,transliteration,en
food_d5006b66,hsndvo,transliteration,en
food_d5006b66,with green chutney handvo,transliteration,en
food_d5006b66,haaaandvo,transliteration,en
food_d5006b66,handdddvo,transliteration,en
food_d5006b66,handvoooo,transliteration,en
food_d5006b66,250ml handvo,transliteration,en
food_d5006b66,500ml handvo,transliteration,en
food_d5006b66,hannnndvo,transliteration,en
food_d5006b66,haldiram style handvo,transliteration,en
food_d5006b66,5 pieces handvo,transliteration,en
food_d5006b66,150g handvo,transliteration,en
food_d5006b66,crispy handvo,transliteration,en
food_d5006b66,big bowl handvo,transliteration,en
food_d5006b66,hannndvo,transliteration,en
food_d5006b66,hamdvo,transliteration,en
food_d5006b66,savare nasto handvo,transliteration,en
food_d5006b66,100ml handvo,transliteration,en
food_d5006b66,ek cup handvo,transliteration,en
food_d5006b66,haandvo,transliteration,en
food_d5006b66,street style handvo,transliteration,en
food_d5006b66,evening snack handvo,transliteration,en
food_d5006b66,hanvo,transliteration,en
food_d5006b66,half glass handvo,transliteration,en
food_d5006b66,fresh handvo,transliteration,en
food_d5006b66,be handvo,transliteration,en
food_d5006b66,1 piece handvo,transliteration,en
food_d5006b66,crispy tawa handvo,transliteration,en
food_d5006b66,1 katori handvo,transliteration,en
food_d5006b66,2 glasses handvo,transliteration,en
food_d5006b66,handov,transliteration,en
food_d5006b66,200ml handvo,transliteration,en
food_d5006b66,ek vaati handvo,transliteration,en
food_d5006b66,char handvo,transliteration,en
food_d5006b66,50g handvo,transliteration,en
food_d5006b66,tea time handvo,transliteration,en
food_d5006b66,handvp,transliteration,en
food_d5006b66,500g handvo,transliteration,en
food_d5006b66,2 cups handvo,transliteration,en
food_d5006b66,extra sev handvo,transliteration,en
food_d5006b66,ahndvo,transliteration,en
food_d5006b66,hanvdo,transliteration,en
food_d5006b66,200g handvo,transliteration,en
food_d5006b66,hnadvo,transliteration,en
food_d5006b66,2 bowls handvo,transliteration,en
food_d5006b66,250g handvo,transliteration,en
food_d5006b66,ek katori handvo,transliteration,en
food_1dfd9a1f,fafds,transliteration,en
food_1dfd9a1f,teen fafdajalebi,transliteration,en
food_1dfd9a1f,1 katori fafda,transliteration,en
food_1dfd9a1f,50g fafda,transliteration,en
food_1dfd9a1f,savare nasto fafda,transliteration,en
food_1dfd9a1f,fsfda,transliteration,en
food_1dfd9a1f,500ml fafda,transliteration,en
food_1dfd9a1f,4 pieces fafda,transliteration,en
food_1dfd9a1f,1 cup fafda,transliteration,en
food_1dfd9a1f,3 pieces fafda,transliteration,en
food_1dfd9a1f,affda,transliteration,en
food_1dfd9a1f,faaafda,transliteration,en
food_1dfd9a1f,be vaati fafda,transliteration,en
food_1dfd9a1f,ek fafda,transliteration,en
food_1dfd9a1f,fafa,transliteration,en
food_1dfd9a1f,tea time fafda,transliteration,en
food_1dfd9a1f,fafdaaa,transliteration,en
food_1dfd9a1f,be fafdajalebi,transliteration,en
food_1dfd9a1f,ek fafdajalebi,transliteration,en
food_1dfd9a1f,100ml fafda,transliteration,en
food_1dfd9a1f,ek cup fafda,transliteration,en
food_1dfd9a1f,fafdha,transliteration,en
food_1dfd9a1f,char fafda,transliteration,en
food_1dfd9a1f,fadfa,transliteration,en
food_1dfd9a1f,250ml fafda,transliteration,en
food_1dfd9a1f,fafddda,transliteration,en
food_1dfd9a1f,small bowl fafda,transliteration,en
food_1dfd9a1f,1 fafdajalebi,transliteration,en
food_1dfd9a1f,100g fafda,transliteration,en
food_1dfd9a1f,fafdajalebi,transliteration,en
food_1dfd9a1f,150g fafda,transliteration,en
food_1dfd9a1f,fafda with jalebi,transliteration,en
food_1dfd9a1f,with green chutney fafda,transliteration,en
food_1dfd9a1f,half glass fafda,transliteration,en
food_1dfd9a1f,2 cups fafda,transliteration,en
food_1dfd9a1f,be fafda,transliteration,en
food_1dfd9a1f,tran fafda,transliteration,en
food_1dfd9a1f,fada,transliteration,en
food_1dfd9a1f,bowl fafdajalebi,transliteration,en
food_1dfd9a1f,fafad,transliteration,en
food_1dfd9a1f,big bowl fafda,transliteration,en
food_1dfd9a1f,5 pieces fafda,transliteration,en
food_1dfd9a1f,faaaafda,transliteration,en
food_1dfd9a1f,panch fafda,transliteration,en
food_1dfd9a1f,ffada,transliteration,en
food_1dfd9a1f,crispy fafda,colloquial_alias,en
food_1dfd9a1f,faafdaa,transliteration,en
food_1dfd9a1f,ffda,transliteration,en
food_1dfd9a1f,200g fafda,transliteration,en
food_1dfd9a1f,do fafdajalebi,transliteration,en
food_1dfd9a1f,3 fafdajalebi,transliteration,en
food_1dfd9a1f,tran fafdajalebi,transliteration,en
food_1dfd9a1f,spicy fafda,transliteration,en
food_1dfd9a1f,1 bowl fafda,transliteration,en
food_1dfd9a1f,haldiram style fafda,transliteration,en
food_1dfd9a1f,evening snack fafda,transliteration,en
food_1dfd9a1f,fafdaaaa,transliteration,en
food_1dfd9a1f,ek vaati fafda,transliteration,en
food_1dfd9a1f,street style fafda,transliteration,en
food_1dfd9a1f,2 pieces fafda,transliteration,en
food_1dfd9a1f,fresh fafda,transliteration,en
food_1dfd9a1f,fafdddda,transliteration,en
food_1dfd9a1f,fafda sathe jalebi,transliteration,en
food_1dfd9a1f,2 katori fafda,transliteration,en
food_1dfd9a1f,fafda ke sath jalebi,transliteration,en
food_1dfd9a1f,200ml fafda,transliteration,en
food_1dfd9a1f,2 fafdajalebi,transliteration,en
food_1dfd9a1f,1 glass fafda,transliteration,en
food_1dfd9a1f,1 piece fafda,transliteration,en
food_1dfd9a1f,2 fafda with chutney,transliteration,en
food_1dfd9a1f,hot fafda,transliteration,en
food_1dfd9a1f,ek glass fafda,transliteration,en
food_1dfd9a1f,fafda aur jalebi,transliteration,en
food_1dfd9a1f,2 bowls fafda,transliteration,en
food_1dfd9a1f,fafsa,transliteration,en
food_1dfd9a1f,extra sev fafda,transliteration,en
food_1dfd9a1f,ek katori fafda,transliteration,en
food_1dfd9a1f,250g fafda,transliteration,en
food_1dfd9a1f,500g fafda,transliteration,en
food_1dfd9a1f,glass fafdajalebi,transliteration,en
food_1dfd9a1f,fafda and jalebi,transliteration,en
food_1dfd9a1f,fafda ane jalebi,transliteration,en
food_1dfd9a1f,2 glasses fafda,transliteration,en
food_7cb2d0c4,khakrha,transliteration,en
food_7cb2d0c4,500g khakhra,transliteration,en
food_7cb2d0c4,khkahra,transliteration,en
food_7cb2d0c4,big bowl khakhra,transliteration,en
food_7cb2d0c4,khahra,transliteration,en
food_7cb2d0c4,jhakhra,transliteration,en
food_7cb2d0c4,tran khakhra,transliteration,en
food_7cb2d0c4,2 bowls khakhra,transliteration,en
food_7cb2d0c4,panch khakhra,transliteration,en
food_7cb2d0c4,1 piece khakhra,transliteration,en
food_7cb2d0c4,250g khakhra,transliteration,en
food_7cb2d0c4,ek vaati khakhra,transliteration,en
food_7cb2d0c4,khakhta,transliteration,en
food_7cb2d0c4,char khakhra,transliteration,en
food_7cb2d0c4,khaakhraa,transliteration,en
food_7cb2d0c4,2 cups khakhra,transliteration,en
food_7cb2d0c4,breakfast: 2 pieces khakhra,transliteration,en
food_7cb2d0c4,3 pieces khakhra,transliteration,en
food_7cb2d0c4,1 cup khakhra,transliteration,en
food_7cb2d0c4,khakhraaa,transliteration,en
food_7cb2d0c4,khhakhhra,transliteration,en
food_7cb2d0c4,2 pieces khakhra,transliteration,en
food_7cb2d0c4,1 glass khakhra,transliteration,en
food_7cb2d0c4,ek katori khakhra,transliteration,en
food_7cb2d0c4,khakhrs,transliteration,en
food_7cb2d0c4,500ml khakhra,transliteration,en
food_7cb2d0c4,khakhar,transliteration,en
food_7cb2d0c4,khakhrrrra,transliteration,en
food_7cb2d0c4,with green chutney khakhra,transliteration,en
food_7cb2d0c4,small bowl khakhra,transliteration,en
food_7cb2d0c4,tea time khakhra,transliteration,en
food_7cb2d0c4,street style khakhra,transliteration,en
food_7cb2d0c4,ek cup khakhra,transliteration,en
food_7cb2d0c4,dinner: 2 pieces khakhra,transliteration,en
food_7cb2d0c4,fresh khakhra,transliteration,en
food_7cb2d0c4,khakhraaaa,transliteration,en
food_7cb2d0c4,khahkra,transliteration,en
food_7cb2d0c4,khaaakhra,transliteration,en
food_7cb2d0c4,100g khakhra,transliteration,en
food_7cb2d0c4,khkhra,transliteration,en
food_7cb2d0c4,2 glasses khakhra,transliteration,en
food_7cb2d0c4,khskhra,transliteration,en
food_7cb2d0c4,haldiram style khakhra,transliteration,en
food_7cb2d0c4,250ml khakhra,transliteration,en
food_7cb2d0c4,100ml khakhra,transliteration,en
food_7cb2d0c4,200ml khakhra,transliteration,en
food_7cb2d0c4,ek khakhra,transliteration,en
food_7cb2d0c4,extra sev khakhra,transliteration,en
food_7cb2d0c4,1 katori khakhra,transliteration,en
food_7cb2d0c4,150g khakhra,transliteration,en
food_7cb2d0c4,snack: 2 pieces khakhra,transliteration,en
food_7cb2d0c4,5 pieces khakhra,transliteration,en
food_7cb2d0c4,200g khakhra,transliteration,en
food_7cb2d0c4,savare nasto khakhra,transliteration,en
food_7cb2d0c4,ek glass khakhra,transliteration,en
food_7cb2d0c4,spicy khakhra,transliteration,en
food_7cb2d0c4,be khakhra,transliteration,en
food_7cb2d0c4,kakra,transliteration,en
food_7cb2d0c4,crispy khakhra,transliteration,en
food_7cb2d0c4,4 pieces khakhra,transliteration,en
food_7cb2d0c4,evening snack khakhra,transliteration,en
food_7cb2d0c4,hkakhra,transliteration,en
food_7cb2d0c4,kahkhra,transliteration,en
food_7cb2d0c4,lunch: 2 pieces khakhra,transliteration,en
food_7cb2d0c4,1 bowl khakhra,transliteration,en
food_7cb2d0c4,kakhra,transliteration,en
food_7cb2d0c4,khakha,transliteration,en
food_7cb2d0c4,khaaaakhra,transliteration,en
food_7cb2d0c4,2 khakhra with chutney,transliteration,en
food_7cb2d0c4,2 katori khakhra,transliteration,en
food_7cb2d0c4,hot khakhra,transliteration,en
food_7cb2d0c4,khakhrrra,transliteration,en
food_7cb2d0c4,50g khakhra,transliteration,en
food_7cb2d0c4,khajhra,transliteration,en
food_7cb2d0c4,half glass khakhra,transliteration,en
food_7cb2d0c4,be vaati khakhra,transliteration,en
food_df9cdd56,breakfast: 1 piece dabeli,transliteration,en
food_df9cdd56,dabelee,transliteration,en
food_df9cdd56,kacchi dabheli,transliteration,en
food_df9cdd56,hot dabeli,transliteration,en
food_df9cdd56,sabeli,transliteration,en
food_df9cdd56,2 pieces dabeli,transliteration,en
food_df9cdd56,be vaati kacchi dabeli,transliteration,en
food_df9cdd56,1 cup dabeli,transliteration,en
food_df9cdd56,kacchiiii dabeli,transliteration,en
food_df9cdd56,1 bowl dabeli,transliteration,en
food_df9cdd56,panch dabeli,transliteration,en
food_df9cdd56,kacchy dabely,transliteration,en
food_df9cdd56,250ml dabeli,transliteration,en
food_df9cdd56,dabeil,transliteration,en
food_df9cdd56,150g dabeli,transliteration,en
food_df9cdd56,kacchi dabelo,transliteration,en
food_df9cdd56,jacchi dabeli,transliteration,en
food_df9cdd56,dhabeli,transliteration,en
food_df9cdd56,kacchi ddddabeli,transliteration,en
food_df9cdd56,kacchi daeli,transliteration,en
food_df9cdd56,lunch: 1 piece dabeli,transliteration,en
food_df9cdd56,kaaaacchi dabeli,transliteration,en
food_df9cdd56,ek cup kacchi dabeli,transliteration,en
food_df9cdd56,spicy dabeli,colloquial_alias,en
food_df9cdd56,kscchi dabeli,transliteration,en
food_df9cdd56,tran kacchi dabeli,transliteration,en
food_df9cdd56,2 glasses dabeli,transliteration,en
food_df9cdd56,kacchi dabei,transliteration,en
food_df9cdd56,dabli,transliteration,en
food_df9cdd56,2 bowls dabeli,transliteration,en
food_df9cdd56,kacchi abeli,transliteration,en
food_df9cdd56,kacchi dhabeli,transliteration,en
food_df9cdd56,2 cups dabeli,transliteration,en
food_df9cdd56,ek glass dabeli,transliteration,en
food_df9cdd56,ek vaati kacchi dabeli,transliteration,en
food_df9cdd56,small bowl dabeli,transliteration,en
food_df9cdd56,kcchi dabeli,transliteration,en
food_df9cdd56,kacchi dbeli,transliteration,en
food_df9cdd56,kaccho dabeli,transliteration,en
food_df9cdd56,be kacchi dabeli,transliteration,en
food_df9cdd56,ek katori kacchi dabeli,transliteration,en
food_df9cdd56,100ml dabeli,transliteration,en
food_df9cdd56,butter toasted dabeli,transliteration,en
food_df9cdd56,dbeli,transliteration,en
food_df9cdd56,kaacchi daabeli,transliteration,en
food_df9cdd56,dabeliiii,transliteration,en
food_df9cdd56,be dabeli,transliteration,en
food_df9cdd56,half glass dabeli,transliteration,en
food_df9cdd56,dabei,transliteration,en
food_df9cdd56,ek katori dabeli,transliteration,en
food_df9cdd56,dabeeeli,transliteration,en
food_df9cdd56,2 dabeli with chutney,transliteration,en
food_df9cdd56,kacchi daebli,transliteration,en
food_df9cdd56,500g dabeli,transliteration,en
food_df9cdd56,dddabeli,transliteration,en
food_df9cdd56,ek glass kacchi dabeli,transliteration,en
food_df9cdd56,kacchi dabeil,transliteration,en
food_df9cdd56,ek cup dabeli,transliteration,en
food_df9cdd56,kacchid abeli,transliteration,en
food_df9cdd56,1 katori dabeli,transliteration,en
food_df9cdd56,kacchidabeli,transliteration,en
food_df9cdd56,adbeli,transliteration,en
food_df9cdd56,kacchi dabeeeeli,transliteration,en
food_df9cdd56,daaaabeli,transliteration,en
food_df9cdd56,kachi dabeli,transliteration,en
food_df9cdd56,kacchi dabeliiii,transliteration,en
food_df9cdd56,kacci dabeli,transliteration,en
food_df9cdd56,kacchi sabeli,transliteration,en
food_df9cdd56,kacchee dabelee,transliteration,en
food_df9cdd56,50g dabeli,transliteration,en
food_df9cdd56,dabeliii,transliteration,en
food_df9cdd56,tea time dabeli,transliteration,en
food_df9cdd56,5 pieces dabeli,transliteration,en
food_df9cdd56,ek kacchi dabeli,transliteration,en
food_df9cdd56,dabwli,transliteration,en
food_df9cdd56,evening snack dabeli,transliteration,en
food_df9cdd56,ek dabeli,transliteration,en
food_df9cdd56,be vaati dabeli,transliteration,en
food_df9cdd56,akcchi dabeli,transliteration,en
food_df9cdd56,kachci dabeli,transliteration,en
food_df9cdd56,tran dabeli,transliteration,en
food_df9cdd56,250g dabeli,transliteration,en
food_df9cdd56,dabelo,transliteration,en
food_df9cdd56,500ml dabeli,transliteration,en
food_df9cdd56,200ml dabeli,transliteration,en
food_df9cdd56,haldiram style dabeli,transliteration,en
food_df9cdd56,fresh dabeli,transliteration,en
food_df9cdd56,daaabeli,transliteration,en
food_df9cdd56,daeli,transliteration,en
food_df9cdd56,extra sev dabeli,transliteration,en
food_df9cdd56,4 pieces dabeli,transliteration,en
food_df9cdd56,kacchi dabwli,transliteration,en
food_df9cdd56,daabeli,transliteration,en
food_df9cdd56,2 katori dabeli,transliteration,en
food_df9cdd56,savare nasto dabeli,transliteration,en
food_df9cdd56,3 pieces dabeli,transliteration,en
food_df9cdd56,cheese dabeli,transliteration,en
food_df9cdd56,with green chutney dabeli,transliteration,en
food_df9cdd56,kacchi dabli,transliteration,en
food_df9cdd56,kacchi dabeeeli,transliteration,en
food_df9cdd56,kacchi daaabeli,transliteration,en
food_df9cdd56,ddddabeli,transliteration,en
food_df9cdd56,kacchiii dabeli,transliteration,en
food_df9cdd56,street style dabeli,transliteration,en
food_df9cdd56,kcachi dabeli,transliteration,en
food_df9cdd56,dabheli,transliteration,en
food_df9cdd56,kacchi dddabeli,transliteration,en
food_df9cdd56,dbaeli,transliteration,en
food_df9cdd56,kacch idabeli,transliteration,en
food_df9cdd56,200g dabeli,transliteration,en
food_df9cdd56,dabeeeeli,transliteration,en
food_df9cdd56,kacchi dablei,transliteration,en
food_df9cdd56,dabely,transliteration,en
food_df9cdd56,dsbeli,transliteration,en
food_df9cdd56,kaccih dabeli,transliteration,en
food_df9cdd56,dinner: 1 piece dabeli,transliteration,en
food_df9cdd56,big bowl dabeli,transliteration,en
food_df9cdd56,kacchi dabeliii,transliteration,en
food_df9cdd56,khacchi dabeli,transliteration,en
food_df9cdd56,1 piece dabeli,transliteration,en
food_df9cdd56,1 glass dabeli,transliteration,en
food_df9cdd56,kacchi dbaeli,transliteration,en
food_df9cdd56,100g dabeli,transliteration,en
food_df9cdd56,crispy dabeli,transliteration,en
food_df9cdd56,kacchi dsbeli,transliteration,en
food_df9cdd56,dablei,transliteration,en
food_df9cdd56,kacchi daaaabeli,transliteration,en
food_df9cdd56,daebli,transliteration,en
food_df9cdd56,char dabeli,transliteration,en
food_df9cdd56,kacchhi dabeli,transliteration,en
food_df9cdd56,kacch dabeli,transliteration,en
food_df9cdd56,kacchi adbeli,transliteration,en
food_df9cdd56,ek vaati dabeli,transliteration,en
food_df9cdd56,kaaacchi dabeli,transliteration,en
food_df9cdd56,snack: 1 piece dabeli,transliteration,en
food_fdcaf719,poooha,transliteration,en
food_fdcaf719,pauav,transliteration,en
food_fdcaf719,150g poha,transliteration,en
food_fdcaf719,pooooha,transliteration,en
food_fdcaf719,pauvaaaa,transliteration,en
food_fdcaf719,250ml poha,transliteration,en
food_fdcaf719,ek cup poha,transliteration,en
food_fdcaf719,ek pohachai,transliteration,en
food_fdcaf719,poha ke sath tea,transliteration,en
food_fdcaf719,ppha,transliteration,en
food_fdcaf719,be pauva,transliteration,en
food_fdcaf719,2 pieces poha,transliteration,en
food_fdcaf719,paoova,transliteration,en
food_fdcaf719,be vaati poha,transliteration,en
food_fdcaf719,pohaaa,transliteration,en
food_fdcaf719,paauvaa,transliteration,en
food_fdcaf719,1 piece poha,transliteration,en
food_fdcaf719,2 glasses poha,transliteration,en
food_fdcaf719,pauwa,transliteration,en
food_fdcaf719,2 pohachai,transliteration,en
food_fdcaf719,1 pohachai,transliteration,en
food_fdcaf719,ooha,transliteration,en
food_fdcaf719,oauva,transliteration,en
food_fdcaf719,teen pohachai,transliteration,en
food_fdcaf719,1 cup poha,transliteration,en
food_fdcaf719,half glass poha,transliteration,en
food_fdcaf719,1 bowl poha,transliteration,en
food_fdcaf719,ek pauva,transliteration,en
food_fdcaf719,pha,transliteration,en
food_fdcaf719,phoa,transliteration,en
food_fdcaf719,pohaa,transliteration,en
food_fdcaf719,ek glass poha,transliteration,en
food_fdcaf719,pohs,transliteration,en
food_fdcaf719,pauuuva,transliteration,en
food_fdcaf719,1 katori poha,transliteration,en
food_fdcaf719,200g poha,transliteration,en
food_fdcaf719,pavua,transliteration,en
food_fdcaf719,2 cups poha,transliteration,en
food_fdcaf719,poah,transliteration,en
food_fdcaf719,small bowl poha,transliteration,en
food_fdcaf719,ek poha,transliteration,en
food_fdcaf719,panch poha,transliteration,en
food_fdcaf719,ek vaati pauva,transliteration,en
food_fdcaf719,3 pohachai,transliteration,en
food_fdcaf719,big bowl poha,transliteration,en
food_fdcaf719,char poha,transliteration,en
food_fdcaf719,pauvaaa,transliteration,en
food_fdcaf719,ek cup pauva,transliteration,en
food_fdcaf719,psuva,transliteration,en
food_fdcaf719,pohaaaa,transliteration,en
food_fdcaf719,ek glass pauva,transliteration,en
food_fdcaf719,pava,transliteration,en
food_fdcaf719,ek vaati poha,transliteration,en
food_fdcaf719,paua,transliteration,en
food_fdcaf719,100g poha,transliteration,en
food_fdcaf719,250g poha,transliteration,en
food_fdcaf719,poha aur tea,transliteration,en
food_fdcaf719,be vaati pauva,transliteration,en
food_fdcaf719,apuva,transliteration,en
food_fdcaf719,poha sathe tea,transliteration,en
food_fdcaf719,50g poha,transliteration,en
food_fdcaf719,opha,transliteration,en
food_fdcaf719,tran pohachai,transliteration,en
food_fdcaf719,poha ane tea,transliteration,en
food_fdcaf719,pauuuuva,transliteration,en
food_fdcaf719,poha with tea,transliteration,en
food_fdcaf719,pauvs,transliteration,en
food_fdcaf719,2 katori poha,transliteration,en
food_fdcaf719,do pohachai,transliteration,en
food_fdcaf719,200ml poha,transliteration,en
food_fdcaf719,tran pauva,transliteration,en
food_fdcaf719,bowl pohachai,transliteration,en
food_fdcaf719,paaauva,transliteration,en
food_fdcaf719,puava,transliteration,en
food_fdcaf719,pohachai,transliteration,en
food_fdcaf719,poa,transliteration,en
food_fdcaf719,poha and tea,transliteration,en
food_fdcaf719,be poha,transliteration,en
food_fdcaf719,500g poha,transliteration,en
food_fdcaf719,ek katori poha,transliteration,en
food_fdcaf719,500ml poha,transliteration,en
food_fdcaf719,2 bowls poha,transliteration,en
food_fdcaf719,5 pieces poha,transliteration,en
food_fdcaf719,paaaauva,transliteration,en
food_fdcaf719,be pohachai,transliteration,en
food_fdcaf719,puva,transliteration,en
food_fdcaf719,1 glass poha,transliteration,en
food_fdcaf719,100ml poha,transliteration,en
food_fdcaf719,glass pohachai,transliteration,en
food_fdcaf719,3 pieces poha,transliteration,en
food_fdcaf719,ek katori pauva,transliteration,en
food_fdcaf719,tran poha,transliteration,en
food_fdcaf719,4 pieces poha,transliteration,en
food_5625b957,small bowl idli,transliteration,en
food_5625b957,ek glass idli,transliteration,en
food_5625b957,be idlisambar,transliteration,en
food_5625b957,big bowl idli,transliteration,en
food_5625b957,ek idlivada,transliteration,en
food_5625b957,tran idli,transliteration,en
food_5625b957,idli sathe sambar,transliteration,en
food_5625b957,idi,transliteration,en
food_5625b957,2 katori idli,transliteration,en
food_5625b957,be idlicoffee,transliteration,en
food_5625b957,3 pieces idli,transliteration,en
food_5625b957,bowl idlisambar,transliteration,en
food_5625b957,idhli,transliteration,en
food_5625b957,3 idlisambar,transliteration,en
food_5625b957,2 glasses idli,transliteration,en
food_5625b957,glass idlivada,transliteration,en
food_5625b957,do idlicoffee,transliteration,en
food_5625b957,ek cup idli,transliteration,en
food_5625b957,idli ane sambar,transliteration,en
food_5625b957,2 idlisambar,transliteration,en
food_5625b957,ek vaati idli,transliteration,en
food_5625b957,1 katori idli,transliteration,en
food_5625b957,100g idli,transliteration,en
food_5625b957,teen idlivada,transliteration,en
food_5625b957,250g idli,transliteration,en
food_5625b957,1 idlivada,transliteration,en
food_5625b957,2 cups idli,transliteration,en
food_5625b957,idli and sambar,transliteration,en
food_5625b957,char idli,transliteration,en
food_5625b957,idliiii,transliteration,en
food_5625b957,2 idlicoffee,transliteration,en
food_5625b957,do idlivada,transliteration,en
food_5625b957,teen idlisambar,transliteration,en
food_5625b957,4 pieces idli,transliteration,en
food_5625b957,odli,transliteration,en
food_5625b957,iiiidli,transliteration,en
food_5625b957,250ml idli,transliteration,en
food_5625b957,iddddli,transliteration,en
food_5625b957,500g idli,transliteration,en
food_5625b957,1 glass idli,transliteration,en
food_5625b957,idddli,transliteration,en
food_5625b957,1 idlicoffee,transliteration,en
food_5625b957,eedlee,transliteration,en
food_5625b957,1 piece idli,transliteration,en
food_5625b957,glass idlisambar,transliteration,en
food_5625b957,1 cup idli,transliteration,en
food_5625b957,ydly,transliteration,en
food_5625b957,1 bowl idli,transliteration,en
food_5625b957,snack: 2 pieces idli,transliteration,en
food_5625b957,teen idlicoffee,transliteration,en
food_5625b957,idli aur sambar,transliteration,en
food_5625b957,150g idli,transliteration,en
food_5625b957,do idlisambar,transliteration,en
food_5625b957,idil,transliteration,en
food_5625b957,500ml idli,transliteration,en
food_5625b957,3 idlicoffee,transliteration,en
food_5625b957,glass idlicoffee,transliteration,en
food_5625b957,ildi,transliteration,en
food_5625b957,2 bowls idli,transliteration,en
food_5625b957,100ml idli,transliteration,en
food_5625b957,ek idlisambar,transliteration,en
food_5625b957,idli ke sath sambar,transliteration,en
food_5625b957,2 idlivada,transliteration,en
food_5625b957,tran idlisambar,transliteration,en
food_5625b957,ili,transliteration,en
food_5625b957,idlicoffee,transliteration,en
food_5625b957,be idli,transliteration,en
food_5625b957,ek katori idli,transliteration,en
food_5625b957,half glass idli,transliteration,en
food_5625b957,2 pieces idli,transliteration,en
food_5625b957,panch idli,transliteration,en
food_5625b957,idlo,transliteration,en
food_5625b957,200ml idli,transliteration,en
food_5625b957,breakfast: 2 pieces idli,transliteration,en
food_5625b957,ek idli,transliteration,en
food_5625b957,3 idlivada,transliteration,en
food_5625b957,ek idlicoffee,transliteration,en
food_5625b957,1 idlisambar,transliteration,en
food_5625b957,bowl idlivada,transliteration,en
food_5625b957,idli with sambar,transliteration,en
food_5625b957,iiidli,transliteration,en
food_5625b957,dinner: 2 pieces idli,transliteration,en
food_5625b957,be idlivada,transliteration,en
food_5625b957,idlivada,transliteration,en
food_5625b957,50g idli,transliteration,en
food_5625b957,idlisambar,transliteration,en
food_5625b957,200g idli,transliteration,en
food_5625b957,dili,transliteration,en
food_5625b957,tran idlivada,transliteration,en
food_5625b957,5 pieces idli,transliteration,en
food_5625b957,bowl idlicoffee,transliteration,en
food_5625b957,isli,transliteration,en
food_5625b957,idliii,transliteration,en
food_5625b957,tran idlicoffee,transliteration,en
food_5625b957,be vaati idli,transliteration,en
food_5625b957,lunch: 2 pieces idli,transliteration,en
food_6925ee8d,mmmmasala dosa,transliteration,en
food_6925ee8d,masala doaa,transliteration,en
food_6925ee8d,100g masala dosa,transliteration,en
food_6925ee8d,be vaati masala dosa,transliteration,en
food_6925ee8d,bowl masaladosasambar,transliteration,en
food_6925ee8d,masala dsa,transliteration,en
food_6925ee8d,masaaaala dosa,transliteration,en
food_6925ee8d,1 bowl masala dosa,transliteration,en
food_6925ee8d,big bowl masala dosa,transliteration,en
food_6925ee8d,masalaaa dosa,transliteration,en
food_6925ee8d,100ml masala dosa,transliteration,en
food_6925ee8d,200ml masala dosa,transliteration,en
food_6925ee8d,masala dhosa,transliteration,en
food_6925ee8d,50g masala dosa,transliteration,en
food_6925ee8d,maasaalaa dosaa,transliteration,en
food_6925ee8d,half glass masala dosa,transliteration,en
food_6925ee8d,2 masaladosasambar,transliteration,en
food_6925ee8d,masala dossssa,transliteration,en
food_6925ee8d,masaaala dosa,transliteration,en
food_6925ee8d,mssala dosa,transliteration,en
food_6925ee8d,2 bowls masala dosa,transliteration,en
food_6925ee8d,masala osa,transliteration,en
food_6925ee8d,masala doa,transliteration,en
food_6925ee8d,1 cup masala dosa,transliteration,en
food_6925ee8d,massla dosa,transliteration,en
food_6925ee8d,msaala dosa,transliteration,en
food_6925ee8d,1 katori masala dosa,transliteration,en
food_6925ee8d,1 piece masala dosa,transliteration,en
food_6925ee8d,masala dosaaaa,transliteration,en
food_6925ee8d,tran masala dosa,transliteration,en
food_6925ee8d,masaa dosa,transliteration,en
food_6925ee8d,masala sosa,transliteration,en
food_6925ee8d,masal dosa,transliteration,en
food_6925ee8d,3 masaladosasambar,transliteration,en
food_6925ee8d,masaladosa,transliteration,en
food_6925ee8d,tran masaladosasambar,transliteration,en
food_6925ee8d,maala dosa,transliteration,en
food_6925ee8d,ek glass masala dosa,transliteration,en
food_6925ee8d,1 glass masala dosa,transliteration,en
food_6925ee8d,mashala dosha,transliteration,en
food_6925ee8d,ek vaati masala dosa,transliteration,en
food_6925ee8d,msala dosa,transliteration,en
food_6925ee8d,5 pieces masala dosa,transliteration,en
food_6925ee8d,teen masaladosasambar,transliteration,en
food_6925ee8d,masal adosa,transliteration,en
food_6925ee8d,masala doooosa,transliteration,en
food_6925ee8d,2 glasses masala dosa,transliteration,en
food_6925ee8d,masala dpsa,transliteration,en
food_6925ee8d,3 pieces masala dosa,transliteration,en
food_6925ee8d,500ml masala dosa,transliteration,en
food_6925ee8d,maaasala dosa,transliteration,en
food_6925ee8d,masala dddosa,transliteration,en
food_6925ee8d,do masaladosasambar,transliteration,en
food_6925ee8d,masaal dosa,transliteration,en
food_6925ee8d,ek katori masala dosa,transliteration,en
food_6925ee8d,masala dosssa,transliteration,en
food_6925ee8d,2 katori masala dosa,transliteration,en
food_6925ee8d,ek cup masala dosa,transliteration,en
food_6925ee8d,masaladosasambar,transliteration,en
food_6925ee8d,panch masala dosa,transliteration,en
food_6925ee8d,masla dosa,transliteration,en
food_6925ee8d,masala dosaaa,transliteration,en
food_6925ee8d,mmmasala dosa,transliteration,en
food_6925ee8d,masalaaaa dosa,transliteration,en
food_6925ee8d,500g masala dosa,transliteration,en
food_6925ee8d,char masala dosa,transliteration,en
food_6925ee8d,maasla dosa,transliteration,en
food_6925ee8d,masala dsoa,transliteration,en
food_6925ee8d,maslaa dosa,transliteration,en
food_6925ee8d,be masaladosasambar,transliteration,en
food_6925ee8d,nasala dosa,transliteration,en
food_6925ee8d,masala doss,transliteration,en
food_6925ee8d,1 masaladosasambar,transliteration,en
food_6925ee8d,ek masaladosasambar,transliteration,en
food_6925ee8d,maaala dosa,transliteration,en
food_6925ee8d,masals dosa,transliteration,en
food_6925ee8d,250ml masala dosa,transliteration,en
food_6925ee8d,masala odsa,transliteration,en
food_6925ee8d,be masala dosa,transliteration,en
food_6925ee8d,masala dooosa,transliteration,en
food_6925ee8d,amsala dosa,transliteration,en
food_6925ee8d,4 pieces masala dosa,transliteration,en
food_6925ee8d,2 cups masala dosa,transliteration,en
food_6925ee8d,masala ddddosa,transliteration,en
food_6925ee8d,200g masala dosa,transliteration,en
food_6925ee8d,masssala dosa,transliteration,en
food_6925ee8d,ek masala dosa,transliteration,en
food_6925ee8d,massssala dosa,transliteration,en
food_6925ee8d,maaaasala dosa,transliteration,en
food_6925ee8d,small bowl masala dosa,transliteration,en
food_6925ee8d,masala doas,transliteration,en
food_6925ee8d,250g masala dosa,transliteration,en
food_6925ee8d,masalad osa,transliteration,en
food_6925ee8d,150g masala dosa,transliteration,en
food_6925ee8d,glass masaladosasambar,transliteration,en
food_6925ee8d,2 pieces masala dosa,transliteration,en
food_auth_medu_vada,mdu vada,transliteration,en
food_auth_medu_vada,vadasambar,transliteration,en
food_auth_medu_vada,2 cups medu vada,transliteration,en
food_auth_medu_vada,tran medu vada,transliteration,en
food_auth_medu_vada,be vadasambar,transliteration,en
food_auth_medu_vada,medu vadddda,transliteration,en
food_auth_medu_vada,glass vadasambar,transliteration,en
food_auth_medu_vada,med vada,transliteration,en
food_auth_medu_vada,200g medu vada,transliteration,en
food_auth_medu_vada,med uvada,transliteration,en
food_auth_medu_vada,big bowl medu vada,transliteration,en
food_auth_medu_vada,medu vads,transliteration,en
food_auth_medu_vada,medu vadaaa,transliteration,en
food_auth_medu_vada,ek cup medu vada,transliteration,en
food_auth_medu_vada,150g medu vada,transliteration,en
food_auth_medu_vada,medddu vada,transliteration,en
food_auth_medu_vada,be vaati medu vada,transliteration,en
food_auth_medu_vada,2 pieces medu vada,transliteration,en
food_auth_medu_vada,medu vda,transliteration,en
food_auth_medu_vada,2 vadasambar,transliteration,en
food_auth_medu_vada,medu vada ane sambar,transliteration,en
food_auth_medu_vada,medu vadaaaa,transliteration,en
food_auth_medu_vada,250g medu vada,transliteration,en
food_auth_medu_vada,meduuu vada,transliteration,en
food_auth_medu_vada,medoo vada,transliteration,en
food_auth_medu_vada,2 glasses medu vada,transliteration,en
food_auth_medu_vada,tran vadasambar,transliteration,en
food_auth_medu_vada,1 piece medu vada,transliteration,en
food_auth_medu_vada,ek katori medu vada,transliteration,en
food_auth_medu_vada,500ml medu vada,transliteration,en
food_auth_medu_vada,medhu vadha,transliteration,en
food_auth_medu_vada,mwdu vada,transliteration,en
food_auth_medu_vada,4 pieces medu vada,transliteration,en
food_auth_medu_vada,char medu vada,transliteration,en
food_auth_medu_vada,3 pieces medu vada,transliteration,en
food_auth_medu_vada,mesu vada,transliteration,en
food_auth_medu_vada,meduv ada,transliteration,en
food_auth_medu_vada,half glass medu vada,transliteration,en
food_auth_medu_vada,200ml medu vada,transliteration,en
food_auth_medu_vada,mmmedu vada,transliteration,en
food_auth_medu_vada,medu vaadaa,transliteration,en
food_auth_medu_vada,5 pieces medu vada,transliteration,en
food_auth_medu_vada,medu vaddda,transliteration,en
food_auth_medu_vada,1 glass medu vada,transliteration,en
food_auth_medu_vada,meeedu vada,transliteration,en
food_auth_medu_vada,meeeedu vada,transliteration,en
food_auth_medu_vada,ek vadasambar,transliteration,en
food_auth_medu_vada,1 vadasambar,transliteration,en
food_auth_medu_vada,1 cup medu vada,transliteration,en
food_auth_medu_vada,2 bowls medu vada,transliteration,en
food_auth_medu_vada,1 katori medu vada,transliteration,en
food_auth_medu_vada,medu vaaada,transliteration,en
food_auth_medu_vada,panch medu vada,transliteration,en
food_auth_medu_vada,medu vsda,transliteration,en
food_auth_medu_vada,do vadasambar,transliteration,en
food_auth_medu_vada,medu vada and sambar,transliteration,en
food_auth_medu_vada,100ml medu vada,transliteration,en
food_auth_medu_vada,meddddu vada,transliteration,en
food_auth_medu_vada,nedu vada,transliteration,en
food_auth_medu_vada,small bowl medu vada,transliteration,en
food_auth_medu_vada,meud vada,transliteration,en
food_auth_medu_vada,medu wada,transliteration,en
food_auth_medu_vada,medu vasa,transliteration,en
food_auth_medu_vada,50g medu vada,transliteration,en
food_auth_medu_vada,mmmmedu vada,transliteration,en
food_auth_medu_vada,1 bowl medu vada,transliteration,en
food_auth_medu_vada,medu vada with sambar,transliteration,en
food_auth_medu_vada,500g medu vada,transliteration,en
food_auth_medu_vada,100g medu vada,transliteration,en
food_auth_medu_vada,emdu vada,transliteration,en
food_auth_medu_vada,medu avda,transliteration,en
food_auth_medu_vada,medu vada aur sambar,transliteration,en
food_auth_medu_vada,medu vdaa,transliteration,en
food_auth_medu_vada,ek medu vada,transliteration,en
food_auth_medu_vada,bowl vadasambar,transliteration,en
food_auth_medu_vada,be medu vada,transliteration,en
food_auth_medu_vada,medu vaa,transliteration,en
food_auth_medu_vada,teen vadasambar,transliteration,en
food_auth_medu_vada,ek glass medu vada,transliteration,en
food_auth_medu_vada,ek vaati medu vada,transliteration,en
food_auth_medu_vada,medu vada sathe sambar,transliteration,en
food_auth_medu_vada,meduvada,transliteration,en
food_auth_medu_vada,mdeu vada,transliteration,en
food_auth_medu_vada,meduuuu vada,transliteration,en
food_auth_medu_vada,medu ada,transliteration,en
food_auth_medu_vada,2 katori medu vada,transliteration,en
food_auth_medu_vada,medu vaaaada,transliteration,en
food_auth_medu_vada,3 vadasambar,transliteration,en
food_auth_medu_vada,meu vada,transliteration,en
food_auth_medu_vada,250ml medu vada,transliteration,en
food_auth_medu_vada,medu vaad,transliteration,en
food_ef294d20,uttaam,transliteration,en
food_ef294d20,dinner: 1 piece uttapam,transliteration,en
food_ef294d20,uttaapm,transliteration,en
food_ef294d20,uttaaapam,transliteration,en
food_ef294d20,250ml uttapam,transliteration,en
food_ef294d20,panch uttapam,transliteration,en
food_ef294d20,1 katori uttapam,transliteration,en
food_ef294d20,char uttapam,transliteration,en
food_ef294d20,200g uttapam,transliteration,en
food_ef294d20,uttspam,transliteration,en
food_ef294d20,utttttapam,transliteration,en
food_ef294d20,tutapam,transliteration,en
food_ef294d20,ek uttapam,transliteration,en
food_ef294d20,250g uttapam,transliteration,en
food_ef294d20,1 glass uttapam,transliteration,en
food_ef294d20,ek vaati uttapam,transliteration,en
food_ef294d20,oottapam,transliteration,en
food_ef294d20,2 katori uttapam,transliteration,en
food_ef294d20,breakfast: 1 piece uttapam,transliteration,en
food_ef294d20,50g uttapam,transliteration,en
food_ef294d20,utatpam,transliteration,en
food_ef294d20,4 pieces uttapam,transliteration,en
food_ef294d20,100g uttapam,transliteration,en
food_ef294d20,150g uttapam,transliteration,en
food_ef294d20,100ml uttapam,transliteration,en
food_ef294d20,small bowl uttapam,transliteration,en
food_ef294d20,500g uttapam,transliteration,en
food_ef294d20,utrapam,transliteration,en
food_ef294d20,lunch: 1 piece uttapam,transliteration,en
food_ef294d20,uttaapaam,transliteration,en
food_ef294d20,uttpam,transliteration,en
food_ef294d20,utapam,transliteration,en
food_ef294d20,uttapammm,transliteration,en
food_ef294d20,uttapaaam,transliteration,en
food_ef294d20,tran uttapam,transliteration,en
food_ef294d20,uttapan,transliteration,en
food_ef294d20,ek cup uttapam,transliteration,en
food_ef294d20,uttttapam,transliteration,en
food_ef294d20,uuuttapam,transliteration,en
food_ef294d20,1 bowl uttapam,transliteration,en
food_ef294d20,2 bowls uttapam,transliteration,en
food_ef294d20,2 glasses uttapam,transliteration,en
food_ef294d20,half glass uttapam,transliteration,en
food_ef294d20,uttapma,transliteration,en
food_ef294d20,uththapam,transliteration,en
food_ef294d20,ek katori uttapam,transliteration,en
food_ef294d20,5 pieces uttapam,transliteration,en
food_ef294d20,uttapm,transliteration,en
food_ef294d20,uttpaam,transliteration,en
food_ef294d20,be vaati uttapam,transliteration,en
food_ef294d20,uttapaaaam,transliteration,en
food_ef294d20,uttapsm,transliteration,en
food_ef294d20,1 piece uttapam,transliteration,en
food_ef294d20,500ml uttapam,transliteration,en
food_ef294d20,ek glass uttapam,transliteration,en
food_ef294d20,urtapam,transliteration,en
food_ef294d20,1 cup uttapam,transliteration,en
food_ef294d20,be uttapam,transliteration,en
food_ef294d20,uttapammmm,transliteration,en
food_ef294d20,uttaoam,transliteration,en
food_ef294d20,3 pieces uttapam,transliteration,en
food_ef294d20,200ml uttapam,transliteration,en
food_ef294d20,snack: 1 piece uttapam,transliteration,en
food_ef294d20,uttaaaapam,transliteration,en
food_ef294d20,2 cups uttapam,transliteration,en
food_ef294d20,big bowl uttapam,transliteration,en
food_ef294d20,uuuuttapam,transliteration,en
food_ef294d20,2 pieces uttapam,transliteration,en
food_auth_masala_chai,150g masala chai,transliteration,en
food_auth_masala_chai,massssala chai,transliteration,en
food_auth_masala_chai,big bowl masala chai,transliteration,en
food_auth_masala_chai,masala chaaaai,transliteration,en
food_auth_masala_chai,ek masalachai,transliteration,en
food_auth_masala_chai,masalaaaa chai,transliteration,en
food_auth_masala_chai,maasla chai,transliteration,en
food_auth_masala_chai,100ml masala chai,transliteration,en
food_auth_masala_chai,be masala chai,transliteration,en
food_auth_masala_chai,small bowl masala chai,transliteration,en
food_auth_masala_chai,2 masalachai,transliteration,en
food_auth_masala_chai,panch masala chai,transliteration,en
food_auth_masala_chai,1 bowl masala chai,transliteration,en
food_auth_masala_chai,1 piece masala chai,transliteration,en
food_auth_masala_chai,amsala chai,transliteration,en
food_auth_masala_chai,masaaaala chai,transliteration,en
food_auth_masala_chai,masala cahi,transliteration,en
food_auth_masala_chai,maslaa chai,transliteration,en
food_auth_masala_chai,100g masala chai,transliteration,en
food_auth_masala_chai,masalachai,transliteration,en
food_auth_masala_chai,masla chai,transliteration,en
food_auth_masala_chai,maala chai,transliteration,en
food_auth_masala_chai,masala chao,transliteration,en
food_auth_masala_chai,masaaala chai,transliteration,en
food_auth_masala_chai,250ml masala chai,transliteration,en
food_auth_masala_chai,masalaaa chai,transliteration,en
food_auth_masala_chai,1 glass masala chai,transliteration,en
food_auth_masala_chai,masala chaiiii,transliteration,en
food_auth_masala_chai,ek vaati masala chai,transliteration,en
food_auth_masala_chai,4 pieces masala chai,transliteration,en
food_auth_masala_chai,1 cup masala chai,transliteration,en
food_auth_masala_chai,without ice masala chai,transliteration,en
food_auth_masala_chai,bowl masalachai,transliteration,en
food_auth_masala_chai,masala chaaai,transliteration,en
food_auth_masala_chai,200g masala chai,transliteration,en
food_auth_masala_chai,ek masala chai,transliteration,en
food_auth_masala_chai,3 masalachai,transliteration,en
food_auth_masala_chai,tran masala chai,transliteration,en
food_auth_masala_chai,mssala chai,transliteration,en
food_auth_masala_chai,masala chaiii,transliteration,en
food_auth_masala_chai,masala chi,transliteration,en
food_auth_masala_chai,strong kadak masala chai,transliteration,en
food_auth_masala_chai,mmmmasala chai,transliteration,en
food_auth_masala_chai,1 masalachai,transliteration,en
food_auth_masala_chai,1 katori masala chai,transliteration,en
food_auth_masala_chai,2 bowls masala chai,transliteration,en
food_auth_masala_chai,masala cai,transliteration,en
food_auth_masala_chai,ek glass masala chai,transliteration,en
food_auth_masala_chai,teen masalachai,transliteration,en
food_auth_masala_chai,maaasala chai,transliteration,en
food_auth_masala_chai,50g masala chai,transliteration,en
food_auth_masala_chai,masala chay,transliteration,en
food_auth_masala_chai,masals chai,transliteration,en
food_auth_masala_chai,pitcher masala chai,transliteration,en
food_auth_masala_chai,maaala chai,transliteration,en
food_auth_masala_chai,1 bottle masala chai,transliteration,en
food_auth_masala_chai,msaala chai,transliteration,en
food_auth_masala_chai,ek katori masala chai,transliteration,en
food_auth_masala_chai,char masala chai,transliteration,en
food_auth_masala_chai,masalac hai,transliteration,en
food_auth_masala_chai,extra sweet masala chai,transliteration,en
food_auth_masala_chai,massla chai,transliteration,en
food_auth_masala_chai,250g masala chai,transliteration,en
food_auth_masala_chai,500g masala chai,transliteration,en
food_auth_masala_chai,msala chai,transliteration,en
food_auth_masala_chai,masal achai,transliteration,en
food_auth_masala_chai,chilled masala chai,transliteration,en
food_auth_masala_chai,500ml masala chai,transliteration,en
food_auth_masala_chai,masala chsi,transliteration,en
food_auth_masala_chai,glass masalachai,transliteration,en
food_auth_masala_chai,3 pieces masala chai,transliteration,en
food_auth_masala_chai,2 katori masala chai,transliteration,en
food_auth_masala_chai,masssala chai,transliteration,en
food_auth_masala_chai,sugar free masala chai,transliteration,en
food_auth_masala_chai,2 pieces masala chai,transliteration,en
food_auth_masala_chai,without sugar masala chai,transliteration,en
food_auth_masala_chai,hot masala chai,transliteration,en
food_auth_masala_chai,mashala chai,transliteration,en
food_auth_masala_chai,mmmasala chai,transliteration,en
food_auth_masala_chai,2 cups masala chai,transliteration,en
food_auth_masala_chai,maaaasala chai,transliteration,en
food_auth_masala_chai,be masalachai,transliteration,en
food_auth_masala_chai,nasala chai,transliteration,en
food_auth_masala_chai,tran masalachai,transliteration,en
food_auth_masala_chai,masala chaee,transliteration,en
food_auth_masala_chai,masaa chai,transliteration,en
food_auth_masala_chai,masal chai,transliteration,en
food_auth_masala_chai,be vaati masala chai,transliteration,en
food_auth_masala_chai,masala chia,transliteration,en
food_auth_masala_chai,200ml masala chai,transliteration,en
food_auth_masala_chai,masaal chai,transliteration,en
food_auth_masala_chai,5 pieces masala chai,transliteration,en
food_auth_masala_chai,2 glasses masala chai,transliteration,en
food_auth_masala_chai,masala hai,transliteration,en
food_auth_masala_chai,ek cup masala chai,transliteration,en
food_auth_masala_chai,do masalachai,transliteration,en
food_auth_masala_chai,maasaalaa chaai,transliteration,en
food_auth_masala_chai,refreshing masala chai,transliteration,en
food_auth_masala_chai,masala hcai,transliteration,en
food_auth_masala_chai,half glass masala chai,transliteration,en
food_auth_masala_chai,masala chhai,transliteration,en
food_auth_cutting_chai,cuuuutting chai,transliteration,en
food_auth_cutting_chai,150g cutting chai,transliteration,en
food_auth_cutting_chai,refreshing cutting chai,transliteration,en
food_auth_cutting_chai,ek cutting chai,transliteration,en
food_auth_cutting_chai,char cutting chai,transliteration,en
food_auth_cutting_chai,without sugar cutting chai,transliteration,en
food_auth_cutting_chai,cutttting chai,transliteration,en
food_auth_cutting_chai,chilled cutting chai,transliteration,en
food_auth_cutting_chai,3 pieces cutting chai,transliteration,en
food_auth_cutting_chai,cuttin chai,transliteration,en
food_auth_cutting_chai,be cuttingchai,transliteration,en
food_auth_cutting_chai,cuttign chai,transliteration,en
food_auth_cutting_chai,cuttin gchai,transliteration,en
food_auth_cutting_chai,1 glass cutting chai,transliteration,en
food_auth_cutting_chai,cootting chai,transliteration,en
food_auth_cutting_chai,200g cutting chai,transliteration,en
food_auth_cutting_chai,cuttinnnng chai,transliteration,en
food_auth_cutting_chai,cutting chsi,transliteration,en
food_auth_cutting_chai,1 bowl cutting chai,transliteration,en
food_auth_cutting_chai,cuththing chai,transliteration,en
food_auth_cutting_chai,uctting chai,transliteration,en
food_auth_cutting_chai,2 katori cutting chai,transliteration,en
food_auth_cutting_chai,cutting chaaai,transliteration,en
food_auth_cutting_chai,cutteeng chaee,transliteration,en
food_auth_cutting_chai,cuttyng chay,transliteration,en
food_auth_cutting_chai,half glass cutting chai,transliteration,en
food_auth_cutting_chai,cutting chhai,transliteration,en
food_auth_cutting_chai,cutring chai,transliteration,en
food_auth_cutting_chai,cuttnig chai,transliteration,en
food_auth_cutting_chai,1 cuttingchai,transliteration,en
food_auth_cutting_chai,cuttttting chai,transliteration,en
food_auth_cutting_chai,5 pieces cutting chai,transliteration,en
food_auth_cutting_chai,2 pieces cutting chai,transliteration,en
food_auth_cutting_chai,ek cuttingchai,transliteration,en
food_auth_cutting_chai,pitcher cutting chai,transliteration,en
food_auth_cutting_chai,big bowl cutting chai,transliteration,en
food_auth_cutting_chai,2 cuttingchai,transliteration,en
food_auth_cutting_chai,panch cutting chai,transliteration,en
food_auth_cutting_chai,cutting cai,transliteration,en
food_auth_cutting_chai,1 piece cutting chai,transliteration,en
food_auth_cutting_chai,extra sweet cutting chai,transliteration,en
food_auth_cutting_chai,cuting chai,transliteration,en
food_auth_cutting_chai,cutting chaiiii,transliteration,en
food_auth_cutting_chai,500g cutting chai,transliteration,en
food_auth_cutting_chai,1 bottle cutting chai,transliteration,en
food_auth_cutting_chai,cuttimg chai,transliteration,en
food_auth_cutting_chai,1 cup cutting chai,transliteration,en
food_auth_cutting_chai,2 bowls cutting chai,transliteration,en
food_auth_cutting_chai,100g cutting chai,transliteration,en
food_auth_cutting_chai,cutting chia,transliteration,en
food_auth_cutting_chai,50g cutting chai,transliteration,en
food_auth_cutting_chai,cuttong chai,transliteration,en
food_auth_cutting_chai,ctuting chai,transliteration,en
food_auth_cutting_chai,250g cutting chai,transliteration,en
food_auth_cutting_chai,ctting chai,transliteration,en
food_auth_cutting_chai,cutting cahi,transliteration,en
food_auth_cutting_chai,cutting chao,transliteration,en
food_auth_cutting_chai,200ml cutting chai,transliteration,en
food_auth_cutting_chai,cuttingc hai,transliteration,en
food_auth_cutting_chai,250ml cutting chai,transliteration,en
food_auth_cutting_chai,glass cuttingchai,transliteration,en
food_auth_cutting_chai,2 glasses cutting chai,transliteration,en
food_auth_cutting_chai,bowl cuttingchai,transliteration,en
food_auth_cutting_chai,teen cuttingchai,transliteration,en
food_auth_cutting_chai,curting chai,transliteration,en
food_auth_cutting_chai,4 pieces cutting chai,transliteration,en
food_auth_cutting_chai,tran cutting chai,transliteration,en
food_auth_cutting_chai,cuuutting chai,transliteration,en
food_auth_cutting_chai,tran cuttingchai,transliteration,en
food_auth_cutting_chai,1 katori cutting chai,transliteration,en
food_auth_cutting_chai,cutting hai,transliteration,en
food_auth_cutting_chai,100ml cutting chai,transliteration,en
food_auth_cutting_chai,cuttng chai,transliteration,en
food_auth_cutting_chai,cutting chaai,transliteration,en
food_auth_cutting_chai,cuttinnng chai,transliteration,en
food_auth_cutting_chai,be cutting chai,transliteration,en
food_auth_cutting_chai,cuttingchai,transliteration,en
food_auth_cutting_chai,500ml cutting chai,transliteration,en
food_auth_cutting_chai,hot cutting chai,transliteration,en
food_auth_cutting_chai,do cuttingchai,transliteration,en
food_auth_cutting_chai,ek cup cutting chai,transliteration,en
food_auth_cutting_chai,small bowl cutting chai,transliteration,en
food_auth_cutting_chai,2 cups cutting chai,transliteration,en
food_auth_cutting_chai,sugar free cutting chai,transliteration,en
food_auth_cutting_chai,strong kadak cutting chai,transliteration,en
food_auth_cutting_chai,cutitng chai,transliteration,en
food_auth_cutting_chai,without ice cutting chai,transliteration,en
food_auth_cutting_chai,cutting chaaaai,transliteration,en
food_auth_cutting_chai,be vaati cutting chai,transliteration,en
food_auth_cutting_chai,ek vaati cutting chai,transliteration,en
food_auth_cutting_chai,ek katori cutting chai,transliteration,en
food_auth_cutting_chai,cuttig chai,transliteration,en
food_auth_cutting_chai,cuttiiing chai,transliteration,en
food_auth_cutting_chai,ek glass cutting chai,transliteration,en
food_auth_cutting_chai,cutting chaiii,transliteration,en
food_auth_cutting_chai,cutting hcai,transliteration,en
food_auth_cutting_chai,cutting chi,transliteration,en
food_auth_cutting_chai,3 cuttingchai,transliteration,en
food_auth_cutting_chai,cuttiiiing chai,transliteration,en
food_auth_chaas,be vaati chhas,transliteration,en
food_auth_chaas,hot chaas,transliteration,en
food_auth_chaas,100ml chaas,transliteration,en
food_auth_chaas,half glass chaas,transliteration,en
food_auth_chaas,chass,transliteration,en
food_auth_chaas,be chhas,transliteration,en
food_auth_chaas,panch chaas,transliteration,en
food_auth_chaas,chasa,transliteration,en
food_auth_chaas,chaaaaas,transliteration,en
food_auth_chaas,1 piece chaas,transliteration,en
food_auth_chaas,chsas,transliteration,en
food_auth_chaas,200g chaas,transliteration,en
food_auth_chaas,sugar free chaas,transliteration,en
food_auth_chaas,without sugar chaas,transliteration,en
food_auth_chaas,1 glass chaas,transliteration,en
food_auth_chaas,chhaaas,transliteration,en
food_auth_chaas,200ml chaas,transliteration,en
food_auth_chaas,ek glass chhas,transliteration,en
food_auth_chaas,2 cups chaas,transliteration,en
food_auth_chaas,small bowl chaas,transliteration,en
food_auth_chaas,500ml chaas,transliteration,en
food_auth_chaas,chaash,transliteration,en
food_auth_chaas,big bowl chaas,transliteration,en
food_auth_chaas,be chaas,transliteration,en
food_auth_chaas,chahs,transliteration,en
food_auth_chaas,hcaas,transliteration,en
food_auth_chaas,chhash,transliteration,en
food_auth_chaas,3 pieces chaas,transliteration,en
food_auth_chaas,4 pieces chaas,transliteration,en
food_auth_chaas,250g chaas,transliteration,en
food_auth_chaas,500g chaas,transliteration,en
food_auth_chaas,ek glass chaas,transliteration,en
food_auth_chaas,hchas,transliteration,en
food_auth_chaas,be vaati chaas,transliteration,en
food_auth_chaas,ek katori chhas,transliteration,en
food_auth_chaas,pitcher chaas,transliteration,en
food_auth_chaas,chhasss,transliteration,en
food_auth_chaas,chhassss,transliteration,en
food_auth_chaas,chhsa,transliteration,en
food_auth_chaas,without ice chaas,transliteration,en
food_auth_chaas,ek vaati chhas,transliteration,en
food_auth_chaas,ek cup chhas,transliteration,en
food_auth_chaas,ek vaati chaas,transliteration,en
food_auth_chaas,chilled chaas,transliteration,en
food_auth_chaas,chaaa,transliteration,en
food_auth_chaas,chhhas,transliteration,en
food_auth_chaas,ek cup chaas,transliteration,en
food_auth_chaas,refreshing chaas,transliteration,en
food_auth_chaas,chhaaaas,transliteration,en
food_auth_chaas,1 bottle chaas,transliteration,en
food_auth_chaas,strong kadak chaas,transliteration,en
food_auth_chaas,5 pieces chaas,transliteration,en
food_auth_chaas,ek chaas,transliteration,en
food_auth_chaas,1 bowl chaas,transliteration,en
food_auth_chaas,chas,transliteration,en
food_auth_chaas,ek chhas,transliteration,en
food_auth_chaas,with less ice chaas,transliteration,en
food_auth_chaas,tran chhas,transliteration,en
food_auth_chaas,ek katori chaas,transliteration,en
food_auth_chaas,chaasss,transliteration,en
food_auth_chaas,extra sweet chaas,transliteration,en
food_auth_chaas,chaaaas,transliteration,en
food_auth_chaas,100g chaas,transliteration,en
food_auth_chaas,chhss,transliteration,en
food_auth_chaas,2 bowls chaas,transliteration,en
food_auth_chaas,1 katori chaas,transliteration,en
food_auth_chaas,2 katori chaas,transliteration,en
food_auth_chaas,2 pieces chaas,transliteration,en
food_auth_chaas,2 glasses chaas,transliteration,en
food_auth_chaas,chaassss,transliteration,en
food_auth_chaas,50g chaas,transliteration,en
food_auth_chaas,250ml chaas,transliteration,en
food_auth_chaas,1 cup chaas,transliteration,en
food_auth_chaas,chhs,transliteration,en
food_auth_chaas,caas,transliteration,en
food_auth_chaas,150g chaas,transliteration,en
food_auth_chaas,cahas,transliteration,en
food_auth_chaas,chhaa,transliteration,en
food_auth_chaas,char chaas,transliteration,en
food_auth_chaas,tran chaas,transliteration,en
food_5e08bbc3,meethi laassi,transliteration,en
food_5e08bbc3,2 sweetlassi,transliteration,en
food_5e08bbc3,meeeethi lassi,transliteration,en
food_5e08bbc3,sweer lassi,transliteration,en
food_5e08bbc3,meethi lasai,transliteration,en
food_5e08bbc3,3 sweetlassi,transliteration,en
food_5e08bbc3,sweet assi,transliteration,en
food_5e08bbc3,meethi lasi,transliteration,en
food_5e08bbc3,500g sweet lassi,transliteration,en
food_5e08bbc3,refreshing sweet lassi,transliteration,en
food_5e08bbc3,glass sweetlassi,transliteration,en
food_5e08bbc3,meerhi lassi,transliteration,en
food_5e08bbc3,big bowl sweet lassi,transliteration,en
food_5e08bbc3,1 sweetlassi,transliteration,en
food_5e08bbc3,half glass sweet lassi,transliteration,en
food_5e08bbc3,neethi lassi,transliteration,en
food_5e08bbc3,methi lassi,transliteration,en
food_5e08bbc3,strong kadak sweet lassi,transliteration,en
food_5e08bbc3,sweeth lassi,transliteration,en
food_5e08bbc3,meethi lassiii,transliteration,en
food_5e08bbc3,100ml sweet lassi,transliteration,en
food_5e08bbc3,2 glasses sweet lassi,transliteration,en
food_5e08bbc3,extra sweet sweet lassi,transliteration,en
food_5e08bbc3,sweet laassi,transliteration,en
food_5e08bbc3,2 bowls sweet lassi,transliteration,en
food_5e08bbc3,meethi lasssssi,transliteration,en
food_5e08bbc3,char sweet lassi,transliteration,en
food_5e08bbc3,ek cup sweet lassi,transliteration,en
food_5e08bbc3,meethi lasis,transliteration,en
food_5e08bbc3,sweet laaaassi,transliteration,en
food_5e08bbc3,sweet lasso,transliteration,en
food_5e08bbc3,sweet lssi,transliteration,en
food_5e08bbc3,sweeeet lassi,transliteration,en
food_5e08bbc3,5 pieces sweet lassi,transliteration,en
food_5e08bbc3,be sweetlassi,transliteration,en
food_5e08bbc3,sweet lassiiii,transliteration,en
food_5e08bbc3,sweet lsasi,transliteration,en
food_5e08bbc3,sweet laaassi,transliteration,en
food_5e08bbc3,tran sweet lassi,transliteration,en
food_5e08bbc3,pitcher sweet lassi,transliteration,en
food_5e08bbc3,bowl sweetlassi,transliteration,en
food_5e08bbc3,sweet lassssi,transliteration,en
food_5e08bbc3,swee lassi,transliteration,en
food_5e08bbc3,meethil assi,transliteration,en
food_5e08bbc3,ek vaati sweet lassi,transliteration,en
food_5e08bbc3,wseet lassi,transliteration,en
food_5e08bbc3,sweettt lassi,transliteration,en
food_5e08bbc3,ek katori sweet lassi,transliteration,en
food_5e08bbc3,ek vaati meethi lassi,transliteration,en
food_5e08bbc3,mithi lassi,transliteration,en
food_5e08bbc3,chilled sweet lassi,transliteration,en
food_5e08bbc3,meethi lasso,transliteration,en
food_5e08bbc3,sweet lassy,transliteration,en
food_5e08bbc3,panch sweet lassi,transliteration,en
food_5e08bbc3,mmmeethi lassi,transliteration,en
food_5e08bbc3,ek meethi lassi,transliteration,en
food_5e08bbc3,ek sweetlassi,transliteration,en
food_5e08bbc3,swwet lassi,transliteration,en
food_5e08bbc3,meeeeethi lassi,transliteration,en
food_5e08bbc3,sssweet lassi,transliteration,en
food_5e08bbc3,sweet lasis,transliteration,en
food_5e08bbc3,1 piece sweet lassi,transliteration,en
food_5e08bbc3,seet lassi,transliteration,en
food_5e08bbc3,50g sweet lassi,transliteration,en
food_5e08bbc3,meeti lassi,transliteration,en
food_5e08bbc3,2 pieces sweet lassi,transliteration,en
food_5e08bbc3,1 cup sweet lassi,transliteration,en
food_5e08bbc3,meethi laasi,transliteration,en
food_5e08bbc3,1 bottle sweet lassi,transliteration,en
food_5e08bbc3,250ml sweet lassi,transliteration,en
food_5e08bbc3,2 katori sweet lassi,transliteration,en
food_5e08bbc3,meethi alssi,transliteration,en
food_5e08bbc3,1 glass sweet lassi,transliteration,en
food_5e08bbc3,sweet lasai,transliteration,en
food_5e08bbc3,swewt lassi,transliteration,en
food_5e08bbc3,meethy lassy,transliteration,en
food_5e08bbc3,ek glass sweet lassi,transliteration,en
food_5e08bbc3,200g sweet lassi,transliteration,en
food_5e08bbc3,sewet lassi,transliteration,en
food_5e08bbc3,teen sweetlassi,transliteration,en
food_5e08bbc3,swet lassi,transliteration,en
food_5e08bbc3,sweetlassi,transliteration,en
food_5e08bbc3,2 cups sweet lassi,transliteration,en
food_5e08bbc3,tran meethi lassi,transliteration,en
food_5e08bbc3,ek cup meethi lassi,transliteration,en
food_5e08bbc3,4 pieces sweet lassi,transliteration,en
food_5e08bbc3,200ml sweet lassi,transliteration,en
food_5e08bbc3,mmmmeethi lassi,transliteration,en
food_5e08bbc3,3 pieces sweet lassi,transliteration,en
food_5e08bbc3,metehi lassi,transliteration,en
food_5e08bbc3,do sweetlassi,transliteration,en
food_5e08bbc3,tran sweetlassi,transliteration,en
food_5e08bbc3,be vaati meethi lassi,transliteration,en
food_5e08bbc3,be sweet lassi,transliteration,en
food_5e08bbc3,ek glass meethi lassi,transliteration,en
food_5e08bbc3,meehti lassi,transliteration,en
food_5e08bbc3,meeth ilassi,transliteration,en
food_5e08bbc3,sveet lassi,transliteration,en
food_5e08bbc3,swee tlassi,transliteration,en
food_5e08bbc3,meeth lassi,transliteration,en
food_5e08bbc3,1 katori sweet lassi,transliteration,en
food_5e08bbc3,be meethi lassi,transliteration,en
food_5e08bbc3,swete lassi,transliteration,en
food_5e08bbc3,sweet lasi,transliteration,en
food_5e08bbc3,meettthi lassi,transliteration,en
food_5e08bbc3,500ml sweet lassi,transliteration,en
food_5e08bbc3,swit lassi,transliteration,en
food_5e08bbc3,meethiiii lassi,transliteration,en
food_5e08bbc3,hot sweet lassi,transliteration,en
food_5e08bbc3,aweet lassi,transliteration,en
food_5e08bbc3,shweet lashshi,transliteration,en
food_5e08bbc3,meethi lsasi,transliteration,en
food_5e08bbc3,be vaati sweet lassi,transliteration,en
food_5e08bbc3,meetttthi lassi,transliteration,en
food_5e08bbc3,sweet alssi,transliteration,en
food_5e08bbc3,meethi laaassi,transliteration,en
food_5e08bbc3,sugar free sweet lassi,transliteration,en
food_5e08bbc3,sweetl assi,transliteration,en
food_5e08bbc3,sweet lassiii,transliteration,en
food_5e08bbc3,meethi laaaassi,transliteration,en
food_5e08bbc3,meethi lashshi,transliteration,en
food_5e08bbc3,sweet laasi,transliteration,en
food_5e08bbc3,sweet lasssssi,transliteration,en
food_5e08bbc3,mewthi lassi,transliteration,en
food_5e08bbc3,meehi lassi,transliteration,en
food_5e08bbc3,150g sweet lassi,transliteration,en
food_5e08bbc3,sweet lsssi,transliteration,en
food_5e08bbc3,250g sweet lassi,transliteration,en
food_5e08bbc3,sweetttt lassi,transliteration,en
food_5e08bbc3,100g sweet lassi,transliteration,en
food_5e08bbc3,without ice sweet lassi,transliteration,en
food_5e08bbc3,meethi lassiiii,transliteration,en
food_5e08bbc3,without sugar sweet lassi,transliteration,en
food_5e08bbc3,meethi lsssi,transliteration,en
food_5e08bbc3,meethilassi,transliteration,en
food_5e08bbc3,meethhi lassi,transliteration,en
food_5e08bbc3,sweet lassee,transliteration,en
food_5e08bbc3,meetho lassi,transliteration,en
food_5e08bbc3,meethiii lassi,transliteration,en
food_5e08bbc3,meethi lssi,transliteration,en
food_5e08bbc3,sweeeeet lassi,transliteration,en
food_5e08bbc3,emethi lassi,transliteration,en
food_5e08bbc3,meethee lassee,transliteration,en
food_5e08bbc3,meetih lassi,transliteration,en
food_5e08bbc3,ek sweet lassi,transliteration,en
food_5e08bbc3,meethi assi,transliteration,en
food_5e08bbc3,ssssweet lassi,transliteration,en
food_5e08bbc3,ek katori meethi lassi,transliteration,en
food_5e08bbc3,1 bowl sweet lassi,transliteration,en
food_5e08bbc3,mwethi lassi,transliteration,en
food_5e08bbc3,small bowl sweet lassi,transliteration,en
food_5e08bbc3,meethi lassssi,transliteration,en
food_auth_filter_coffee,fylter coffee,transliteration,en
food_auth_filter_coffee,extra sweet filter coffee,transliteration,en
food_auth_filter_coffee,2 katori filter coffee,transliteration,en
food_auth_filter_coffee,be filter coffee,transliteration,en
food_auth_filter_coffee,filter coffeeee,transliteration,en
food_auth_filter_coffee,filttter coffee,transliteration,en
food_auth_filter_coffee,1 piece filter coffee,transliteration,en
food_auth_filter_coffee,small bowl filter coffee,transliteration,en
food_auth_filter_coffee,char filter coffee,transliteration,en
food_auth_filter_coffee,filte rcoffee,transliteration,en
food_auth_filter_coffee,filter coffeeeee,transliteration,en
food_auth_filter_coffee,filter cofee,transliteration,en
food_auth_filter_coffee,100g filter coffee,transliteration,en
food_auth_filter_coffee,filter coooffee,transliteration,en
food_auth_filter_coffee,2 pieces filter coffee,transliteration,en
food_auth_filter_coffee,fiter coffee,transliteration,en
food_auth_filter_coffee,filtercoffee,transliteration,en
food_auth_filter_coffee,strong kadak filter coffee,transliteration,en
food_auth_filter_coffee,250ml filter coffee,transliteration,en
food_auth_filter_coffee,tran filter coffee,transliteration,en
food_auth_filter_coffee,half glass filter coffee,transliteration,en
food_auth_filter_coffee,filteeeer coffee,transliteration,en
food_auth_filter_coffee,50g filter coffee,transliteration,en
food_auth_filter_coffee,filte coffee,transliteration,en
food_auth_filter_coffee,4 pieces filter coffee,transliteration,en
food_auth_filter_coffee,iflter coffee,transliteration,en
food_auth_filter_coffee,2 glasses filter coffee,transliteration,en
food_auth_filter_coffee,1 glass filter coffee,transliteration,en
food_auth_filter_coffee,1 katori filter coffee,transliteration,en
food_auth_filter_coffee,100ml filter coffee,transliteration,en
food_auth_filter_coffee,fiiilter coffee,transliteration,en
food_auth_filter_coffee,ek vaati filter coffee,transliteration,en
food_auth_filter_coffee,without ice filter coffee,transliteration,en
food_auth_filter_coffee,filer coffee,transliteration,en
food_auth_filter_coffee,filtet coffee,transliteration,en
food_auth_filter_coffee,filterrrr coffee,transliteration,en
food_auth_filter_coffee,filter coffwe,transliteration,en
food_auth_filter_coffee,filteeer coffee,transliteration,en
food_auth_filter_coffee,pitcher filter coffee,transliteration,en
food_auth_filter_coffee,150g filter coffee,transliteration,en
food_auth_filter_coffee,1 bowl filter coffee,transliteration,en
food_auth_filter_coffee,fiiiilter coffee,transliteration,en
food_auth_filter_coffee,2 bowls filter coffee,transliteration,en
food_auth_filter_coffee,1 cup filter coffee,transliteration,en
food_auth_filter_coffee,filtwr coffee,transliteration,en
food_auth_filter_coffee,250g filter coffee,transliteration,en
food_auth_filter_coffee,be vaati filter coffee,transliteration,en
food_auth_filter_coffee,without sugar filter coffee,transliteration,en
food_auth_filter_coffee,panch filter coffee,transliteration,en
food_auth_filter_coffee,1 bottle filter coffee,transliteration,en
food_auth_filter_coffee,filterc offee,transliteration,en
food_auth_filter_coffee,filter cfofee,transliteration,en
food_auth_filter_coffee,filter cpffee,transliteration,en
food_auth_filter_coffee,5 pieces filter coffee,transliteration,en
food_auth_filter_coffee,hot filter coffee,transliteration,en
food_auth_filter_coffee,flter coffee,transliteration,en
food_auth_filter_coffee,filter coffi,transliteration,en
food_auth_filter_coffee,filter ocffee,transliteration,en
food_auth_filter_coffee,filterrr coffee,transliteration,en
food_auth_filter_coffee,ek katori filter coffee,transliteration,en
food_auth_filter_coffee,200g filter coffee,transliteration,en
food_auth_filter_coffee,filther coffee,transliteration,en
food_auth_filter_coffee,filetr coffee,transliteration,en
food_auth_filter_coffee,500g filter coffee,transliteration,en
food_auth_filter_coffee,filter coffew,transliteration,en
food_auth_filter_coffee,ek cup filter coffee,transliteration,en
food_auth_filter_coffee,folter coffee,transliteration,en
food_auth_filter_coffee,3 pieces filter coffee,transliteration,en
food_auth_filter_coffee,ek filter coffee,transliteration,en
food_auth_filter_coffee,big bowl filter coffee,transliteration,en
food_auth_filter_coffee,filter cooooffee,transliteration,en
food_auth_filter_coffee,filter coffe,transliteration,en
food_auth_filter_coffee,ek glass filter coffee,transliteration,en
food_auth_filter_coffee,filter offee,transliteration,en
food_auth_filter_coffee,filtr coffee,transliteration,en
food_auth_filter_coffee,2 cups filter coffee,transliteration,en
food_auth_filter_coffee,500ml filter coffee,transliteration,en
food_auth_filter_coffee,fliter coffee,transliteration,en
food_auth_filter_coffee,filtttter coffee,transliteration,en
food_auth_filter_coffee,sugar free filter coffee,transliteration,en
food_auth_filter_coffee,filtre coffee,transliteration,en
food_auth_filter_coffee,filter cffee,transliteration,en
food_auth_filter_coffee,200ml filter coffee,transliteration,en
food_auth_filter_coffee,fitler coffee,transliteration,en
food_auth_filter_coffee,feelter coffee,transliteration,en
food_auth_filter_coffee,chilled filter coffee,transliteration,en
food_auth_filter_coffee,refreshing filter coffee,transliteration,en
food_auth_filter_coffee,filrer coffee,transliteration,en
food_auth_filter_coffee,filter cofefe,transliteration,en
food_auth_nimbu_pani,leembu panee,transliteration,en
food_auth_nimbu_pani,tran nimbupani,transliteration,en
food_auth_nimbu_pani,2 katori nimbu pani,transliteration,en
food_auth_nimbu_pani,limbuuuu pani,transliteration,en
food_auth_nimbu_pani,1 bowl nimbu pani,transliteration,en
food_auth_nimbu_pani,nimmmbu pani,transliteration,en
food_auth_nimbu_pani,nombu pani,transliteration,en
food_auth_nimbu_pani,nimbu pnai,transliteration,en
food_auth_nimbu_pani,strong kadak nimbu pani,transliteration,en
food_auth_nimbu_pani,limbu pannni,transliteration,en
food_auth_nimbu_pani,limbu apni,transliteration,en
food_auth_nimbu_pani,ilmbu pani,transliteration,en
food_auth_nimbu_pani,small bowl nimbu pani,transliteration,en
food_auth_nimbu_pani,nimb upani,transliteration,en
food_auth_nimbu_pani,2 bowls nimbu pani,transliteration,en
food_auth_nimbu_pani,150g nimbu pani,transliteration,en
food_auth_nimbu_pani,ek cup nimbu pani,transliteration,en
food_auth_nimbu_pani,liiiimbu pani,transliteration,en
food_auth_nimbu_pani,limboo pani,transliteration,en
food_auth_nimbu_pani,nimbup ani,transliteration,en
food_auth_nimbu_pani,ek glass limbu pani,transliteration,en
food_auth_nimbu_pani,nimboo pani,transliteration,en
food_auth_nimbu_pani,be vaati nimbu pani,transliteration,en
food_auth_nimbu_pani,ek cup limbu pani,transliteration,en
food_auth_nimbu_pani,nimbu pni,transliteration,en
food_auth_nimbu_pani,nnnnimbu pani,transliteration,en
food_auth_nimbu_pani,nimbu paaani,transliteration,en
food_auth_nimbu_pani,nimbu paaaani,transliteration,en
food_auth_nimbu_pani,nmibu pani,transliteration,en
food_auth_nimbu_pani,extra sweet nimbu pani,transliteration,en
food_auth_nimbu_pani,nimbu pano,transliteration,en
food_auth_nimbu_pani,limbu paniii,transliteration,en
food_auth_nimbu_pani,250ml nimbu pani,transliteration,en
food_auth_nimbu_pani,nimbu pannni,transliteration,en
food_auth_nimbu_pani,1 glass nimbu pani,transliteration,en
food_auth_nimbu_pani,panch nimbu pani,transliteration,en
food_auth_nimbu_pani,2 glasses nimbu pani,transliteration,en
food_auth_nimbu_pani,limbu pain,transliteration,en
food_auth_nimbu_pani,neembu panee,transliteration,en
food_auth_nimbu_pani,be nimbupani,transliteration,en
food_auth_nimbu_pani,inmbu pani,transliteration,en
food_auth_nimbu_pani,nnnimbu pani,transliteration,en
food_auth_nimbu_pani,nibmu pani,transliteration,en
food_auth_nimbu_pani,limbuuu pani,transliteration,en
food_auth_nimbu_pani,ek katori limbu pani,transliteration,en
food_auth_nimbu_pani,nimbuuu pani,transliteration,en
food_auth_nimbu_pani,limbu oani,transliteration,en
food_auth_nimbu_pani,bowl nimbupani,transliteration,en
food_auth_nimbu_pani,pitcher nimbu pani,transliteration,en
food_auth_nimbu_pani,libmu pani,transliteration,en
food_auth_nimbu_pani,1 cup nimbu pani,transliteration,en
food_auth_nimbu_pani,5 pieces nimbu pani,transliteration,en
food_auth_nimbu_pani,250g nimbu pani,transliteration,en
food_auth_nimbu_pani,limb upani,transliteration,en
food_auth_nimbu_pani,limbupani,transliteration,en
food_auth_nimbu_pani,nimbu pannnni,transliteration,en
food_auth_nimbu_pani,mimbu pani,transliteration,en
food_auth_nimbu_pani,limbu paani,transliteration,en
food_auth_nimbu_pani,tran limbu pani,transliteration,en
food_auth_nimbu_pani,limbu psni,transliteration,en
food_auth_nimbu_pani,be nimbu pani,transliteration,en
food_auth_nimbu_pani,limbu ani,transliteration,en
food_auth_nimbu_pani,1 nimbupani,transliteration,en
food_auth_nimbu_pani,nymbu pany,transliteration,en
food_auth_nimbu_pani,200g nimbu pani,transliteration,en
food_auth_nimbu_pani,nimub pani,transliteration,en
food_auth_nimbu_pani,3 pieces nimbu pani,transliteration,en
food_auth_nimbu_pani,limbu paniiii,transliteration,en
food_auth_nimbu_pani,limbu paaaani,transliteration,en
food_auth_nimbu_pani,1 katori nimbu pani,transliteration,en
food_auth_nimbu_pani,limub pani,transliteration,en
food_auth_nimbu_pani,ek vaati nimbu pani,transliteration,en
food_auth_nimbu_pani,limbu pai,transliteration,en
food_auth_nimbu_pani,100g nimbu pani,transliteration,en
food_auth_nimbu_pani,nibu pani,transliteration,en
food_auth_nimbu_pani,be limbu pani,transliteration,en
food_auth_nimbu_pani,teen nimbupani,transliteration,en
food_auth_nimbu_pani,nimbu paniii,transliteration,en
food_auth_nimbu_pani,limbhu pani,transliteration,en
food_auth_nimbu_pani,ek glass nimbu pani,transliteration,en
food_auth_nimbu_pani,glass nimbupani,transliteration,en
food_auth_nimbu_pani,lmbu pani,transliteration,en
food_auth_nimbu_pani,linbu pani,transliteration,en
food_auth_nimbu_pani,niiiimbu pani,transliteration,en
food_auth_nimbu_pani,do nimbupani,transliteration,en
food_auth_nimbu_pani,nimbhu pani,transliteration,en
food_auth_nimbu_pani,200ml nimbu pani,transliteration,en
food_auth_nimbu_pani,nimbu psni,transliteration,en
food_auth_nimbu_pani,limbu pano,transliteration,en
food_auth_nimbu_pani,nimmmmbu pani,transliteration,en
food_auth_nimbu_pani,nimu pani,transliteration,en
food_auth_nimbu_pani,1 piece nimbu pani,transliteration,en
food_auth_nimbu_pani,500ml nimbu pani,transliteration,en
food_auth_nimbu_pani,be vaati limbu pani,transliteration,en
food_auth_nimbu_pani,without sugar nimbu pani,transliteration,en
food_auth_nimbu_pani,limbu pannnni,transliteration,en
food_auth_nimbu_pani,sugar free nimbu pani,transliteration,en
food_auth_nimbu_pani,liiimbu pani,transliteration,en
food_auth_nimbu_pani,limbup ani,transliteration,en
food_auth_nimbu_pani,nimbu ani,transliteration,en
food_auth_nimbu_pani,nimbu oani,transliteration,en
food_auth_nimbu_pani,nimbupani,transliteration,en
food_auth_nimbu_pani,limmmbu pani,transliteration,en
food_auth_nimbu_pani,nimbu pain,transliteration,en
food_auth_nimbu_pani,2 cups nimbu pani,transliteration,en
food_auth_nimbu_pani,libu pani,transliteration,en
food_auth_nimbu_pani,lombu pani,transliteration,en
food_auth_nimbu_pani,niiimbu pani,transliteration,en
food_auth_nimbu_pani,2 nimbupani,transliteration,en
food_auth_nimbu_pani,nimbu apni,transliteration,en
food_auth_nimbu_pani,ek nimbu pani,transliteration,en
food_auth_nimbu_pani,50g nimbu pani,transliteration,en
food_auth_nimbu_pani,limu pani,transliteration,en
food_auth_nimbu_pani,4 pieces nimbu pani,transliteration,en
food_auth_nimbu_pani,big bowl nimbu pani,transliteration,en
food_auth_nimbu_pani,chilled nimbu pani,transliteration,en
food_auth_nimbu_pani,without ice nimbu pani,transliteration,en
food_auth_nimbu_pani,100ml nimbu pani,transliteration,en
food_auth_nimbu_pani,tran nimbu pani,transliteration,en
food_auth_nimbu_pani,lymbu pany,transliteration,en
food_auth_nimbu_pani,char nimbu pani,transliteration,en
food_auth_nimbu_pani,nimb pani,transliteration,en
food_auth_nimbu_pani,ninbu pani,transliteration,en
food_auth_nimbu_pani,limb pani,transliteration,en
food_auth_nimbu_pani,nimbu pai,transliteration,en
food_auth_nimbu_pani,500g nimbu pani,transliteration,en
food_auth_nimbu_pani,nimbu pami,transliteration,en
food_auth_nimbu_pani,hot nimbu pani,transliteration,en
food_auth_nimbu_pani,nimbuuuu pani,transliteration,en
food_auth_nimbu_pani,ek nimbupani,transliteration,en
food_auth_nimbu_pani,ek katori nimbu pani,transliteration,en
food_auth_nimbu_pani,ek vaati limbu pani,transliteration,en
food_auth_nimbu_pani,nimbu paniiii,transliteration,en
food_auth_nimbu_pani,nmbu pani,transliteration,en
food_auth_nimbu_pani,half glass nimbu pani,transliteration,en
food_auth_nimbu_pani,limbu pni,transliteration,en
food_auth_nimbu_pani,limbu paaani,transliteration,en
food_auth_nimbu_pani,ek limbu pani,transliteration,en
food_auth_nimbu_pani,2 pieces nimbu pani,transliteration,en
food_auth_nimbu_pani,3 nimbupani,transliteration,en
food_auth_nimbu_pani,lmibu pani,transliteration,en
food_auth_nimbu_pani,1 bottle nimbu pani,transliteration,en
food_auth_nimbu_pani,refreshing nimbu pani,transliteration,en
food_auth_nimbu_pani,limmmmbu pani,transliteration,en
food_auth_nimbu_pani,limbu pami,transliteration,en
food_auth_nimbu_pani,limbu pnai,transliteration,en
food_auth_badam_milk,badamm ilk,transliteration,en
food_auth_badam_milk,be vaati badam milk,transliteration,en
food_auth_badam_milk,1 cup badam milk,transliteration,en
food_auth_badam_milk,hot badam milk,transliteration,en
food_auth_badam_milk,2 glasses badam milk,transliteration,en
food_auth_badam_milk,sugar free badam milk,transliteration,en
food_auth_badam_milk,baadaam doodh,transliteration,en
food_auth_badam_milk,extra sweet badam milk,transliteration,en
food_auth_badam_milk,badma doodh,transliteration,en
food_auth_badam_milk,150g badam milk,transliteration,en
food_auth_badam_milk,badam dodoh,transliteration,en
food_auth_badam_milk,char badam milk,transliteration,en
food_auth_badam_milk,badam mmmmilk,transliteration,en
food_auth_badam_milk,badam mylk,transliteration,en
food_auth_badam_milk,badammm milk,transliteration,en
food_auth_badam_milk,ek glass badam doodh,transliteration,en
food_auth_badam_milk,badm milk,transliteration,en
food_auth_badam_milk,baadaam milk,transliteration,en
food_auth_badam_milk,ek vaati badam milk,transliteration,en
food_auth_badam_milk,badam mikl,transliteration,en
food_auth_badam_milk,2 katori badam milk,transliteration,en
food_auth_badam_milk,badam mmmilk,transliteration,en
food_auth_badam_milk,baam milk,transliteration,en
food_auth_badam_milk,ek katori badam milk,transliteration,en
food_auth_badam_milk,tran badam doodh,transliteration,en
food_auth_badam_milk,badam doodddh,transliteration,en
food_auth_badam_milk,badma milk,transliteration,en
food_auth_badam_milk,badammilk,transliteration,en
food_auth_badam_milk,badam mlik,transliteration,en
food_auth_badam_milk,badammmm milk,transliteration,en
food_auth_badam_milk,badam molk,transliteration,en
food_auth_badam_milk,badam mlk,transliteration,en
food_auth_badam_milk,be badammilk,transliteration,en
food_auth_badam_milk,100g badam milk,transliteration,en
food_auth_badam_milk,badam milj,transliteration,en
food_auth_badam_milk,bdaam doodh,transliteration,en
food_auth_badam_milk,bada mdoodh,transliteration,en
food_auth_badam_milk,badamd oodh,transliteration,en
food_auth_badam_milk,badam doosh,transliteration,en
food_auth_badam_milk,without sugar badam milk,transliteration,en
food_auth_badam_milk,badamdoodh,transliteration,en
food_auth_badam_milk,ek katori badam doodh,transliteration,en
food_auth_badam_milk,200g badam milk,transliteration,en
food_auth_badam_milk,abdam milk,transliteration,en
food_auth_badam_milk,2 bowls badam milk,transliteration,en
food_auth_badam_milk,badam mik,transliteration,en
food_auth_badam_milk,badddam doodh,transliteration,en
food_auth_badam_milk,badan milk,transliteration,en
food_auth_badam_milk,ek badammilk,transliteration,en
food_auth_badam_milk,badammm doodh,transliteration,en
food_auth_badam_milk,badam dooh,transliteration,en
food_auth_badam_milk,small bowl badam milk,transliteration,en
food_auth_badam_milk,1 katori badam milk,transliteration,en
food_auth_badam_milk,be vaati badam doodh,transliteration,en
food_auth_badam_milk,ek cup badam doodh,transliteration,en
food_auth_badam_milk,1 badammilk,transliteration,en
food_auth_badam_milk,3 pieces badam milk,transliteration,en
food_auth_badam_milk,badam miiiilk,transliteration,en
food_auth_badam_milk,tran badam milk,transliteration,en
food_auth_badam_milk,baam doodh,transliteration,en
food_auth_badam_milk,250g badam milk,transliteration,en
food_auth_badam_milk,without ice badam milk,transliteration,en
food_auth_badam_milk,badsm milk,transliteration,en
food_auth_badam_milk,badaaaam milk,transliteration,en
food_auth_badam_milk,badam dpodh,transliteration,en
food_auth_badam_milk,be badam doodh,transliteration,en
food_auth_badam_milk,badam dodh,transliteration,en
food_auth_badam_milk,pitcher badam milk,transliteration,en
food_auth_badam_milk,bdam doodh,transliteration,en
food_auth_badam_milk,250ml badam milk,transliteration,en
food_auth_badam_milk,badaaam doodh,transliteration,en
food_auth_badam_milk,2 cups badam milk,transliteration,en
food_auth_badam_milk,badam ddddoodh,transliteration,en
food_auth_badam_milk,500ml badam milk,transliteration,en
food_auth_badam_milk,5 pieces badam milk,transliteration,en
food_auth_badam_milk,chilled badam milk,transliteration,en
food_auth_badam_milk,teen badammilk,transliteration,en
food_auth_badam_milk,badam miiilk,transliteration,en
food_auth_badam_milk,baddddam milk,transliteration,en
food_auth_badam_milk,2 badammilk,transliteration,en
food_auth_badam_milk,badam nilk,transliteration,en
food_auth_badam_milk,basam milk,transliteration,en
food_auth_badam_milk,badam dooddddh,transliteration,en
food_auth_badam_milk,badam dood,transliteration,en
food_auth_badam_milk,baadm milk,transliteration,en
food_auth_badam_milk,bsdam doodh,transliteration,en
food_auth_badam_milk,abdam doodh,transliteration,en
food_auth_badam_milk,baaaadam milk,transliteration,en
food_auth_badam_milk,badam dddoodh,transliteration,en
food_auth_badam_milk,bsdam milk,transliteration,en
food_auth_badam_milk,200ml badam milk,transliteration,en
food_auth_badam_milk,badam ilk,transliteration,en
food_auth_badam_milk,ek badam doodh,transliteration,en
food_auth_badam_milk,baaadam doodh,transliteration,en
food_auth_badam_milk,badsm doodh,transliteration,en
food_auth_badam_milk,bowl badammilk,transliteration,en
food_auth_badam_milk,50g badam milk,transliteration,en
food_auth_badam_milk,badam dopdh,transliteration,en
food_auth_badam_milk,baaadam milk,transliteration,en
food_auth_badam_milk,baadm doodh,transliteration,en
food_auth_badam_milk,refreshing badam milk,transliteration,en
food_auth_badam_milk,1 piece badam milk,transliteration,en
food_auth_badam_milk,tran badammilk,transliteration,en
food_auth_badam_milk,bada doodh,transliteration,en
food_auth_badam_milk,badham dhoodhh,transliteration,en
food_auth_badam_milk,glass badammilk,transliteration,en
food_auth_badam_milk,badammmm doodh,transliteration,en
food_auth_badam_milk,bada mmilk,transliteration,en
food_auth_badam_milk,badm doodh,transliteration,en
food_auth_badam_milk,ek vaati badam doodh,transliteration,en
food_auth_badam_milk,badham milk,transliteration,en
food_auth_badam_milk,panch badam milk,transliteration,en
food_auth_badam_milk,1 glass badam milk,transliteration,en
food_auth_badam_milk,bdam milk,transliteration,en
food_auth_badam_milk,badam soodh,transliteration,en
food_auth_badam_milk,2 pieces badam milk,transliteration,en
food_auth_badam_milk,ek glass badam milk,transliteration,en
food_auth_badam_milk,badaaaam doodh,transliteration,en
food_auth_badam_milk,basam doodh,transliteration,en
food_auth_badam_milk,baaaadam doodh,transliteration,en
food_auth_badam_milk,do badammilk,transliteration,en
food_auth_badam_milk,bada milk,transliteration,en
food_auth_badam_milk,3 badammilk,transliteration,en
food_auth_badam_milk,strong kadak badam milk,transliteration,en
food_auth_badam_milk,badam milkh,transliteration,en
food_auth_badam_milk,badam imlk,transliteration,en
food_auth_badam_milk,1 bowl badam milk,transliteration,en
food_auth_badam_milk,500g badam milk,transliteration,en
food_auth_badam_milk,baddddam doodh,transliteration,en
food_auth_badam_milk,badam oodh,transliteration,en
food_auth_badam_milk,1 bottle badam milk,transliteration,en
food_auth_badam_milk,be badam milk,transliteration,en
food_auth_badam_milk,badam ododh,transliteration,en
food_auth_badam_milk,badaaam milk,transliteration,en
food_auth_badam_milk,ek badam milk,transliteration,en
food_auth_badam_milk,4 pieces badam milk,transliteration,en
food_auth_badam_milk,ek cup badam milk,transliteration,en
food_auth_badam_milk,100ml badam milk,transliteration,en
food_auth_badam_milk,half glass badam milk,transliteration,en
food_auth_badam_milk,badddam milk,transliteration,en
food_auth_badam_milk,badam meelk,transliteration,en
food_auth_badam_milk,badam doohd,transliteration,en
food_auth_badam_milk,badan doodh,transliteration,en
food_auth_badam_milk,bdaam milk,transliteration,en
food_auth_badam_milk,badam doooodh,transliteration,en
food_auth_badam_milk,big bowl badam milk,transliteration,en
food_auth_badam_milk,badam dooooodh,transliteration,en
food_auth_badam_milk,badam dudh,transliteration,en
food_auth_sugarcane_juice,ganne ks ras,transliteration,en
food_auth_sugarcane_juice,sssherdi no ras,transliteration,en
food_auth_sugarcane_juice,sherrrdi no ras,transliteration,en
food_auth_sugarcane_juice,sherdi no as,transliteration,en
food_auth_sugarcane_juice,ganne kar as,transliteration,en
food_auth_sugarcane_juice,sugaaaarcane juice,transliteration,en
food_auth_sugarcane_juice,gannek a ras,transliteration,en
food_auth_sugarcane_juice,sherdi nooo ras,transliteration,en
food_auth_sugarcane_juice,gnne ka ras,transliteration,en
food_auth_sugarcane_juice,ssssugarcane juice,transliteration,en
food_auth_sugarcane_juice,gaaaanne ka ras,transliteration,en
food_auth_sugarcane_juice,ganme ka ras,transliteration,en
food_auth_sugarcane_juice,sherdi no raa,transliteration,en
food_auth_sugarcane_juice,sherdi n oras,transliteration,en
food_auth_sugarcane_juice,1 glass sugarcane juice,transliteration,en
food_auth_sugarcane_juice,sugarcannne juice,transliteration,en
food_auth_sugarcane_juice,sugarcannnne juice,transliteration,en
food_auth_sugarcane_juice,suarcane juice,transliteration,en
food_auth_sugarcane_juice,ganne ka raaaas,transliteration,en
food_auth_sugarcane_juice,sherdiiii no ras,transliteration,en
food_auth_sugarcane_juice,150g sugarcane juice,transliteration,en
food_auth_sugarcane_juice,sherdi no rsa,transliteration,en
food_auth_sugarcane_juice,sugarcanej uice,transliteration,en
food_auth_sugarcane_juice,tran sherdi no ras,transliteration,en
food_auth_sugarcane_juice,sugarcane uice,transliteration,en
food_auth_sugarcane_juice,50g sugarcane juice,transliteration,en
food_auth_sugarcane_juice,250ml sugarcane juice,transliteration,en
food_auth_sugarcane_juice,ssssherdi no ras,transliteration,en
food_auth_sugarcane_juice,sherdi noooo ras,transliteration,en
food_auth_sugarcane_juice,tran sugarcane juice,transliteration,en
food_auth_sugarcane_juice,sugrcane juice,transliteration,en
food_auth_sugarcane_juice,2 glasses sugarcane juice,transliteration,en
food_auth_sugarcane_juice,ganne ka rassss,transliteration,en
food_auth_sugarcane_juice,sherdee no ras,transliteration,en
food_auth_sugarcane_juice,sherid no ras,transliteration,en
food_auth_sugarcane_juice,250g sugarcane juice,transliteration,en
food_auth_sugarcane_juice,ek vaati sugarcane juice,transliteration,en
food_auth_sugarcane_juice,ganne a ras,transliteration,en
food_auth_sugarcane_juice,ganneka ras,transliteration,en
food_auth_sugarcane_juice,shugarcane juice,transliteration,en
food_auth_sugarcane_juice,sugarcane juiceeee,transliteration,en
food_auth_sugarcane_juice,sherdi no tas,transliteration,en
food_auth_sugarcane_juice,gann ka ras,transliteration,en
food_auth_sugarcane_juice,ganne ak ras,transliteration,en
food_auth_sugarcane_juice,sugaaarcane juice,transliteration,en
food_auth_sugarcane_juice,sguarcane juice,transliteration,en
food_auth_sugarcane_juice,suuuugarcane juice,transliteration,en
food_auth_sugarcane_juice,sherdi no ars,transliteration,en
food_auth_sugarcane_juice,sheeerdi no ras,transliteration,en
food_auth_sugarcane_juice,ganne ka rrras,transliteration,en
food_auth_sugarcane_juice,2 bowls sugarcane juice,transliteration,en
food_auth_sugarcane_juice,sherdi no raas,transliteration,en
food_auth_sugarcane_juice,pitcher sugarcane juice,transliteration,en
food_auth_sugarcane_juice,shetdi no ras,transliteration,en
food_auth_sugarcane_juice,sherdy no ras,transliteration,en
food_auth_sugarcane_juice,200g sugarcane juice,transliteration,en
food_auth_sugarcane_juice,sugarcsne juice,transliteration,en
food_auth_sugarcane_juice,ganne ka raaas,transliteration,en
food_auth_sugarcane_juice,panch sugarcane juice,transliteration,en
food_auth_sugarcane_juice,sherdi o ras,transliteration,en
food_auth_sugarcane_juice,serdi no ras,transliteration,en
food_auth_sugarcane_juice,ek katori sugarcane juice,transliteration,en
food_auth_sugarcane_juice,sherrrrdi no ras,transliteration,en
food_auth_sugarcane_juice,sherdi np ras,transliteration,en
food_auth_sugarcane_juice,200ml sugarcane juice,transliteration,en
food_auth_sugarcane_juice,be vaati sugarcane juice,transliteration,en
food_auth_sugarcane_juice,refreshing sugarcane juice,transliteration,en
food_auth_sugarcane_juice,sugarcan ejuice,transliteration,en
food_auth_sugarcane_juice,sugracane juice,transliteration,en
food_auth_sugarcane_juice,sugarcae juice,transliteration,en
food_auth_sugarcane_juice,ganne ka rash,transliteration,en
food_auth_sugarcane_juice,4 pieces sugarcane juice,transliteration,en
food_auth_sugarcane_juice,sherdi on ras,transliteration,en
food_auth_sugarcane_juice,sugarcane juiceee,transliteration,en
food_auth_sugarcane_juice,gaanne kaa raas,transliteration,en
food_auth_sugarcane_juice,sugarcaneeee juice,transliteration,en
food_auth_sugarcane_juice,extra sweet sugarcane juice,transliteration,en
food_auth_sugarcane_juice,ganne ka ars,transliteration,en
food_auth_sugarcane_juice,ganneeee ka ras,transliteration,en
food_auth_sugarcane_juice,agnne ka ras,transliteration,en
food_auth_sugarcane_juice,sheeeerdi no ras,transliteration,en
food_auth_sugarcane_juice,suuugarcane juice,transliteration,en
food_auth_sugarcane_juice,sugacrane juice,transliteration,en
food_auth_sugarcane_juice,sugarcane juiiice,transliteration,en
food_auth_sugarcane_juice,sherdino ras,transliteration,en
food_auth_sugarcane_juice,sherdi mo ras,transliteration,en
food_auth_sugarcane_juice,sssugarcane juice,transliteration,en
food_auth_sugarcane_juice,strong kadak sugarcane juice,transliteration,en
food_auth_sugarcane_juice,sherdi no rasss,transliteration,en
food_auth_sugarcane_juice,ganneee ka ras,transliteration,en
food_auth_sugarcane_juice,sugarcan juice,transliteration,en
food_auth_sugarcane_juice,gannw ka ras,transliteration,en
food_auth_sugarcane_juice,sugarrrrcane juice,transliteration,en
food_auth_sugarcane_juice,sugarcaaaane juice,transliteration,en
food_auth_sugarcane_juice,sugarcame juice,transliteration,en
food_auth_sugarcane_juice,sherdi n ras,transliteration,en
food_auth_sugarcane_juice,sugar free sugarcane juice,transliteration,en
food_auth_sugarcane_juice,3 pieces sugarcane juice,transliteration,en
food_auth_sugarcane_juice,sugarcane ujice,transliteration,en
food_auth_sugarcane_juice,sugarane juice,transliteration,en
food_auth_sugarcane_juice,sugarcane jucie,transliteration,en
food_auth_sugarcane_juice,sherdi no rss,transliteration,en
food_auth_sugarcane_juice,sugarcane juiiiice,transliteration,en
food_auth_sugarcane_juice,augarcane juice,transliteration,en
food_auth_sugarcane_juice,100ml sugarcane juice,transliteration,en
food_auth_sugarcane_juice,sugarcane juoce,transliteration,en
food_auth_sugarcane_juice,sherd no ras,transliteration,en
food_auth_sugarcane_juice,small bowl sugarcane juice,transliteration,en
food_auth_sugarcane_juice,sehrdi no ras,transliteration,en
food_auth_sugarcane_juice,ganne kaaaa ras,transliteration,en
food_auth_sugarcane_juice,100g sugarcane juice,transliteration,en
food_auth_sugarcane_juice,2 cups sugarcane juice,transliteration,en
food_auth_sugarcane_juice,aherdi no ras,transliteration,en
food_auth_sugarcane_juice,ganne kaaa ras,transliteration,en
food_auth_sugarcane_juice,sherddddi no ras,transliteration,en
food_auth_sugarcane_juice,1 bottle sugarcane juice,transliteration,en
food_auth_sugarcane_juice,sherdiii no ras,transliteration,en
food_auth_sugarcane_juice,sugarcnae juice,transliteration,en
food_auth_sugarcane_juice,ganne ja ras,transliteration,en
food_auth_sugarcane_juice,500g sugarcane juice,transliteration,en
food_auth_sugarcane_juice,sherdddi no ras,transliteration,en
food_auth_sugarcane_juice,sugarcanw juice,transliteration,en
food_auth_sugarcane_juice,sugarcanejuice,transliteration,en
food_auth_sugarcane_juice,without ice sugarcane juice,transliteration,en
food_auth_sugarcane_juice,sugarcane juicw,transliteration,en
food_auth_sugarcane_juice,sugarcane juiec,transliteration,en
food_auth_sugarcane_juice,gannnnne ka ras,transliteration,en
food_auth_sugarcane_juice,ganne karas,transliteration,en
food_auth_sugarcane_juice,1 piece sugarcane juice,transliteration,en
food_auth_sugarcane_juice,sugarcane jueece,transliteration,en
food_auth_sugarcane_juice,sherdo no ras,transliteration,en
food_auth_sugarcane_juice,500ml sugarcane juice,transliteration,en
food_auth_sugarcane_juice,ek sherdi no ras,transliteration,en
food_auth_sugarcane_juice,shersi no ras,transliteration,en
food_auth_sugarcane_juice,char sugarcane juice,transliteration,en
food_auth_sugarcane_juice,sugarcane juyce,transliteration,en
food_auth_sugarcane_juice,sherdhi no ras,transliteration,en
food_auth_sugarcane_juice,sugarcane juuuice,transliteration,en
food_auth_sugarcane_juice,sugarcne juice,transliteration,en
food_auth_sugarcane_juice,sherdi no rrras,transliteration,en
food_auth_sugarcane_juice,sherd ino ras,transliteration,en
food_auth_sugarcane_juice,ganen ka ras,transliteration,en
food_auth_sugarcane_juice,half glass sugarcane juice,transliteration,en
food_auth_sugarcane_juice,1 katori sugarcane juice,transliteration,en
food_auth_sugarcane_juice,sugarcane juuuuice,transliteration,en
food_auth_sugarcane_juice,usgarcane juice,transliteration,en
food_auth_sugarcane_juice,suagrcane juice,transliteration,en
food_auth_sugarcane_juice,sherdi nnno ras,transliteration,en
food_auth_sugarcane_juice,sherdi no raaas,transliteration,en
food_auth_sugarcane_juice,shherdi no rash,transliteration,en
food_auth_sugarcane_juice,sugarcane jiuce,transliteration,en
food_auth_sugarcane_juice,gamne ka ras,transliteration,en
food_auth_sugarcane_juice,ganne ka raa,transliteration,en
food_auth_sugarcane_juice,big bowl sugarcane juice,transliteration,en
food_auth_sugarcane_juice,sherdi no rassss,transliteration,en
food_auth_sugarcane_juice,ganne ka as,transliteration,en
food_auth_sugarcane_juice,shedi no ras,transliteration,en
food_auth_sugarcane_juice,sherdin o ras,transliteration,en
food_auth_sugarcane_juice,chilled sugarcane juice,transliteration,en
food_auth_sugarcane_juice,shredi no ras,transliteration,en
food_auth_sugarcane_juice,ganne k aras,transliteration,en
food_auth_sugarcane_juice,ganne k ras,transliteration,en
food_auth_sugarcane_juice,sugatcane juice,transliteration,en
food_auth_sugarcane_juice,sheri no ras,transliteration,en
food_auth_sugarcane_juice,ganne ka rasss,transliteration,en
food_auth_sugarcane_juice,sugarcane juce,transliteration,en
food_auth_sugarcane_juice,ganne ka tas,transliteration,en
food_auth_sugarcane_juice,sugarrrcane juice,transliteration,en
food_auth_sugarcane_juice,ek sugarcane juice,transliteration,en
food_auth_sugarcane_juice,sherdi no rrrras,transliteration,en
food_auth_sugarcane_juice,sherdi no raaaas,transliteration,en
food_auth_sugarcane_juice,gnane ka ras,transliteration,en
food_auth_sugarcane_juice,be sugarcane juice,transliteration,en
food_auth_sugarcane_juice,ganne ka rs,transliteration,en
food_auth_sugarcane_juice,be sherdi no ras,transliteration,en
food_auth_sugarcane_juice,hserdi no ras,transliteration,en
food_auth_sugarcane_juice,sugsrcane juice,transliteration,en
food_auth_sugarcane_juice,sherdi noras,transliteration,en
food_auth_sugarcane_juice,sgarcane juice,transliteration,en
food_auth_sugarcane_juice,sugarcane juie,transliteration,en
food_auth_sugarcane_juice,sugarcaaane juice,transliteration,en
food_auth_sugarcane_juice,gsnne ka ras,transliteration,en
food_auth_sugarcane_juice,ek glass sugarcane juice,transliteration,en
food_auth_sugarcane_juice,sugaracne juice,transliteration,en
food_auth_sugarcane_juice,5 pieces sugarcane juice,transliteration,en
food_auth_sugarcane_juice,sugarcane jice,transliteration,en
food_auth_sugarcane_juice,ganne kha ras,transliteration,en
food_auth_sugarcane_juice,1 cup sugarcane juice,transliteration,en
food_auth_sugarcane_juice,2 katori sugarcane juice,transliteration,en
food_auth_sugarcane_juice,shwrdi no ras,transliteration,en
food_auth_sugarcane_juice,sugarcaen juice,transliteration,en
food_auth_sugarcane_juice,soogarcane jooice,transliteration,en
food_auth_sugarcane_juice,hot sugarcane juice,transliteration,en
food_auth_sugarcane_juice,sherdi no rs,transliteration,en
food_auth_sugarcane_juice,sugarcaneee juice,transliteration,en
food_auth_sugarcane_juice,gannnne ka ras,transliteration,en
food_auth_sugarcane_juice,2 pieces sugarcane juice,transliteration,en
food_auth_sugarcane_juice,gaaanne ka ras,transliteration,en
food_auth_sugarcane_juice,sugaarcaane juice,transliteration,en
food_auth_sugarcane_juice,sherdi nnnno ras,transliteration,en
food_auth_sugarcane_juice,without sugar sugarcane juice,transliteration,en
food_auth_sugarcane_juice,1 bowl sugarcane juice,transliteration,en
food_auth_sugarcane_juice,sherdi nor as,transliteration,en
food_auth_sugarcane_juice,ganne ka rsa,transliteration,en
food_auth_sugarcane_juice,shrdi no ras,transliteration,en
food_auth_sugarcane_juice,gann eka ras,transliteration,en
food_auth_sugarcane_juice,gane ka ras,transliteration,en
food_auth_sugarcane_juice,sugacane juice,transliteration,en
food_auth_sugarcane_juice,ganne ka rss,transliteration,en
food_auth_sugarcane_juice,shedri no ras,transliteration,en
food_auth_sugarcane_juice,ek cup sugarcane juice,transliteration,en
food_auth_sugarcane_juice,ganne ka rrrras,transliteration,en
food_auth_jaljeera,jaljewra,transliteration,en
food_auth_jaljeera,jaljira,colloquial_alias,en
food_auth_jaljeera,2 katori jaljeera,transliteration,en
food_auth_jaljeera,half glass jaljeera,transliteration,en
food_auth_jaljeera,jaleera,transliteration,en
food_auth_jaljeera,5 pieces jaljeera,transliteration,en
food_auth_jaljeera,100ml jaljeera,transliteration,en
food_auth_jaljeera,big bowl jaljeera,transliteration,en
food_auth_jaljeera,250g jaljeera,transliteration,en
food_auth_jaljeera,with less ice jaljeera,transliteration,en
food_auth_jaljeera,panch jaljeera,transliteration,en
food_auth_jaljeera,be vaati jaljeera,transliteration,en
food_auth_jaljeera,sugar free jaljeera,transliteration,en
food_auth_jaljeera,jaljeerrra,transliteration,en
food_auth_jaljeera,50g jaljeera,transliteration,en
food_auth_jaljeera,be jaljeera,transliteration,en
food_auth_jaljeera,jaljerea,transliteration,en
food_auth_jaljeera,jajeera,transliteration,en
food_auth_jaljeera,jaljeeeera,transliteration,en
food_auth_jaljeera,4 pieces jaljeera,transliteration,en
food_auth_jaljeera,jljeera,transliteration,en
food_auth_jaljeera,1 piece jaljeera,transliteration,en
food_auth_jaljeera,jsljeera,transliteration,en
food_auth_jaljeera,refreshing jaljeera,transliteration,en
food_auth_jaljeera,jaljeea,transliteration,en
food_auth_jaljeera,jajleera,transliteration,en
food_auth_jaljeera,250ml jaljeera,transliteration,en
food_auth_jaljeera,char jaljeera,transliteration,en
food_auth_jaljeera,jaljeeta,transliteration,en
food_auth_jaljeera,1 cup jaljeera,transliteration,en
food_auth_jaljeera,1 bottle jaljeera,transliteration,en
food_auth_jaljeera,100g jaljeera,transliteration,en
food_auth_jaljeera,strong kadak jaljeera,transliteration,en
food_auth_jaljeera,jaaaljeera,transliteration,en
food_auth_jaljeera,jaljeeeeera,transliteration,en
food_auth_jaljeera,without ice jaljeera,transliteration,en
food_auth_jaljeera,jaljeerrrra,transliteration,en
food_auth_jaljeera,jaljeers,transliteration,en
food_auth_jaljeera,ek cup jaljeera,transliteration,en
food_auth_jaljeera,ek vaati jaljeera,transliteration,en
food_auth_jaljeera,200ml jaljeera,transliteration,en
food_auth_jaljeera,500ml jaljeera,transliteration,en
food_auth_jaljeera,1 bowl jaljeera,transliteration,en
food_auth_jaljeera,500g jaljeera,transliteration,en
food_auth_jaljeera,hot jaljeera,transliteration,en
food_auth_jaljeera,2 pieces jaljeera,transliteration,en
food_auth_jaljeera,jaaaaljeera,transliteration,en
food_auth_jaljeera,1 katori jaljeera,transliteration,en
food_auth_jaljeera,200g jaljeera,transliteration,en
food_auth_jaljeera,jaljeear,transliteration,en
food_auth_jaljeera,jaljeeraaa,transliteration,en
food_auth_jaljeera,2 cups jaljeera,transliteration,en
food_auth_jaljeera,ek glass jaljeera,transliteration,en
food_auth_jaljeera,chilled jaljeera,transliteration,en
food_auth_jaljeera,jaljeeraaaa,transliteration,en
food_auth_jaljeera,jalejera,transliteration,en
food_auth_jaljeera,jlajeera,transliteration,en
food_auth_jaljeera,ajljeera,transliteration,en
food_auth_jaljeera,small bowl jaljeera,transliteration,en
food_auth_jaljeera,2 bowls jaljeera,transliteration,en
food_auth_jaljeera,2 glasses jaljeera,transliteration,en
food_auth_jaljeera,ek katori jaljeera,transliteration,en
food_auth_jaljeera,jaljera,transliteration,en
food_auth_jaljeera,1 glass jaljeera,transliteration,en
food_auth_jaljeera,without sugar jaljeera,transliteration,en
food_auth_jaljeera,3 pieces jaljeera,transliteration,en
food_auth_jaljeera,tran jaljeera,transliteration,en
food_auth_jaljeera,150g jaljeera,transliteration,en
food_auth_jaljeera,jaaljeeraa,transliteration,en
food_auth_jaljeera,jaljwera,transliteration,en
food_auth_jaljeera,extra sweet jaljeera,transliteration,en
food_auth_jaljeera,pitcher jaljeera,transliteration,en
food_auth_jaljeera,ek jaljeera,transliteration,en
food_0f887ff8,1 glass thandai,transliteration,en
food_0f887ff8,2 pieces thandai,transliteration,en
food_0f887ff8,half glass thandai,transliteration,en
food_0f887ff8,100g thandai,transliteration,en
food_0f887ff8,without ice thandai,transliteration,en
food_0f887ff8,thanddddai,transliteration,en
food_0f887ff8,extra sweet thandai,transliteration,en
food_0f887ff8,thamdai,transliteration,en
food_0f887ff8,4 pieces thandai,transliteration,en
food_0f887ff8,1 bottle thandai,transliteration,en
food_0f887ff8,tandai,transliteration,en
food_0f887ff8,500g thandai,transliteration,en
food_0f887ff8,refreshing thandai,transliteration,en
food_0f887ff8,thandaaai,transliteration,en
food_0f887ff8,thnadai,transliteration,en
food_0f887ff8,1 bowl thandai,transliteration,en
food_0f887ff8,rhandai,transliteration,en
food_0f887ff8,thandddai,transliteration,en
food_0f887ff8,thandaiiii,transliteration,en
food_0f887ff8,tahndai,transliteration,en
food_0f887ff8,thandi,transliteration,en
food_0f887ff8,be vaati thandai,transliteration,en
food_0f887ff8,2 glasses thandai,transliteration,en
food_0f887ff8,200ml thandai,transliteration,en
food_0f887ff8,thanai,transliteration,en
food_0f887ff8,pitcher thandai,transliteration,en
food_0f887ff8,small bowl thandai,transliteration,en
food_0f887ff8,ek glass thandai,transliteration,en
food_0f887ff8,tran thandai,transliteration,en
food_0f887ff8,thaaandai,transliteration,en
food_0f887ff8,thandao,transliteration,en
food_0f887ff8,50g thandai,transliteration,en
food_0f887ff8,ttthandai,transliteration,en
food_0f887ff8,thanday,transliteration,en
food_0f887ff8,hot thandai,transliteration,en
food_0f887ff8,htandai,transliteration,en
food_0f887ff8,3 pieces thandai,transliteration,en
food_0f887ff8,ek vaati thandai,transliteration,en
food_0f887ff8,with less ice thandai,transliteration,en
food_0f887ff8,500ml thandai,transliteration,en
food_0f887ff8,2 cups thandai,transliteration,en
food_0f887ff8,thannndai,transliteration,en
food_0f887ff8,thaaaandai,transliteration,en
food_0f887ff8,thandaaaai,transliteration,en
food_0f887ff8,250ml thandai,transliteration,en
food_0f887ff8,thannnndai,transliteration,en
food_0f887ff8,thanadi,transliteration,en
food_0f887ff8,thhandai,transliteration,en
food_0f887ff8,tttthandai,transliteration,en
food_0f887ff8,char thandai,transliteration,en
food_0f887ff8,ek cup thandai,transliteration,en
food_0f887ff8,2 katori thandai,transliteration,en
food_0f887ff8,thaandaai,transliteration,en
food_0f887ff8,big bowl thandai,transliteration,en
food_0f887ff8,thandia,transliteration,en
food_0f887ff8,1 piece thandai,transliteration,en
food_0f887ff8,thandaee,transliteration,en
food_0f887ff8,thsndai,transliteration,en
food_0f887ff8,1 cup thandai,transliteration,en
food_0f887ff8,thandaiii,transliteration,en
food_0f887ff8,250g thandai,transliteration,en
food_0f887ff8,thandsi,transliteration,en
food_0f887ff8,1 katori thandai,transliteration,en
food_0f887ff8,without sugar thandai,transliteration,en
food_0f887ff8,150g thandai,transliteration,en
food_0f887ff8,200g thandai,transliteration,en
food_0f887ff8,thndai,transliteration,en
food_0f887ff8,thansai,transliteration,en
food_0f887ff8,2 bowls thandai,transliteration,en
food_0f887ff8,sugar free thandai,transliteration,en
food_0f887ff8,be thandai,transliteration,en
food_0f887ff8,5 pieces thandai,transliteration,en
food_0f887ff8,ek katori thandai,transliteration,en
food_0f887ff8,strong kadak thandai,transliteration,en
food_0f887ff8,panch thandai,transliteration,en
food_0f887ff8,ek thandai,transliteration,en
food_0f887ff8,100ml thandai,transliteration,en
food_0f887ff8,chilled thandai,transliteration,en
food_0f887ff8,thandhai,transliteration,en
food_98e5defa,gulabh jamun,transliteration,en
food_98e5defa,1 piece gulab jamun,transliteration,en
food_98e5defa,gulab jaaamun,transliteration,en
food_98e5defa,1 bowl gulab jamun,transliteration,en
food_98e5defa,4 pieces gulab jamun,transliteration,en
food_98e5defa,glab jambu,transliteration,en
food_98e5defa,gluab jambu,transliteration,en
food_98e5defa,gulb jambu,transliteration,en
food_98e5defa,panch gulab jamun,transliteration,en
food_98e5defa,gulsb jambu,transliteration,en
food_98e5defa,gulab jamuuuun,transliteration,en
food_98e5defa,50g gulab jamun,transliteration,en
food_98e5defa,ek glass gulab jambu,transliteration,en
food_98e5defa,char gulab jamun,transliteration,en
food_98e5defa,gulab janun,transliteration,en
food_98e5defa,gulabh jambhu,transliteration,en
food_98e5defa,gulab jamum,transliteration,en
food_98e5defa,big bowl gulab jamun,transliteration,en
food_98e5defa,500ml gulab jamun,transliteration,en
food_98e5defa,gulab jaaaambu,transliteration,en
food_98e5defa,gula bjambu,transliteration,en
food_98e5defa,be gulab jamun,transliteration,en
food_98e5defa,gula jambu,transliteration,en
food_98e5defa,guuulab jamun,transliteration,en
food_98e5defa,gulab jmaun,transliteration,en
food_98e5defa,guab jambu,transliteration,en
food_98e5defa,half glass gulab jamun,transliteration,en
food_98e5defa,gulaaaab jamun,transliteration,en
food_98e5defa,ek gulab jamun,transliteration,en
food_98e5defa,be vaati gulab jambu,transliteration,en
food_98e5defa,gulaaab jamun,transliteration,en
food_98e5defa,uglab jamun,transliteration,en
food_98e5defa,ek glass gulab jamun,transliteration,en
food_98e5defa,gulab jaumn,transliteration,en
food_98e5defa,gulaab jaambu,transliteration,en
food_98e5defa,2 pieces gulab jamun,transliteration,en
food_98e5defa,ek vaati gulab jamun,transliteration,en
food_98e5defa,gulab jamnu,transliteration,en
food_98e5defa,gulab jamuuun,transliteration,en
food_98e5defa,250g gulab jamun,transliteration,en
food_98e5defa,ek cup gulab jamun,transliteration,en
food_98e5defa,goolab jamboo,transliteration,en
food_98e5defa,small bowl gulab jamun,transliteration,en
food_98e5defa,tran gulab jambu,transliteration,en
food_98e5defa,100g gulab jamun,transliteration,en
food_98e5defa,2 glasses gulab jamun,transliteration,en
food_98e5defa,gulaaab jambu,transliteration,en
food_98e5defa,gulab amun,transliteration,en
food_98e5defa,gulab jsmun,transliteration,en
food_98e5defa,500g gulab jamun,transliteration,en
food_98e5defa,goolab jamoon,transliteration,en
food_98e5defa,gulaaaab jambu,transliteration,en
food_98e5defa,1 katori gulab jamun,transliteration,en
food_98e5defa,ek vaati gulab jambu,transliteration,en
food_98e5defa,gulab jamunnnn,transliteration,en
food_98e5defa,200ml gulab jamun,transliteration,en
food_98e5defa,ek gulab jambu,transliteration,en
food_98e5defa,1 cup gulab jamun,transliteration,en
food_98e5defa,gulaab jaamun,transliteration,en
food_98e5defa,ek cup gulab jambu,transliteration,en
food_98e5defa,gulba jamun,transliteration,en
food_98e5defa,3 pieces gulab jamun,transliteration,en
food_98e5defa,gulab jamn,transliteration,en
food_98e5defa,be vaati gulab jamun,transliteration,en
food_98e5defa,gulab jambuuu,transliteration,en
food_98e5defa,150g gulab jamun,transliteration,en
food_98e5defa,100ml gulab jamun,transliteration,en
food_98e5defa,gulabjambu,transliteration,en
food_98e5defa,guuulab jambu,transliteration,en
food_98e5defa,5 pieces gulab jamun,transliteration,en
food_98e5defa,gulb jamun,transliteration,en
food_98e5defa,guab jamun,transliteration,en
food_98e5defa,gulab ajmun,transliteration,en
food_98e5defa,gulab ambu,transliteration,en
food_98e5defa,gualb jambu,transliteration,en
food_98e5defa,gulab ajmbu,transliteration,en
food_98e5defa,ek katori gulab jambu,transliteration,en
food_98e5defa,be gulab jambu,transliteration,en
food_98e5defa,tran gulab jamun,transliteration,en
food_98e5defa,ek katori gulab jamun,transliteration,en
food_98e5defa,gulab jaaaamun,transliteration,en
food_98e5defa,1 glass gulab jamun,transliteration,en
food_98e5defa,gula jamun,transliteration,en
food_98e5defa,gulab jmbu,transliteration,en
food_98e5defa,gulab jamub,transliteration,en
food_98e5defa,gula bjamun,transliteration,en
food_98e5defa,gulab jaaambu,transliteration,en
food_98e5defa,gulab jsmbu,transliteration,en
food_98e5defa,250ml gulab jamun,transliteration,en
food_98e5defa,2 bowls gulab jamun,transliteration,en
food_98e5defa,gualb jamun,transliteration,en
food_98e5defa,gulab jammmmun,transliteration,en
food_98e5defa,gulab jammmmbu,transliteration,en
food_98e5defa,2 cups gulab jamun,transliteration,en
food_98e5defa,gulab jambuuuu,transliteration,en
food_98e5defa,gulab jamu,transliteration,en
food_98e5defa,2 katori gulab jamun,transliteration,en
food_98e5defa,gulba jambu,transliteration,en
food_98e5defa,gulab jammmun,transliteration,en
food_98e5defa,gulabjamun,transliteration,en
food_98e5defa,guuuulab jamun,transliteration,en
food_98e5defa,gulab jmun,transliteration,en
food_98e5defa,gulabj ambu,transliteration,en
food_98e5defa,gulab jaun,transliteration,en
food_98e5defa,gulab jabu,transliteration,en
food_98e5defa,guuuulab jambu,transliteration,en
food_98e5defa,gulab jabmu,transliteration,en
food_98e5defa,uglab jambu,transliteration,en
food_98e5defa,gulsb jamun,transliteration,en
food_98e5defa,gluab jamun,transliteration,en
food_98e5defa,glab jamun,transliteration,en
food_98e5defa,gulab jmabu,transliteration,en
food_98e5defa,200g gulab jamun,transliteration,en
food_98e5defa,gulabj amun,transliteration,en
food_98e5defa,gulab jammmbu,transliteration,en
food_98e5defa,gulab jamunnn,transliteration,en
food_98e5defa,gulab janbu,transliteration,en
food_55603d09,jalebee,transliteration,en
food_55603d09,small bowl jalebi,transliteration,en
food_55603d09,char jalebi,transliteration,en
food_55603d09,ek katori jalebi,transliteration,en
food_55603d09,ek glass jalebi,transliteration,en
food_55603d09,jalbi,transliteration,en
food_55603d09,500g jalebi,transliteration,en
food_55603d09,jaaaalebi,transliteration,en
food_55603d09,jaleby,transliteration,en
food_55603d09,250ml jalebi,transliteration,en
food_55603d09,2 katori jalebi,transliteration,en
food_55603d09,ek vaati jalebi,transliteration,en
food_55603d09,2 glasses jalebi,transliteration,en
food_55603d09,jalwbi,transliteration,en
food_55603d09,1 cup jalebi,transliteration,en
food_55603d09,1 piece jalebi,transliteration,en
food_55603d09,ek jalebi,transliteration,en
food_55603d09,tran jalebi,transliteration,en
food_55603d09,50g jalebi,transliteration,en
food_55603d09,lunch: 100g jalebi,transliteration,en
food_55603d09,1 bowl jalebi,transliteration,en
food_55603d09,breakfast: 100g jalebi,transliteration,en
food_55603d09,jalebiii,transliteration,en
food_55603d09,500ml jalebi,transliteration,en
food_55603d09,be vaati jalebi,transliteration,en
food_55603d09,5 pieces jalebi,transliteration,en
food_55603d09,jaalebi,transliteration,en
food_55603d09,2 bowls jalebi,transliteration,en
food_55603d09,jalei,transliteration,en
food_55603d09,dinner: 100g jalebi,transliteration,en
food_55603d09,jlaebi,transliteration,en
food_55603d09,jaleib,transliteration,en
food_55603d09,jalebhi,transliteration,en
food_55603d09,3 pieces jalebi,transliteration,en
food_55603d09,panch jalebi,transliteration,en
food_55603d09,200ml jalebi,transliteration,en
food_55603d09,ek cup jalebi,transliteration,en
food_55603d09,snack: 100g jalebi,transliteration,en
food_55603d09,100ml jalebi,transliteration,en
food_55603d09,jlebi,transliteration,en
food_55603d09,1 glass jalebi,transliteration,en
food_55603d09,jalebiiii,transliteration,en
food_55603d09,savare nasto: 100g jalebi,transliteration,en
food_55603d09,be jalebi,transliteration,en
food_55603d09,250g jalebi,transliteration,en
food_55603d09,jslebi,transliteration,en
food_55603d09,jaebi,transliteration,en
food_55603d09,half glass jalebi,transliteration,en
food_55603d09,jaaalebi,transliteration,en
food_55603d09,big bowl jalebi,transliteration,en
food_55603d09,jaleeeebi,transliteration,en
food_55603d09,ajlebi,transliteration,en
food_55603d09,jaelbi,transliteration,en
food_55603d09,2 pieces jalebi,transliteration,en
food_55603d09,jalebo,transliteration,en
food_55603d09,4 pieces jalebi,transliteration,en
food_55603d09,100g jalebi,transliteration,en
food_55603d09,200g jalebi,transliteration,en
food_55603d09,jaleeebi,transliteration,en
food_55603d09,jalbei,transliteration,en
food_55603d09,1 katori jalebi,transliteration,en
food_55603d09,150g jalebi,transliteration,en
food_55603d09,2 cups jalebi,transliteration,en
food_5c96c75c,panch sukhdi,transliteration,en
food_5c96c75c,suuuukhdi,transliteration,en
food_5c96c75c,skuhdi,transliteration,en
food_5c96c75c,250ml sukhdi,transliteration,en
food_5c96c75c,suhdi,transliteration,en
food_5c96c75c,sujhdi,transliteration,en
food_5c96c75c,sukhi,transliteration,en
food_5c96c75c,sookhdi,transliteration,en
food_5c96c75c,shukhdi,transliteration,en
food_5c96c75c,2 cups sukhdi,transliteration,en
food_5c96c75c,tran sukhdi,transliteration,en
food_5c96c75c,sukhdee,transliteration,en
food_5c96c75c,1 cup sukhdi,transliteration,en
food_5c96c75c,5 pieces sukhdi,transliteration,en
food_5c96c75c,150g sukhdi,transliteration,en
food_5c96c75c,100ml sukhdi,transliteration,en
food_5c96c75c,char sukhdi,transliteration,en
food_5c96c75c,1 piece sukhdi,transliteration,en
food_5c96c75c,2 katori sukhdi,transliteration,en
food_5c96c75c,sukdhi,transliteration,en
food_5c96c75c,half glass sukhdi,transliteration,en
food_5c96c75c,sukhsi,transliteration,en
food_5c96c75c,2 bowls sukhdi,transliteration,en
food_5c96c75c,sukhid,transliteration,en
food_5c96c75c,suuukhdi,transliteration,en
food_5c96c75c,sukhdy,transliteration,en
food_5c96c75c,3 pieces sukhdi,transliteration,en
food_5c96c75c,small bowl sukhdi,transliteration,en
food_5c96c75c,ek cup sukhdi,transliteration,en
food_5c96c75c,sukhdhi,transliteration,en
food_5c96c75c,ek vaati sukhdi,transliteration,en
food_5c96c75c,sukhdiiii,transliteration,en
food_5c96c75c,sukhdo,transliteration,en
food_5c96c75c,be sukhdi,transliteration,en
food_5c96c75c,100g sukhdi,transliteration,en
food_5c96c75c,sukhddddi,transliteration,en
food_5c96c75c,suhkdi,transliteration,en
food_5c96c75c,sukhdiii,transliteration,en
food_5c96c75c,aukhdi,transliteration,en
food_5c96c75c,200g sukhdi,transliteration,en
food_5c96c75c,500g sukhdi,transliteration,en
food_5c96c75c,ssssukhdi,transliteration,en
food_5c96c75c,be vaati sukhdi,transliteration,en
food_5c96c75c,1 bowl sukhdi,transliteration,en
food_5c96c75c,250g sukhdi,transliteration,en
food_5c96c75c,skhdi,transliteration,en
food_5c96c75c,50g sukhdi,transliteration,en
food_5c96c75c,sssukhdi,transliteration,en
food_5c96c75c,sukhdddi,transliteration,en
food_5c96c75c,uskhdi,transliteration,en
food_5c96c75c,gor papdi,transliteration,en
food_5c96c75c,1 glass sukhdi,transliteration,en
food_5c96c75c,ek sukhdi,transliteration,en
food_5c96c75c,sukdi,transliteration,en
food_5c96c75c,big bowl sukhdi,transliteration,en
food_5c96c75c,200ml sukhdi,transliteration,en
food_5c96c75c,mahudha sukhdi,transliteration,en
food_5c96c75c,2 pieces sukhdi,transliteration,en
food_5c96c75c,sukhhdi,transliteration,en
food_5c96c75c,4 pieces sukhdi,transliteration,en
food_5c96c75c,ek katori sukhdi,transliteration,en
food_5c96c75c,1 katori sukhdi,transliteration,en
food_5c96c75c,2 glasses sukhdi,transliteration,en
food_5c96c75c,ek glass sukhdi,transliteration,en
food_5c96c75c,500ml sukhdi,transliteration,en
food_ccd7b309,kheeeeer,transliteration,en
food_ccd7b309,4 pieces kheer,transliteration,en
food_ccd7b309,panch kheer,transliteration,en
food_ccd7b309,small bowl kheer,transliteration,en
food_ccd7b309,ek kheer,transliteration,en
food_ccd7b309,2 katori kheer,transliteration,en
food_ccd7b309,200g kheer,transliteration,en
food_ccd7b309,hkeer,transliteration,en
food_ccd7b309,250ml kheer,transliteration,en
food_ccd7b309,kheet,transliteration,en
food_ccd7b309,1 glass kheer,transliteration,en
food_ccd7b309,ek vaati kheer,transliteration,en
food_ccd7b309,200ml kheer,transliteration,en
food_ccd7b309,ek katori kheer,transliteration,en
food_ccd7b309,be vaati kheer,transliteration,en
food_ccd7b309,150g kheer,transliteration,en
food_ccd7b309,jheer,transliteration,en
food_ccd7b309,5 pieces kheer,transliteration,en
food_ccd7b309,keher,transliteration,en
food_ccd7b309,2 cups kheer,transliteration,en
food_ccd7b309,2 bowls kheer,transliteration,en
food_ccd7b309,500g kheer,transliteration,en
food_ccd7b309,char kheer,transliteration,en
food_ccd7b309,250g kheer,transliteration,en
food_ccd7b309,2 pieces kheer,transliteration,en
food_ccd7b309,khheer,transliteration,en
food_ccd7b309,50g kheer,transliteration,en
food_ccd7b309,1 katori kheer,transliteration,en
food_ccd7b309,500ml kheer,transliteration,en
food_ccd7b309,half glass kheer,transliteration,en
food_ccd7b309,1 piece kheer,transliteration,en
food_ccd7b309,khir,transliteration,en
food_ccd7b309,2 glasses kheer,transliteration,en
food_ccd7b309,khwer,transliteration,en
food_ccd7b309,be kheer,transliteration,en
food_ccd7b309,3 pieces kheer,transliteration,en
food_ccd7b309,100ml kheer,transliteration,en
food_ccd7b309,keer,transliteration,en
food_ccd7b309,ek glass kheer,transliteration,en
food_ccd7b309,kheerrr,transliteration,en
food_ccd7b309,kher,transliteration,en
food_ccd7b309,ek cup kheer,transliteration,en
food_ccd7b309,tran kheer,transliteration,en
food_ccd7b309,kheerrrr,transliteration,en
food_ccd7b309,khere,transliteration,en
food_ccd7b309,100g kheer,transliteration,en
food_ccd7b309,big bowl kheer,transliteration,en
food_ccd7b309,1 cup kheer,transliteration,en
food_ccd7b309,kheeeer,transliteration,en
food_ccd7b309,1 bowl kheer,transliteration,en
food_ccd7b309,khewr,transliteration,en
food_0c66abe2,2 cups apple,transliteration,en
food_0c66abe2,safrjan,transliteration,en
food_0c66abe2,saafaarjaan,transliteration,en
food_0c66abe2,sssseb,transliteration,en
food_0c66abe2,ek safarjan,transliteration,en
food_0c66abe2,panch apple,transliteration,en
food_0c66abe2,small bowl apple,transliteration,en
food_0c66abe2,safarjaaan,transliteration,en
food_0c66abe2,aaaapple,transliteration,en
food_0c66abe2,appel,transliteration,en
food_0c66abe2,150g apple,transliteration,en
food_0c66abe2,3 pieces apple,transliteration,en
food_0c66abe2,swb,transliteration,en
food_0c66abe2,be safarjan,transliteration,en
food_0c66abe2,1 piece apple,transliteration,en
food_0c66abe2,ek vaati safarjan,transliteration,en
food_0c66abe2,aople,transliteration,en
food_0c66abe2,4 pieces apple,transliteration,en
food_0c66abe2,safarjsn,transliteration,en
food_0c66abe2,safatjan,transliteration,en
food_0c66abe2,tran safarjan,transliteration,en
food_0c66abe2,250ml apple,transliteration,en
food_0c66abe2,safarrrjan,transliteration,en
food_0c66abe2,be apple,transliteration,en
food_0c66abe2,be vaati safarjan,transliteration,en
food_0c66abe2,2 glasses apple,transliteration,en
food_0c66abe2,esb,transliteration,en
food_0c66abe2,safaaarjan,transliteration,en
food_0c66abe2,sebh,transliteration,en
food_0c66abe2,aapple,transliteration,en
food_0c66abe2,safarrrrjan,transliteration,en
food_0c66abe2,ssseb,transliteration,en
food_0c66abe2,aaapple,transliteration,en
food_0c66abe2,sbe,transliteration,en
food_0c66abe2,5 pieces apple,transliteration,en
food_0c66abe2,be vaati apple,transliteration,en
food_0c66abe2,aplpe,transliteration,en
food_0c66abe2,safarjannnn,transliteration,en
food_0c66abe2,safarajn,transliteration,en
food_0c66abe2,aeb,transliteration,en
food_0c66abe2,1 cup apple,transliteration,en
food_0c66abe2,shafarjan,transliteration,en
food_0c66abe2,safarjn,transliteration,en
food_0c66abe2,sfarjan,transliteration,en
food_0c66abe2,100ml apple,transliteration,en
food_0c66abe2,200g apple,transliteration,en
food_0c66abe2,paple,transliteration,en
food_0c66abe2,2 katori apple,transliteration,en
food_0c66abe2,ek vaati apple,transliteration,en
food_0c66abe2,sfaarjan,transliteration,en
food_0c66abe2,saarjan,transliteration,en
food_0c66abe2,500ml apple,transliteration,en
food_0c66abe2,500g apple,transliteration,en
food_0c66abe2,ek katori safarjan,transliteration,en
food_0c66abe2,saaafarjan,transliteration,en
food_0c66abe2,safajran,transliteration,en
food_0c66abe2,seeeeb,transliteration,en
food_0c66abe2,ssssafarjan,transliteration,en
food_0c66abe2,appleeee,transliteration,en
food_0c66abe2,saaaafarjan,transliteration,en
food_0c66abe2,safarjam,transliteration,en
food_0c66abe2,safarjannn,transliteration,en
food_0c66abe2,appleee,transliteration,en
food_0c66abe2,ek glass apple,transliteration,en
food_0c66abe2,safarjna,transliteration,en
food_0c66abe2,1 bowl apple,transliteration,en
food_0c66abe2,big bowl apple,transliteration,en
food_0c66abe2,safsrjan,transliteration,en
food_0c66abe2,safarjaaaan,transliteration,en
food_0c66abe2,50g apple,transliteration,en
food_0c66abe2,half glass apple,transliteration,en
food_0c66abe2,ek cup apple,transliteration,en
food_0c66abe2,sheb,transliteration,en
food_0c66abe2,1 katori apple,transliteration,en
food_0c66abe2,100g apple,transliteration,en
food_0c66abe2,2 pieces apple,transliteration,en
food_0c66abe2,ssfarjan,transliteration,en
food_0c66abe2,saafrjan,transliteration,en
food_0c66abe2,sssafarjan,transliteration,en
food_0c66abe2,1 glass apple,transliteration,en
food_0c66abe2,apole,transliteration,en
food_0c66abe2,safajan,transliteration,en
food_0c66abe2,ek katori apple,transliteration,en
food_0c66abe2,appe,transliteration,en
food_0c66abe2,250g apple,transliteration,en
food_0c66abe2,applw,transliteration,en
food_0c66abe2,seeeb,transliteration,en
food_0c66abe2,char apple,transliteration,en
food_0c66abe2,safrajan,transliteration,en
food_0c66abe2,asfarjan,transliteration,en
food_0c66abe2,ek apple,transliteration,en
food_0c66abe2,aple,transliteration,en
food_0c66abe2,aafarjan,transliteration,en
food_0c66abe2,ek cup safarjan,transliteration,en
food_0c66abe2,2 bowls apple,transliteration,en
food_0c66abe2,spple,transliteration,en
food_0c66abe2,safaaaarjan,transliteration,en
food_0c66abe2,tran apple,transliteration,en
food_0c66abe2,200ml apple,transliteration,en
food_0c66abe2,ek glass safarjan,transliteration,en
food_0c66abe2,safaran,transliteration,en
food_ec355f0f,baana,transliteration,en
food_ec355f0f,bannnana,transliteration,en
food_ec355f0f,be vaati kelu,transliteration,en
food_ec355f0f,keul,transliteration,en
food_ec355f0f,ekla,transliteration,en
food_ec355f0f,jelu,transliteration,en
food_ec355f0f,baaaanana,transliteration,en
food_ec355f0f,khelu,transliteration,en
food_ec355f0f,keeeela,transliteration,en
food_ec355f0f,100g banana,transliteration,en
food_ec355f0f,tran kelu,transliteration,en
food_ec355f0f,bsnana,transliteration,en
food_ec355f0f,kelaaa,transliteration,en
food_ec355f0f,char banana,transliteration,en
food_ec355f0f,ek glass banana,transliteration,en
food_ec355f0f,bamana,transliteration,en
food_ec355f0f,keluuuu,transliteration,en
food_ec355f0f,3 pieces banana,transliteration,en
food_ec355f0f,kwlu,transliteration,en
food_ec355f0f,200ml banana,transliteration,en
food_ec355f0f,2 cups banana,transliteration,en
food_ec355f0f,banaan,transliteration,en
food_ec355f0f,ek vaati banana,transliteration,en
food_ec355f0f,250g banana,transliteration,en
food_ec355f0f,2 pieces banana,transliteration,en
food_ec355f0f,bannnnana,transliteration,en
food_ec355f0f,kea,transliteration,en
food_ec355f0f,ek cup banana,transliteration,en
food_ec355f0f,ek katori kelu,transliteration,en
food_ec355f0f,kla,transliteration,en
food_ec355f0f,bananaaaa,transliteration,en
food_ec355f0f,kels,transliteration,en
food_ec355f0f,500ml banana,transliteration,en
food_ec355f0f,bananaaa,transliteration,en
food_ec355f0f,kwla,transliteration,en
food_ec355f0f,tran banana,transliteration,en
food_ec355f0f,1 cup banana,transliteration,en
food_ec355f0f,50g banana,transliteration,en
food_ec355f0f,khela,transliteration,en
food_ec355f0f,panch banana,transliteration,en
food_ec355f0f,150g banana,transliteration,en
food_ec355f0f,bnaana,transliteration,en
food_ec355f0f,ek vaati kelu,transliteration,en
food_ec355f0f,200g banana,transliteration,en
food_ec355f0f,1 piece banana,transliteration,en
food_ec355f0f,abnana,transliteration,en
food_ec355f0f,2 katori banana,transliteration,en
food_ec355f0f,1 katori banana,transliteration,en
food_ec355f0f,keu,transliteration,en
food_ec355f0f,2 bowls banana,transliteration,en
food_ec355f0f,1 bowl banana,transliteration,en
food_ec355f0f,kleu,transliteration,en
food_ec355f0f,ek kelu,transliteration,en
food_ec355f0f,keeeelu,transliteration,en
food_ec355f0f,bannaa,transliteration,en
food_ec355f0f,small bowl banana,transliteration,en
food_ec355f0f,banannna,transliteration,en
food_ec355f0f,be vaati banana,transliteration,en
food_ec355f0f,keal,transliteration,en
food_ec355f0f,5 pieces banana,transliteration,en
food_ec355f0f,1 glass banana,transliteration,en
food_ec355f0f,ek katori banana,transliteration,en
food_ec355f0f,banans,transliteration,en
food_ec355f0f,kelaaaa,transliteration,en
food_ec355f0f,250ml banana,transliteration,en
food_ec355f0f,big bowl banana,transliteration,en
food_ec355f0f,be kelu,transliteration,en
food_ec355f0f,bhanana,transliteration,en
food_ec355f0f,bnana,transliteration,en
food_ec355f0f,2 glasses banana,transliteration,en
food_ec355f0f,bansna,transliteration,en
food_ec355f0f,klu,transliteration,en
food_ec355f0f,keeela,transliteration,en
food_ec355f0f,keeelu,transliteration,en
food_ec355f0f,banannnna,transliteration,en
food_ec355f0f,100ml banana,transliteration,en
food_ec355f0f,ek banana,transliteration,en
food_ec355f0f,ek cup kelu,transliteration,en
food_ec355f0f,banama,transliteration,en
food_ec355f0f,klea,transliteration,en
food_ec355f0f,eklu,transliteration,en
food_ec355f0f,banna,transliteration,en
food_ec355f0f,banaaana,transliteration,en
food_ec355f0f,kelaa,transliteration,en
food_ec355f0f,banaaaana,transliteration,en
food_ec355f0f,4 pieces banana,transliteration,en
food_ec355f0f,baaanana,transliteration,en
food_ec355f0f,baanaanaa,transliteration,en
food_ec355f0f,keloo,transliteration,en
food_ec355f0f,baanna,transliteration,en
food_ec355f0f,jela,transliteration,en
food_ec355f0f,500g banana,transliteration,en
food_ec355f0f,half glass banana,transliteration,en
food_ec355f0f,banaa,transliteration,en
food_ec355f0f,keluuu,transliteration,en
food_ec355f0f,ek glass kelu,transliteration,en
food_ec355f0f,be banana,transliteration,en
food_628ca09d,keriii,transliteration,en
food_628ca09d,mangooo,transliteration,en
food_628ca09d,250g mango,transliteration,en
food_628ca09d,keeeeri,transliteration,en
food_628ca09d,500g mango,transliteration,en
food_628ca09d,100g mango,transliteration,en
food_628ca09d,1 katori mango,transliteration,en
food_628ca09d,mamgo,transliteration,en
food_628ca09d,200ml mango,transliteration,en
food_628ca09d,1 cup mango,transliteration,en
food_628ca09d,ek glass mango,transliteration,en
food_628ca09d,2 pieces mango,transliteration,en
food_628ca09d,mangp,transliteration,en
food_628ca09d,keeeri,transliteration,en
food_628ca09d,aammm,transliteration,en
food_628ca09d,2 cups mango,transliteration,en
food_628ca09d,be vaati mango,transliteration,en
food_628ca09d,aaaam,transliteration,en
food_628ca09d,kei,transliteration,en
food_628ca09d,kero,transliteration,en
food_628ca09d,keriiii,transliteration,en
food_628ca09d,kerrri,transliteration,en
food_628ca09d,aammmm,transliteration,en
food_628ca09d,1 glass mango,transliteration,en
food_628ca09d,char mango,transliteration,en
food_628ca09d,ek cup keri,transliteration,en
food_628ca09d,small bowl mango,transliteration,en
food_628ca09d,mannnngo,transliteration,en
food_628ca09d,ek cup mango,transliteration,en
food_628ca09d,ek keri,transliteration,en
food_628ca09d,be mango,transliteration,en
food_628ca09d,kheri,transliteration,en
food_628ca09d,ek katori mango,transliteration,en
food_628ca09d,aaaaam,transliteration,en
food_628ca09d,ek katori keri,transliteration,en
food_628ca09d,mnago,transliteration,en
food_628ca09d,panch mango,transliteration,en
food_628ca09d,keree,transliteration,en
food_628ca09d,ekri,transliteration,en
food_628ca09d,asm,transliteration,en
food_628ca09d,mangoooo,transliteration,en
food_628ca09d,250ml mango,transliteration,en
food_628ca09d,tran mango,transliteration,en
food_628ca09d,2 bowls mango,transliteration,en
food_628ca09d,kri,transliteration,en
food_628ca09d,mmmmango,transliteration,en
food_628ca09d,be keri,transliteration,en
food_628ca09d,big bowl mango,transliteration,en
food_628ca09d,ek glass keri,transliteration,en
food_628ca09d,mngo,transliteration,en
food_628ca09d,150g mango,transliteration,en
food_628ca09d,kery,transliteration,en
food_628ca09d,manog,transliteration,en
food_628ca09d,2 glasses mango,transliteration,en
food_628ca09d,1 piece mango,transliteration,en
food_628ca09d,ek vaati mango,transliteration,en
food_628ca09d,tran keri,transliteration,en
food_628ca09d,maaango,transliteration,en
food_628ca09d,keti,transliteration,en
food_628ca09d,kwri,transliteration,en
food_628ca09d,half glass mango,transliteration,en
food_628ca09d,ek mango,transliteration,en
food_628ca09d,2 katori mango,transliteration,en
food_628ca09d,ek vaati keri,transliteration,en
food_628ca09d,sam,transliteration,en
food_628ca09d,msngo,transliteration,en
food_628ca09d,mano,transliteration,en
food_628ca09d,5 pieces mango,transliteration,en
food_628ca09d,keir,transliteration,en
food_628ca09d,50g mango,transliteration,en
food_628ca09d,kerrrri,transliteration,en
food_628ca09d,100ml mango,transliteration,en
food_628ca09d,amngo,transliteration,en
food_628ca09d,magno,transliteration,en
food_628ca09d,mannngo,transliteration,en
food_628ca09d,maango,transliteration,en
food_628ca09d,aan,transliteration,en
food_628ca09d,ama,transliteration,en
food_628ca09d,mago,transliteration,en
food_628ca09d,500ml mango,transliteration,en
food_628ca09d,jeri,transliteration,en
food_628ca09d,krei,transliteration,en
food_628ca09d,maaaango,transliteration,en
food_628ca09d,4 pieces mango,transliteration,en
food_628ca09d,mmmango,transliteration,en
food_628ca09d,3 pieces mango,transliteration,en
food_628ca09d,be vaati keri,transliteration,en
food_628ca09d,nango,transliteration,en
food_628ca09d,am,transliteration,en
food_628ca09d,200g mango,transliteration,en
food_628ca09d,1 bowl mango,transliteration,en
food_0f927466,pspita,transliteration,en
food_0f927466,paaiyu,transliteration,en
food_0f927466,papaaaiyu,transliteration,en
food_0f927466,paaapita,transliteration,en
food_0f927466,ek katori papaiyu,transliteration,en
food_0f927466,ek glass papaya,transliteration,en
food_0f927466,paaaapita,transliteration,en
food_0f927466,papayiu,transliteration,en
food_0f927466,papsya,transliteration,en
food_0f927466,papiiiita,transliteration,en
food_0f927466,paapya,transliteration,en
food_0f927466,papitaaa,transliteration,en
food_0f927466,1 piece papaya,transliteration,en
food_0f927466,paaapaya,transliteration,en
food_0f927466,1 glass papaya,transliteration,en
food_0f927466,ek cup papaya,transliteration,en
food_0f927466,paapitaa,transliteration,en
food_0f927466,oapaya,transliteration,en
food_0f927466,papaia,transliteration,en
food_0f927466,250g papaya,transliteration,en
food_0f927466,panch papaya,transliteration,en
food_0f927466,pspaya,transliteration,en
food_0f927466,papeeta,transliteration,en
food_0f927466,big bowl papaya,transliteration,en
food_0f927466,papaoyu,transliteration,en
food_0f927466,papaiiiiyu,transliteration,en
food_0f927466,tran papaya,transliteration,en
food_0f927466,paapaayaa,transliteration,en
food_0f927466,papayu,transliteration,en
food_0f927466,papittta,transliteration,en
food_0f927466,papaiyuuuu,transliteration,en
food_0f927466,ek vaati papaya,transliteration,en
food_0f927466,papta,transliteration,en
food_0f927466,paaaapaiyu,transliteration,en
food_0f927466,papota,transliteration,en
food_0f927466,oapita,transliteration,en
food_0f927466,ek katori papaya,transliteration,en
food_0f927466,appita,transliteration,en
food_0f927466,1 cup papaya,transliteration,en
food_0f927466,ppaaya,transliteration,en
food_0f927466,papayyu,transliteration,en
food_0f927466,paoaya,transliteration,en
food_0f927466,500g papaya,transliteration,en
food_0f927466,papyaa,transliteration,en
food_0f927466,papayaaaa,transliteration,en
food_0f927466,ppaita,transliteration,en
food_0f927466,papits,transliteration,en
food_0f927466,paoita,transliteration,en
food_0f927466,papiyu,transliteration,en
food_0f927466,papiat,transliteration,en
food_0f927466,oapaiyu,transliteration,en
food_0f927466,3 pieces papaya,transliteration,en
food_0f927466,2 katori papaya,transliteration,en
food_0f927466,500ml papaya,transliteration,en
food_0f927466,1 bowl papaya,transliteration,en
food_0f927466,ek vaati papaiyu,transliteration,en
food_0f927466,1 katori papaya,transliteration,en
food_0f927466,250ml papaya,transliteration,en
food_0f927466,papiayu,transliteration,en
food_0f927466,papia,transliteration,en
food_0f927466,papaa,transliteration,en
food_0f927466,150g papaya,transliteration,en
food_0f927466,paptia,transliteration,en
food_0f927466,papaay,transliteration,en
food_0f927466,paita,transliteration,en
food_0f927466,ek glass papaiyu,transliteration,en
food_0f927466,papaaaya,transliteration,en
food_0f927466,papaaaaiyu,transliteration,en
food_0f927466,2 pieces papaya,transliteration,en
food_0f927466,50g papaya,transliteration,en
food_0f927466,pspaiyu,transliteration,en
food_0f927466,papaiiu,transliteration,en
food_0f927466,papaiuy,transliteration,en
food_0f927466,papaaaaya,transliteration,en
food_0f927466,be papaiyu,transliteration,en
food_0f927466,papitttta,transliteration,en
food_0f927466,tran papaiyu,transliteration,en
food_0f927466,2 bowls papaya,transliteration,en
food_0f927466,2 cups papaya,transliteration,en
food_0f927466,4 pieces papaya,transliteration,en
food_0f927466,100ml papaya,transliteration,en
food_0f927466,ppaya,transliteration,en
food_0f927466,paoaiyu,transliteration,en
food_0f927466,ppaiyu,transliteration,en
food_0f927466,paipta,transliteration,en
food_0f927466,100g papaya,transliteration,en
food_0f927466,papays,transliteration,en
food_0f927466,papitaaaa,transliteration,en
food_0f927466,200ml papaya,transliteration,en
food_0f927466,papiiita,transliteration,en
food_0f927466,be papaya,transliteration,en
food_0f927466,ppaaiyu,transliteration,en
food_0f927466,papaiyuuu,transliteration,en
food_0f927466,ek cup papaiyu,transliteration,en
food_0f927466,paapaaiyu,transliteration,en
food_0f927466,200g papaya,transliteration,en
food_0f927466,papaiiiyu,transliteration,en
food_0f927466,paaapaiyu,transliteration,en
food_0f927466,paaya,transliteration,en
food_0f927466,papyta,transliteration,en
food_0f927466,be vaati papaiyu,transliteration,en
food_0f927466,papayaaa,transliteration,en
food_0f927466,papira,transliteration,en
food_0f927466,5 pieces papaya,transliteration,en
food_0f927466,char papaya,transliteration,en
food_0f927466,papaiyoo,transliteration,en
food_0f927466,papsiyu,transliteration,en
food_0f927466,ppita,transliteration,en
food_0f927466,small bowl papaya,transliteration,en
food_0f927466,paaaapaya,transliteration,en
food_0f927466,papaeeyu,transliteration,en
food_0f927466,papya,transliteration,en
food_0f927466,papaiu,transliteration,en
food_0f927466,half glass papaya,transliteration,en
food_0f927466,be vaati papaya,transliteration,en
food_0f927466,papitha,transliteration,en
food_0f927466,ek papaiyu,transliteration,en
food_0f927466,2 glasses papaya,transliteration,en
food_0f927466,appaiyu,transliteration,en
food_0f927466,appaya,transliteration,en
food_0f927466,ek papaya,transliteration,en
food_0f927466,paapiyu,transliteration,en
food_d9687529,be tarbuj,transliteration,en
food_d9687529,taarbooj,transliteration,en
food_d9687529,tttarbuj,transliteration,en
food_d9687529,ttttarbuj,transliteration,en
food_d9687529,taaarbuj,transliteration,en
food_d9687529,trabuj,transliteration,en
food_d9687529,taarbuj,transliteration,en
food_d9687529,waermelon,transliteration,en
food_d9687529,watwrmelon,transliteration,en
food_d9687529,be vaati tarbuj,transliteration,en
food_d9687529,tarbooooj,transliteration,en
food_d9687529,tarrrbooj,transliteration,en
food_d9687529,taroboj,transliteration,en
food_d9687529,tarbpoj,transliteration,en
food_d9687529,ek glass tarbuj,transliteration,en
food_d9687529,tarbhuj,transliteration,en
food_d9687529,tarbju,transliteration,en
food_d9687529,tabuj,transliteration,en
food_d9687529,tsrbooj,transliteration,en
food_d9687529,tharbooj,transliteration,en
food_d9687529,tarboooooj,transliteration,en
food_d9687529,waetrmelon,transliteration,en
food_d9687529,wtaermelon,transliteration,en
food_d9687529,tttarbooj,transliteration,en
food_d9687529,wattttermelon,transliteration,en
food_d9687529,ek cup tarbuj,transliteration,en
food_d9687529,rarbooj,transliteration,en
food_d9687529,tarbojo,transliteration,en
food_d9687529,awtermelon,transliteration,en
food_d9687529,watttermelon,transliteration,en
food_d9687529,tabruj,transliteration,en
food_d9687529,tarboj,transliteration,en
food_d9687529,tran tarbuj,transliteration,en
food_d9687529,taaaarbuj,transliteration,en
food_d9687529,tatbooj,transliteration,en
food_d9687529,wathermelon,transliteration,en
food_d9687529,watremelon,transliteration,en
food_d9687529,taaaarbooj,transliteration,en
food_d9687529,tabrooj,transliteration,en
food_d9687529,tharbuj,transliteration,en
food_d9687529,tarrrbuj,transliteration,en
food_d9687529,ek tarbuj,transliteration,en
food_d9687529,tarbuuuuj,transliteration,en
food_d9687529,taruj,transliteration,en
food_d9687529,tabooj,transliteration,en
food_d9687529,tarbj,transliteration,en
food_d9687529,ek vaati tarbuj,transliteration,en
food_d9687529,tarrrrbooj,transliteration,en
food_d9687529,tarbhooj,transliteration,en
food_d9687529,tatbuj,transliteration,en
food_d9687529,trbuj,transliteration,en
food_d9687529,tarbuuuj,transliteration,en
food_d9687529,ttttarbooj,transliteration,en
food_d9687529,warermelon,transliteration,en
food_d9687529,atrbuj,transliteration,en
food_d9687529,tarbopj,transliteration,en
food_d9687529,atrbooj,transliteration,en
food_d9687529,rarbuj,transliteration,en
food_d9687529,trabooj,transliteration,en
food_d9687529,taaarbooj,transliteration,en
food_d9687529,ek katori tarbuj,transliteration,en
food_d9687529,watrmelon,transliteration,en
food_d9687529,tarrrrbuj,transliteration,en
food_d9687529,tarubj,transliteration,en
food_d9687529,tarooj,transliteration,en
food_d9687529,trbooj,transliteration,en
food_d9687529,wtermelon,transliteration,en
food_d9687529,wstermelon,transliteration,en
food_d9687529,tsrbuj,transliteration,en
food_auth_pomegranate,daadm,transliteration,en
food_auth_pomegranate,aar,transliteration,en
food_auth_pomegranate,pomegranare,transliteration,en
food_auth_pomegranate,daddddam,transliteration,en
food_auth_pomegranate,dadm,transliteration,en
food_auth_pomegranate,pomegranste,transliteration,en
food_auth_pomegranate,amar,transliteration,en
food_auth_pomegranate,dadddam,transliteration,en
food_auth_pomegranate,dadaaam,transliteration,en
food_auth_pomegranate,dadammmm,transliteration,en
food_auth_pomegranate,addam,transliteration,en
food_auth_pomegranate,dadammm,transliteration,en
food_auth_pomegranate,ddaam,transliteration,en
food_auth_pomegranate,pomegrantae,transliteration,en
food_auth_pomegranate,snar,transliteration,en
food_auth_pomegranate,daaaadam,transliteration,en
food_auth_pomegranate,dadan,transliteration,en
food_auth_pomegranate,aanaar,transliteration,en
food_auth_pomegranate,annnnar,transliteration,en
food_auth_pomegranate,tran dadam,transliteration,en
food_auth_pomegranate,ek katori dadam,transliteration,en
food_auth_pomegranate,dsdam,transliteration,en
food_auth_pomegranate,daam,transliteration,en
food_auth_pomegranate,aaanar,transliteration,en
food_auth_pomegranate,pomegraante,transliteration,en
food_auth_pomegranate,anaaaar,transliteration,en
food_auth_pomegranate,aanr,transliteration,en
food_auth_pomegranate,sadam,transliteration,en
food_auth_pomegranate,dadma,transliteration,en
food_auth_pomegranate,anaaar,transliteration,en
food_auth_pomegranate,daaadam,transliteration,en
food_auth_pomegranate,ansr,transliteration,en
food_auth_pomegranate,pomegranaet,transliteration,en
food_auth_pomegranate,anr,transliteration,en
food_auth_pomegranate,dasam,transliteration,en
food_auth_pomegranate,ddam,transliteration,en
food_auth_pomegranate,annnar,transliteration,en
food_auth_pomegranate,dadsm,transliteration,en
food_auth_pomegranate,anarrrr,transliteration,en
food_auth_pomegranate,anra,transliteration,en
food_auth_pomegranate,pomegranae,transliteration,en
food_auth_pomegranate,be dadam,transliteration,en
food_auth_pomegranate,dadaaaam,transliteration,en
food_auth_pomegranate,ddddadam,transliteration,en
food_auth_pomegranate,naar,transliteration,en
food_auth_pomegranate,anat,transliteration,en
food_auth_pomegranate,ek glass dadam,transliteration,en
food_auth_pomegranate,ek cup dadam,transliteration,en
food_auth_pomegranate,be vaati dadam,transliteration,en
food_auth_pomegranate,aaaanar,transliteration,en
food_auth_pomegranate,dddadam,transliteration,en
food_auth_pomegranate,anarrr,transliteration,en
food_auth_pomegranate,pomegranattte,transliteration,en
food_auth_pomegranate,pomegranatttte,transliteration,en
food_auth_pomegranate,ek dadam,transliteration,en
food_auth_pomegranate,ek vaati dadam,transliteration,en
food_auth_pomegranate,pomegranathe,transliteration,en
food_auth_pomegranate,pomegranatw,transliteration,en
food_auth_pomegranate,daadaam,transliteration,en
food_auth_pomegranate,pomegrante,transliteration,en
food_curd_001,tran curd,transliteration,en
food_curd_001,dai,transliteration,en
food_curd_001,ek dahi,transliteration,en
food_curd_001,ek vaati curd,transliteration,en
food_curd_001,dhahi,transliteration,en
food_curd_001,big bowl curd,transliteration,en
food_curd_001,3 pieces curd,transliteration,en
food_curd_001,daaahi,transliteration,en
food_curd_001,2 cups curd,transliteration,en
food_curd_001,half glass curd,transliteration,en
food_curd_001,100ml curd,transliteration,en
food_curd_001,ek curd,transliteration,en
food_curd_001,200g curd,transliteration,en
food_curd_001,daho,transliteration,en
food_curd_001,250g curd,transliteration,en
food_curd_001,150g curd,transliteration,en
food_curd_001,small bowl curd,transliteration,en
food_curd_001,tran dahi,transliteration,en
food_curd_001,be vaati curd,transliteration,en
food_curd_001,be dahi,transliteration,en
food_curd_001,be curd,transliteration,en
food_curd_001,ek katori curd,transliteration,en
food_curd_001,cuuuurd,transliteration,en
food_curd_001,1 cup curd,transliteration,en
food_curd_001,ek glass curd,transliteration,en
food_curd_001,curddd,transliteration,en
food_curd_001,currrrd,transliteration,en
food_curd_001,currrd,transliteration,en
food_curd_001,cudr,transliteration,en
food_curd_001,cud,transliteration,en
food_curd_001,dddahi,transliteration,en
food_curd_001,dhi,transliteration,en
food_curd_001,dahee,transliteration,en
food_curd_001,ucrd,transliteration,en
food_curd_001,1 bowl curd,transliteration,en
food_curd_001,5 pieces curd,transliteration,en
food_curd_001,curdddd,transliteration,en
food_curd_001,ek cup dahi,transliteration,en
food_curd_001,2 katori curd,transliteration,en
food_curd_001,cuuurd,transliteration,en
food_curd_001,crd,transliteration,en
food_curd_001,be vaati dahi,transliteration,en
food_curd_001,coord,transliteration,en
food_curd_001,2 bowls curd,transliteration,en
food_curd_001,crud,transliteration,en
food_curd_001,dhai,transliteration,en
food_curd_001,ek vaati dahi,transliteration,en
food_curd_001,dahiiii,transliteration,en
food_curd_001,curs,transliteration,en
food_curd_001,ek glass dahi,transliteration,en
food_curd_001,100g curd,transliteration,en
food_curd_001,cutd,transliteration,en
food_curd_001,1 katori curd,transliteration,en
food_curd_001,dahy,transliteration,en
food_curd_001,panch curd,transliteration,en
food_curd_001,500ml curd,transliteration,en
food_curd_001,ek cup curd,transliteration,en
food_curd_001,daahi,transliteration,en
food_curd_001,daih,transliteration,en
food_curd_001,2 glasses curd,transliteration,en
food_curd_001,ek katori dahi,transliteration,en
food_curd_001,dshi,transliteration,en
food_curd_001,curdh,transliteration,en
food_curd_001,1 piece curd,transliteration,en
food_curd_001,char curd,transliteration,en
food_curd_001,50g curd,transliteration,en
food_curd_001,250ml curd,transliteration,en
food_curd_001,1 glass curd,transliteration,en
food_curd_001,daaaahi,transliteration,en
food_curd_001,dahiii,transliteration,en
food_curd_001,200ml curd,transliteration,en
food_curd_001,adhi,transliteration,en
food_curd_001,4 pieces curd,transliteration,en
food_curd_001,ddddahi,transliteration,en
food_curd_001,2 pieces curd,transliteration,en
food_curd_001,500g curd,transliteration,en
food_curd_001,sahi,transliteration,en
food_auth_cow_milk,soodh,transliteration,en
food_auth_cow_milk,1 katori cow milk,transliteration,en
food_auth_cow_milk,200g cow milk,transliteration,en
food_auth_cow_milk,panch cow milk,transliteration,en
food_auth_cow_milk,cowm ilk,transliteration,en
food_auth_cow_milk,cow meelk,transliteration,en
food_auth_cow_milk,cow mmmmilk,transliteration,en
food_auth_cow_milk,ek katori doodh,transliteration,en
food_auth_cow_milk,cow molk,transliteration,en
food_auth_cow_milk,dpodh,transliteration,en
food_auth_cow_milk,ek doodh,transliteration,en
food_auth_cow_milk,1 piece cow milk,transliteration,en
food_auth_cow_milk,cow milj,transliteration,en
food_auth_cow_milk,dood,transliteration,en
food_auth_cow_milk,cow milkh,transliteration,en
food_auth_cow_milk,cw milk,transliteration,en
food_auth_cow_milk,cow miiiilk,transliteration,en
food_auth_cow_milk,cow imlk,transliteration,en
food_auth_cow_milk,be vaati cow milk,transliteration,en
food_auth_cow_milk,ek cup cow milk,transliteration,en
food_auth_cow_milk,ek glass doodh,transliteration,en
food_auth_cow_milk,500g cow milk,transliteration,en
food_auth_cow_milk,dodoh,transliteration,en
food_auth_cow_milk,cow mylk,transliteration,en
food_auth_cow_milk,be vaati doodh,transliteration,en
food_auth_cow_milk,dopdh,transliteration,en
food_auth_cow_milk,ek glass cow milk,transliteration,en
food_auth_cow_milk,dooh,transliteration,en
food_auth_cow_milk,dhoodhh,transliteration,en
food_auth_cow_milk,2 pieces cow milk,transliteration,en
food_auth_cow_milk,200ml cow milk,transliteration,en
food_auth_cow_milk,be cow milk,transliteration,en
food_auth_cow_milk,be doodh,transliteration,en
food_auth_cow_milk,doohd,transliteration,en
food_auth_cow_milk,2 bowls cow milk,transliteration,en
food_auth_cow_milk,2 katori cow milk,transliteration,en
food_auth_cow_milk,50g cow milk,transliteration,en
food_auth_cow_milk,ocw milk,transliteration,en
food_auth_cow_milk,big bowl cow milk,transliteration,en
food_auth_cow_milk,250g cow milk,transliteration,en
food_auth_cow_milk,small bowl cow milk,transliteration,en
food_auth_cow_milk,5 pieces cow milk,transliteration,en
food_auth_cow_milk,ek cow milk,transliteration,en
food_auth_cow_milk,cow miiilk,transliteration,en
food_auth_cow_milk,ddddoodh,transliteration,en
food_auth_cow_milk,co milk,transliteration,en
food_auth_cow_milk,100ml cow milk,transliteration,en
food_auth_cow_milk,2 glasses cow milk,transliteration,en
food_auth_cow_milk,150g cow milk,transliteration,en
food_auth_cow_milk,tran cow milk,transliteration,en
food_auth_cow_milk,250ml cow milk,transliteration,en
food_auth_cow_milk,ododh,transliteration,en
food_auth_cow_milk,ek cup doodh,transliteration,en
food_auth_cow_milk,co wmilk,transliteration,en
food_auth_cow_milk,cow mik,transliteration,en
food_auth_cow_milk,tran doodh,transliteration,en
food_auth_cow_milk,1 cup cow milk,transliteration,en
food_auth_cow_milk,doodddh,transliteration,en
food_auth_cow_milk,ek katori cow milk,transliteration,en
food_auth_cow_milk,char cow milk,transliteration,en
food_auth_cow_milk,cowmilk,transliteration,en
food_auth_cow_milk,100g cow milk,transliteration,en
food_auth_cow_milk,cpw milk,transliteration,en
food_auth_cow_milk,cow nilk,transliteration,en
food_auth_cow_milk,500ml cow milk,transliteration,en
food_auth_cow_milk,cwo milk,transliteration,en
food_auth_cow_milk,dooooodh,transliteration,en
food_auth_cow_milk,dudh,transliteration,en
food_auth_cow_milk,cow mmmilk,transliteration,en
food_auth_cow_milk,cow mikl,transliteration,en
food_auth_cow_milk,ek vaati doodh,transliteration,en
food_auth_cow_milk,cow mlk,transliteration,en
food_auth_cow_milk,dodh,transliteration,en
food_auth_cow_milk,dddoodh,transliteration,en
food_auth_cow_milk,doosh,transliteration,en
food_auth_cow_milk,ek vaati cow milk,transliteration,en
food_auth_cow_milk,1 bowl cow milk,transliteration,en
food_auth_cow_milk,doooodh,transliteration,en
food_auth_cow_milk,1 glass cow milk,transliteration,en
food_auth_cow_milk,half glass cow milk,transliteration,en
food_auth_cow_milk,cow ilk,transliteration,en
food_auth_cow_milk,cov milk,transliteration,en
food_auth_cow_milk,dooddddh,transliteration,en
food_auth_cow_milk,cow mlik,transliteration,en
food_auth_cow_milk,cooow milk,transliteration,en
food_auth_cow_milk,3 pieces cow milk,transliteration,en
food_auth_cow_milk,coooow milk,transliteration,en
food_auth_cow_milk,2 cups cow milk,transliteration,en
food_auth_cow_milk,4 pieces cow milk,transliteration,en
food_paneer_001,250ml paneer,transliteration,en
food_paneer_001,panch paneer,transliteration,en
food_paneer_001,200g paneer,transliteration,en
food_paneer_001,ek vaati paneer,transliteration,en
food_paneer_001,pannnneer,transliteration,en
food_paneer_001,2 cups paneer,transliteration,en
food_paneer_001,ek paneer,transliteration,en
food_paneer_001,ek cup paneer,transliteration,en
food_paneer_001,be paneer,transliteration,en
food_paneer_001,paneerrrr,transliteration,en
food_paneer_001,5 pieces paneer,transliteration,en
food_paneer_001,panewr,transliteration,en
food_paneer_001,snack: 100g paneer,transliteration,en
food_paneer_001,paaaaneer,transliteration,en
food_paneer_001,paener,transliteration,en
food_paneer_001,2 bowls paneer,transliteration,en
food_paneer_001,50g paneer,transliteration,en
food_paneer_001,paner,transliteration,en
food_paneer_001,paneet,transliteration,en
food_paneer_001,2 katori paneer,transliteration,en
food_paneer_001,1 cup paneer,transliteration,en
food_paneer_001,savare nasto: 100g paneer,transliteration,en
food_paneer_001,250g paneer,transliteration,en
food_paneer_001,panere,transliteration,en
food_paneer_001,1 piece paneer,transliteration,en
food_paneer_001,half glass paneer,transliteration,en
food_paneer_001,pneer,transliteration,en
food_paneer_001,4 pieces paneer,transliteration,en
food_paneer_001,paaneer,transliteration,en
food_paneer_001,lunch: 100g paneer,transliteration,en
food_paneer_001,100g paneer,transliteration,en
food_paneer_001,200ml paneer,transliteration,en
food_paneer_001,apneer,transliteration,en
food_paneer_001,psneer,transliteration,en
food_paneer_001,pnaeer,transliteration,en
food_paneer_001,paaaneer,transliteration,en
food_paneer_001,small bowl paneer,transliteration,en
food_paneer_001,pannneer,transliteration,en
food_paneer_001,100ml paneer,transliteration,en
food_paneer_001,pameer,transliteration,en
food_paneer_001,1 bowl paneer,transliteration,en
food_paneer_001,paneerrr,transliteration,en
food_paneer_001,150g paneer,transliteration,en
food_paneer_001,dinner: 100g paneer,transliteration,en
food_paneer_001,char paneer,transliteration,en
food_paneer_001,paneeeeer,transliteration,en
food_paneer_001,panwer,transliteration,en
food_paneer_001,paneeeer,transliteration,en
food_paneer_001,paeer,transliteration,en
food_paneer_001,3 pieces paneer,transliteration,en
food_paneer_001,1 glass paneer,transliteration,en
food_paneer_001,ek glass paneer,transliteration,en
food_paneer_001,1 katori paneer,transliteration,en
food_paneer_001,be vaati paneer,transliteration,en
food_paneer_001,2 pieces paneer,transliteration,en
food_paneer_001,breakfast: 100g paneer,transliteration,en
food_paneer_001,500g paneer,transliteration,en
food_paneer_001,big bowl paneer,transliteration,en
food_paneer_001,2 glasses paneer,transliteration,en
food_paneer_001,tran paneer,transliteration,en
food_paneer_001,oaneer,transliteration,en
food_paneer_001,ek katori paneer,transliteration,en
food_paneer_001,500ml paneer,transliteration,en
usda_ghee,1 cup ghee,transliteration,en
usda_ghee,ek vaati ghee,transliteration,en
usda_ghee,100ml ghee,transliteration,en
usda_ghee,gehe,transliteration,en
usda_ghee,half glass ghee,transliteration,en
usda_ghee,250g ghee,transliteration,en
usda_ghee,2 katori ghee,transliteration,en
usda_ghee,50g ghee,transliteration,en
usda_ghee,500ml ghee,transliteration,en
usda_ghee,ghi,transliteration,en
usda_ghee,be ghee,transliteration,en
usda_ghee,small bowl ghee,transliteration,en
usda_ghee,ek cup ghee,transliteration,en
usda_ghee,ghew,transliteration,en
usda_ghee,5 pieces ghee,transliteration,en
usda_ghee,100g ghee,transliteration,en
usda_ghee,gheeee,transliteration,en
usda_ghee,ek katori ghee,transliteration,en
usda_ghee,4 pieces ghee,transliteration,en
usda_ghee,1 bowl ghee,transliteration,en
usda_ghee,2 pieces ghee,transliteration,en
usda_ghee,big bowl ghee,transliteration,en
usda_ghee,ek glass ghee,transliteration,en
usda_ghee,2 bowls ghee,transliteration,en
usda_ghee,ghwe,transliteration,en
usda_ghee,1 glass ghee,transliteration,en
usda_ghee,be vaati ghee,transliteration,en
usda_ghee,200ml ghee,transliteration,en
usda_ghee,gee,transliteration,en
usda_ghee,hgee,transliteration,en
usda_ghee,250ml ghee,transliteration,en
usda_ghee,2 glasses ghee,transliteration,en
usda_ghee,tran ghee,transliteration,en
usda_ghee,200g ghee,transliteration,en
usda_ghee,ghe,transliteration,en
usda_ghee,panch ghee,transliteration,en
usda_ghee,1 piece ghee,transliteration,en
usda_ghee,3 pieces ghee,transliteration,en
usda_ghee,500g ghee,transliteration,en
usda_ghee,150g ghee,transliteration,en
usda_ghee,1 katori ghee,transliteration,en
usda_ghee,gheeeee,transliteration,en
usda_ghee,ek ghee,transliteration,en
usda_ghee,char ghee,transliteration,en
usda_ghee,2 cups ghee,transliteration,en
food_auth_white_butter,whire butter,transliteration,en
food_auth_white_butter,mmmakhan,transliteration,en
food_auth_white_butter,mkhan,transliteration,en
food_auth_white_butter,half glass white butter,transliteration,en
food_auth_white_butter,hwite butter,transliteration,en
food_auth_white_butter,ek katori makhan,transliteration,en
food_auth_white_butter,whit butter,transliteration,en
food_auth_white_butter,white ubtter,transliteration,en
food_auth_white_butter,white bhutter,transliteration,en
food_auth_white_butter,4 pieces white butter,transliteration,en
food_auth_white_butter,maaaakhan,transliteration,en
food_auth_white_butter,1 katori white butter,transliteration,en
food_auth_white_butter,whitw butter,transliteration,en
food_auth_white_butter,250g white butter,transliteration,en
food_auth_white_butter,be vaati white butter,transliteration,en
food_auth_white_butter,200g white butter,transliteration,en
food_auth_white_butter,ek vaati makhan,transliteration,en
food_auth_white_butter,2 katori white butter,transliteration,en
food_auth_white_butter,maaakhan,transliteration,en
food_auth_white_butter,mahkan,transliteration,en
food_auth_white_butter,makhaaaan,transliteration,en
food_auth_white_butter,white buter,transliteration,en
food_auth_white_butter,big bowl white butter,transliteration,en
food_auth_white_butter,white buttre,transliteration,en
food_auth_white_butter,whiteeee butter,transliteration,en
food_auth_white_butter,5 pieces white butter,transliteration,en
food_auth_white_butter,ek cup white butter,transliteration,en
food_auth_white_butter,150g white butter,transliteration,en
food_auth_white_butter,white utter,transliteration,en
food_auth_white_butter,white btter,transliteration,en
food_auth_white_butter,100ml white butter,transliteration,en
food_auth_white_butter,mkahan,transliteration,en
food_auth_white_butter,mmmmakhan,transliteration,en
food_auth_white_butter,nakhan,transliteration,en
food_auth_white_butter,whithe buthther,transliteration,en
food_auth_white_butter,whiteb utter,transliteration,en
food_auth_white_butter,white butttter,transliteration,en
food_auth_white_butter,500ml white butter,transliteration,en
food_auth_white_butter,2 bowls white butter,transliteration,en
food_auth_white_butter,whte butter,transliteration,en
food_auth_white_butter,be vaati makhan,transliteration,en
food_auth_white_butter,makhannnn,transliteration,en
food_auth_white_butter,whyte butter,transliteration,en
food_auth_white_butter,whitebutter,transliteration,en
food_auth_white_butter,makham,transliteration,en
food_auth_white_butter,100g white butter,transliteration,en
food_auth_white_butter,white butetr,transliteration,en
food_auth_white_butter,whiteee butter,transliteration,en
food_auth_white_butter,tran white butter,transliteration,en
food_auth_white_butter,ek makhan,transliteration,en
food_auth_white_butter,be white butter,transliteration,en
food_auth_white_butter,tran makhan,transliteration,en
food_auth_white_butter,1 bowl white butter,transliteration,en
food_auth_white_butter,white butterrrr,transliteration,en
food_auth_white_butter,mskhan,transliteration,en
food_auth_white_butter,maakhaan,transliteration,en
food_auth_white_butter,ek vaati white butter,transliteration,en
food_auth_white_butter,white buuuutter,transliteration,en
food_auth_white_butter,500g white butter,transliteration,en
food_auth_white_butter,ek katori white butter,transliteration,en
food_auth_white_butter,amkhan,transliteration,en
food_auth_white_butter,whit ebutter,transliteration,en
food_auth_white_butter,white buttttter,transliteration,en
food_auth_white_butter,ek glass makhan,transliteration,en
food_auth_white_butter,whie butter,transliteration,en
food_auth_white_butter,makhannn,transliteration,en
food_auth_white_butter,makhn,transliteration,en
food_auth_white_butter,white bootter,transliteration,en
food_auth_white_butter,makhaaan,transliteration,en
food_auth_white_butter,white buttwr,transliteration,en
food_auth_white_butter,wite butter,transliteration,en
food_auth_white_butter,wheete butter,transliteration,en
food_auth_white_butter,2 pieces white butter,transliteration,en
food_auth_white_butter,small bowl white butter,transliteration,en
food_auth_white_butter,white butrer,transliteration,en
food_auth_white_butter,makhna,transliteration,en
food_auth_white_butter,white buttr,transliteration,en
food_auth_white_butter,white butteeeer,transliteration,en
food_auth_white_butter,ek cup makhan,transliteration,en
food_auth_white_butter,be makhan,transliteration,en
food_auth_white_butter,whtie butter,transliteration,en
food_auth_white_butter,1 cup white butter,transliteration,en
food_auth_white_butter,1 glass white butter,transliteration,en
food_auth_white_butter,white buuutter,transliteration,en
food_auth_white_butter,whittte butter,transliteration,en
food_auth_white_butter,vhite butter,transliteration,en
food_auth_white_butter,50g white butter,transliteration,en
food_auth_white_butter,whote butter,transliteration,en
food_auth_white_butter,makhhan,transliteration,en
food_auth_white_butter,2 glasses white butter,transliteration,en
food_auth_white_butter,majhan,transliteration,en
food_auth_white_butter,wihte butter,transliteration,en
food_auth_white_butter,ek white butter,transliteration,en
food_auth_white_butter,panch white butter,transliteration,en
food_auth_white_butter,white butteeer,transliteration,en
food_auth_white_butter,whiiiite butter,transliteration,en
food_auth_white_butter,whiet butter,transliteration,en
food_auth_white_butter,1 piece white butter,transliteration,en
food_auth_white_butter,250ml white butter,transliteration,en
food_auth_white_butter,3 pieces white butter,transliteration,en
food_auth_white_butter,makan,transliteration,en
food_auth_white_butter,mahan,transliteration,en
food_auth_white_butter,ek glass white butter,transliteration,en
food_auth_white_butter,2 cups white butter,transliteration,en
food_auth_white_butter,whiiite butter,transliteration,en
food_auth_white_butter,white buttet,transliteration,en
food_auth_white_butter,makahn,transliteration,en
food_auth_white_butter,whitttte butter,transliteration,en
food_auth_white_butter,white btuter,transliteration,en
food_auth_white_butter,white butterrr,transliteration,en
food_auth_white_butter,char white butter,transliteration,en
food_auth_white_butter,makhsn,transliteration,en
food_auth_white_butter,200ml white butter,transliteration,en
food_auth_white_butter,white burter,transliteration,en
food_auth_oats,2 pieces oats,transliteration,en
food_auth_oats,oaths,transliteration,en
food_auth_oats,3 pieces oats,transliteration,en
food_auth_oats,100g oats,transliteration,en
food_auth_oats,oaats,transliteration,en
food_auth_oats,ooooats,transliteration,en
food_auth_oats,aots,transliteration,en
food_auth_oats,150g oats,transliteration,en
food_auth_oats,be vaati oats,transliteration,en
food_auth_oats,ots,transliteration,en
food_auth_oats,ek cup oats,transliteration,en
food_auth_oats,500ml oats,transliteration,en
food_auth_oats,oooats,transliteration,en
food_auth_oats,be oats,transliteration,en
food_auth_oats,small bowl oats,transliteration,en
food_auth_oats,osts,transliteration,en
food_auth_oats,1 cup oats,transliteration,en
food_auth_oats,big bowl oats,transliteration,en
food_auth_oats,oata,transliteration,en
food_auth_oats,2 katori oats,transliteration,en
food_auth_oats,1 glass oats,transliteration,en
food_auth_oats,oatssss,transliteration,en
food_auth_oats,500g oats,transliteration,en
food_auth_oats,2 bowls oats,transliteration,en
food_auth_oats,250ml oats,transliteration,en
food_auth_oats,char oats,transliteration,en
food_auth_oats,1 bowl oats,transliteration,en
food_auth_oats,ek vaati oats,transliteration,en
food_auth_oats,oas,transliteration,en
food_auth_oats,otas,transliteration,en
food_auth_oats,1 katori oats,transliteration,en
food_auth_oats,tran oats,transliteration,en
food_auth_oats,oaaats,transliteration,en
food_auth_oats,50g oats,transliteration,en
food_auth_oats,oaaaats,transliteration,en
food_auth_oats,1 piece oats,transliteration,en
food_auth_oats,panch oats,transliteration,en
food_auth_oats,oast,transliteration,en
food_auth_oats,5 pieces oats,transliteration,en
food_auth_oats,ek oats,transliteration,en
food_auth_oats,oatttts,transliteration,en
food_auth_oats,oars,transliteration,en
food_auth_oats,200ml oats,transliteration,en
food_auth_oats,4 pieces oats,transliteration,en
food_auth_oats,oattts,transliteration,en
food_auth_oats,half glass oats,transliteration,en
food_auth_oats,100ml oats,transliteration,en
food_auth_oats,2 cups oats,transliteration,en
food_auth_oats,ek glass oats,transliteration,en
food_auth_oats,pats,transliteration,en
food_auth_oats,200g oats,transliteration,en
food_auth_oats,2 glasses oats,transliteration,en
food_auth_oats,250g oats,transliteration,en
food_auth_oats,ek katori oats,transliteration,en
food_auth_oats,oatsss,transliteration,en
food_auth_oats,oatsh,transliteration,en
food_auth_maggi_noodles,naggi,transliteration,en
food_auth_maggi_noodles,maggi noodleeees,transliteration,en
food_auth_maggi_noodles,ek maggi noodles,transliteration,en
food_auth_maggi_noodles,be maggi,transliteration,en
food_auth_maggi_noodles,2 pieces maggi noodles,transliteration,en
food_auth_maggi_noodles,maggi onodles,transliteration,en
food_auth_maggi_noodles,be maggi noodles,transliteration,en
food_auth_maggi_noodles,250g maggi noodles,transliteration,en
food_auth_maggi_noodles,maggo,transliteration,en
food_auth_maggi_noodles,ek glass maggi noodles,transliteration,en
food_auth_maggi_noodles,maggi nodles,transliteration,en
food_auth_maggi_noodles,magg noodles,transliteration,en
food_auth_maggi_noodles,200g maggi noodles,transliteration,en
food_auth_maggi_noodles,2 katori maggi noodles,transliteration,en
food_auth_maggi_noodles,100ml maggi noodles,transliteration,en
food_auth_maggi_noodles,maggiii noodles,transliteration,en
food_auth_maggi_noodles,mmmmaggi,transliteration,en
food_auth_maggi_noodles,maggi nooooodles,transliteration,en
food_auth_maggi_noodles,magginoodles,transliteration,en
food_auth_maggi_noodles,3 pieces maggi noodles,transliteration,en
food_auth_maggi_noodles,maggi nodoles,transliteration,en
food_auth_maggi_noodles,maggi npodles,transliteration,en
food_auth_maggi_noodles,be vaati maggi,transliteration,en
food_auth_maggi_noodles,maggi noosles,transliteration,en
food_auth_maggi_noodles,maggi noodhles,transliteration,en
food_auth_maggi_noodles,maggiiii,transliteration,en
food_auth_maggi_noodles,2 cups maggi noodles,transliteration,en
food_auth_maggi_noodles,magi,transliteration,en
food_auth_maggi_noodles,1 piece maggi noodles,transliteration,en
food_auth_maggi_noodles,2 glasses maggi noodles,transliteration,en
food_auth_maggi_noodles,ek vaati maggi noodles,transliteration,en
food_auth_maggi_noodles,mggi,transliteration,en
food_auth_maggi_noodles,maggee,transliteration,en
food_auth_maggi_noodles,char maggi noodles,transliteration,en
food_auth_maggi_noodles,maggiiii noodles,transliteration,en
food_auth_maggi_noodles,maggi oodles,transliteration,en
food_auth_maggi_noodles,500ml maggi noodles,transliteration,en
food_auth_maggi_noodles,half glass maggi noodles,transliteration,en
food_auth_maggi_noodles,maggi noodlessss,transliteration,en
food_auth_maggi_noodles,maggi noodlesss,transliteration,en
food_auth_maggi_noodles,2 bowls maggi noodles,transliteration,en
food_auth_maggi_noodles,maggi nopdles,transliteration,en
food_auth_maggi_noodles,maggin oodles,transliteration,en
food_auth_maggi_noodles,maggee noodles,transliteration,en
food_auth_maggi_noodles,100g maggi noodles,transliteration,en
food_auth_maggi_noodles,naggi noodles,transliteration,en
food_auth_maggi_noodles,1 cup maggi noodles,transliteration,en
food_auth_maggi_noodles,5 pieces maggi noodles,transliteration,en
food_auth_maggi_noodles,panch maggi noodles,transliteration,en
food_auth_maggi_noodles,maggo noodles,transliteration,en
food_auth_maggi_noodles,maggi moodles,transliteration,en
food_auth_maggi_noodles,ek maggi,transliteration,en
food_auth_maggi_noodles,maggi noodlse,transliteration,en
food_auth_maggi_noodles,magi noodles,transliteration,en
food_auth_maggi_noodles,maaaggi noodles,transliteration,en
food_auth_maggi_noodles,maggi nnnoodles,transliteration,en
food_auth_maggi_noodles,mggi noodles,transliteration,en
food_auth_maggi_noodles,maggi noodels,transliteration,en
food_auth_maggi_noodles,ek katori maggi,transliteration,en
food_auth_maggi_noodles,maggi nooles,transliteration,en
food_auth_maggi_noodles,50g maggi noodles,transliteration,en
food_auth_maggi_noodles,maggy,transliteration,en
food_auth_maggi_noodles,magig,transliteration,en
food_auth_maggi_noodles,200ml maggi noodles,transliteration,en
food_auth_maggi_noodles,ek cup maggi,transliteration,en
food_auth_maggi_noodles,amggi noodles,transliteration,en
food_auth_maggi_noodles,mmmaggi noodles,transliteration,en
food_auth_maggi_noodles,maggi noodlesh,transliteration,en
food_auth_maggi_noodles,4 pieces maggi noodles,transliteration,en
food_auth_maggi_noodles,maggi nnnnoodles,transliteration,en
food_auth_maggi_noodles,ek glass maggi,transliteration,en
food_auth_maggi_noodles,maggi noooodles,transliteration,en
food_auth_maggi_noodles,big bowl maggi noodles,transliteration,en
food_auth_maggi_noodles,maggi noodls,transliteration,en
food_auth_maggi_noodles,ek katori maggi noodles,transliteration,en
food_auth_maggi_noodles,mgagi,transliteration,en
food_auth_maggi_noodles,maggi noodlws,transliteration,en
food_auth_maggi_noodles,mmmmaggi noodles,transliteration,en
food_auth_maggi_noodles,1 bowl maggi noodles,transliteration,en
food_auth_maggi_noodles,maaggi noodles,transliteration,en
food_auth_maggi_noodles,250ml maggi noodles,transliteration,en
food_auth_maggi_noodles,maggi noodlea,transliteration,en
food_auth_maggi_noodles,1 glass maggi noodles,transliteration,en
food_auth_maggi_noodles,be vaati maggi noodles,transliteration,en
food_auth_maggi_noodles,small bowl maggi noodles,transliteration,en
food_auth_maggi_noodles,150g maggi noodles,transliteration,en
food_auth_maggi_noodles,maggi noodes,transliteration,en
food_auth_maggi_noodles,ek cup maggi noodles,transliteration,en
food_auth_maggi_noodles,magig noodles,transliteration,en
food_auth_maggi_noodles,tran maggi noodles,transliteration,en
food_auth_maggi_noodles,maaaggi,transliteration,en
food_auth_maggi_noodles,mmmaggi,transliteration,en
food_auth_maggi_noodles,amggi,transliteration,en
food_auth_maggi_noodles,maggiii,transliteration,en
food_auth_maggi_noodles,msggi,transliteration,en
food_auth_maggi_noodles,magg inoodles,transliteration,en
food_auth_maggi_noodles,ek vaati maggi,transliteration,en
food_auth_maggi_noodles,maggi nudles,transliteration,en
food_auth_maggi_noodles,maggi nooldes,transliteration,en
food_auth_maggi_noodles,maggi noodleees,transliteration,en
food_auth_maggi_noodles,maggi nooddddles,transliteration,en
food_auth_maggi_noodles,msggi noodles,transliteration,en
food_auth_maggi_noodles,mgagi noodles,transliteration,en
food_auth_maggi_noodles,maaaaggi,transliteration,en
food_auth_maggi_noodles,1 katori maggi noodles,transliteration,en
food_auth_maggi_noodles,500g maggi noodles,transliteration,en
food_auth_maggi_noodles,maaaaggi noodles,transliteration,en
food_auth_maggi_noodles,maggy noodles,transliteration,en
food_auth_maggi_noodles,maaggi,transliteration,en
food_auth_maggi_noodles,tran maggi,transliteration,en
food_auth_maggi_noodles,maggi noodddles,transliteration,en
food_auth_brown_bread,brown breaad,transliteration,en
food_auth_brown_bread,brow bread,transliteration,en
food_auth_brown_bread,2 katori brown bread,transliteration,en
food_auth_brown_bread,2 bowls brown bread,transliteration,en
food_auth_brown_bread,brown bead,transliteration,en
food_auth_brown_bread,tran brown bread,transliteration,en
food_auth_brown_bread,brownnn bread,transliteration,en
food_auth_brown_bread,brown read,transliteration,en
food_auth_brown_bread,1 cup brown bread,transliteration,en
food_auth_brown_bread,150g brown bread,transliteration,en
food_auth_brown_bread,borwn bread,transliteration,en
food_auth_brown_bread,bronw bread,transliteration,en
food_auth_brown_bread,brrrown bread,transliteration,en
food_auth_brown_bread,200g brown bread,transliteration,en
food_auth_brown_bread,ek glass brown bread,transliteration,en
food_auth_brown_bread,500g brown bread,transliteration,en
food_auth_brown_bread,brown breas,transliteration,en
food_auth_brown_bread,brown brwad,transliteration,en
food_auth_brown_bread,browm bread,transliteration,en
food_auth_brown_bread,100ml brown bread,transliteration,en
food_auth_brown_bread,ek cup brown bread,transliteration,en
food_auth_brown_bread,4 pieces brown bread,transliteration,en
food_auth_brown_bread,brown breadh,transliteration,en
food_auth_brown_bread,broooown bread,transliteration,en
food_auth_brown_bread,brown bred,transliteration,en
food_auth_brown_bread,2 cups brown bread,transliteration,en
food_auth_brown_bread,big bowl brown bread,transliteration,en
food_auth_brown_bread,be vaati brown bread,transliteration,en
food_auth_brown_bread,small bowl brown bread,transliteration,en
food_auth_brown_bread,3 pieces brown bread,transliteration,en
food_auth_brown_bread,5 pieces brown bread,transliteration,en
food_auth_brown_bread,250g brown bread,transliteration,en
food_auth_brown_bread,2 glasses brown bread,transliteration,en
food_auth_brown_bread,2 pieces brown bread,transliteration,en
food_auth_brown_bread,ek katori brown bread,transliteration,en
food_auth_brown_bread,brown breaaad,transliteration,en
food_auth_brown_bread,1 glass brown bread,transliteration,en
food_auth_brown_bread,brown breeeead,transliteration,en
food_auth_brown_bread,brown btead,transliteration,en
food_auth_brown_bread,brwn bread,transliteration,en
food_auth_brown_bread,bron bread,transliteration,en
food_auth_brown_bread,brow nbread,transliteration,en
food_auth_brown_bread,ek vaati brown bread,transliteration,en
food_auth_brown_bread,brown breadddd,transliteration,en
food_auth_brown_bread,brown breda,transliteration,en
food_auth_brown_bread,brpwn bread,transliteration,en
food_auth_brown_bread,1 piece brown bread,transliteration,en
food_auth_brown_bread,brown brrread,transliteration,en
food_auth_brown_bread,panch brown bread,transliteration,en
food_auth_brown_bread,brownbread,transliteration,en
food_auth_brown_bread,btown bread,transliteration,en
food_auth_brown_bread,50g brown bread,transliteration,en
food_auth_brown_bread,200ml brown bread,transliteration,en
food_auth_brown_bread,ek brown bread,transliteration,en
food_auth_brown_bread,500ml brown bread,transliteration,en
food_auth_brown_bread,brooown bread,transliteration,en
food_auth_brown_bread,brown brad,transliteration,en
food_auth_brown_bread,250ml brown bread,transliteration,en
food_auth_brown_bread,1 katori brown bread,transliteration,en
food_auth_brown_bread,brownnnn bread,transliteration,en
food_auth_brown_bread,brown brrrread,transliteration,en
food_auth_brown_bread,rbown bread,transliteration,en
food_auth_brown_bread,be brown bread,transliteration,en
food_auth_brown_bread,brown berad,transliteration,en
food_auth_brown_bread,brrrrown bread,transliteration,en
food_auth_brown_bread,char brown bread,transliteration,en
food_auth_brown_bread,brown rbead,transliteration,en
food_auth_brown_bread,brown breeead,transliteration,en
food_auth_brown_bread,brwon bread,transliteration,en
food_auth_brown_bread,100g brown bread,transliteration,en
food_auth_brown_bread,brown bresd,transliteration,en
food_auth_brown_bread,brown breaddd,transliteration,en
food_auth_brown_bread,brown breaaaad,transliteration,en
food_auth_brown_bread,bown bread,transliteration,en
food_auth_brown_bread,brown braed,transliteration,en
food_auth_brown_bread,1 bowl brown bread,transliteration,en
food_auth_brown_bread,half glass brown bread,transliteration,en
food_auth_brown_bread,brovn bread,transliteration,en
food_auth_brown_bread,brownb read,transliteration,en
food_auth_brown_bread,bhrown bhread,transliteration,en
food_f9aa6fa5,peanutttt butter,transliteration,en
food_f9aa6fa5,panch peanut butter,transliteration,en
food_f9aa6fa5,100ml peanut butter,transliteration,en
food_f9aa6fa5,peaanut butter,transliteration,en
food_f9aa6fa5,peanut bhutter,transliteration,en
food_f9aa6fa5,peanut ubtter,transliteration,en
food_f9aa6fa5,peanu tbutter,transliteration,en
food_f9aa6fa5,peanut utter,transliteration,en
food_f9aa6fa5,pwanut butter,transliteration,en
food_f9aa6fa5,peanutb utter,transliteration,en
food_f9aa6fa5,oeanut butter,transliteration,en
food_f9aa6fa5,peanut butteeeer,transliteration,en
food_f9aa6fa5,small bowl peanut butter,transliteration,en
food_f9aa6fa5,100g peanut butter,transliteration,en
food_f9aa6fa5,2 glasses peanut butter,transliteration,en
food_f9aa6fa5,peanut butetr,transliteration,en
food_f9aa6fa5,ek glass peanut butter,transliteration,en
food_f9aa6fa5,peanut butrer,transliteration,en
food_f9aa6fa5,char peanut butter,transliteration,en
food_f9aa6fa5,1 katori peanut butter,transliteration,en
food_f9aa6fa5,peannnnut butter,transliteration,en
food_f9aa6fa5,2 cups peanut butter,transliteration,en
food_f9aa6fa5,200ml peanut butter,transliteration,en
food_f9aa6fa5,peanuuuut butter,transliteration,en
food_f9aa6fa5,peeeanut butter,transliteration,en
food_f9aa6fa5,peanur butter,transliteration,en
food_f9aa6fa5,peantu butter,transliteration,en
food_f9aa6fa5,ek katori peanut butter,transliteration,en
food_f9aa6fa5,ek peanut butter,transliteration,en
food_f9aa6fa5,5 pieces peanut butter,transliteration,en
food_f9aa6fa5,peanut buttwr,transliteration,en
food_f9aa6fa5,ek cup peanut butter,transliteration,en
food_f9aa6fa5,1 bowl peanut butter,transliteration,en
food_f9aa6fa5,peanut buttr,transliteration,en
food_f9aa6fa5,penut butter,transliteration,en
food_f9aa6fa5,peanut btuter,transliteration,en
food_f9aa6fa5,peanut buttet,transliteration,en
food_f9aa6fa5,ek vaati peanut butter,transliteration,en
food_f9aa6fa5,peaaanut butter,transliteration,en
food_f9aa6fa5,500ml peanut butter,transliteration,en
food_f9aa6fa5,3 pieces peanut butter,transliteration,en
food_f9aa6fa5,1 glass peanut butter,transliteration,en
food_f9aa6fa5,be peanut butter,transliteration,en
food_f9aa6fa5,peanutbutter,transliteration,en
food_f9aa6fa5,peamut butter,transliteration,en
food_f9aa6fa5,peanut butteeer,transliteration,en
food_f9aa6fa5,peeeeanut butter,transliteration,en
food_f9aa6fa5,500g peanut butter,transliteration,en
food_f9aa6fa5,peanut btter,transliteration,en
food_f9aa6fa5,peanut butttter,transliteration,en
food_f9aa6fa5,peanut buttre,transliteration,en
food_f9aa6fa5,peaaaanut butter,transliteration,en
food_f9aa6fa5,be vaati peanut butter,transliteration,en
food_f9aa6fa5,1 piece peanut butter,transliteration,en
food_f9aa6fa5,50g peanut butter,transliteration,en
food_f9aa6fa5,tran peanut butter,transliteration,en
food_f9aa6fa5,1 cup peanut butter,transliteration,en
food_f9aa6fa5,peannnut butter,transliteration,en
food_f9aa6fa5,250ml peanut butter,transliteration,en
food_f9aa6fa5,peanut burter,transliteration,en
food_f9aa6fa5,penaut butter,transliteration,en
food_f9aa6fa5,peanoot bootter,transliteration,en
food_f9aa6fa5,peanuttt butter,transliteration,en
food_f9aa6fa5,peanut buttttter,transliteration,en
food_f9aa6fa5,half glass peanut butter,transliteration,en
food_f9aa6fa5,peaunt butter,transliteration,en
food_f9aa6fa5,panut butter,transliteration,en
food_f9aa6fa5,peaut butter,transliteration,en
food_f9aa6fa5,4 pieces peanut butter,transliteration,en
food_f9aa6fa5,peanu butter,transliteration,en
food_f9aa6fa5,2 bowls peanut butter,transliteration,en
food_f9aa6fa5,peanut butterrr,transliteration,en
food_f9aa6fa5,200g peanut butter,transliteration,en
food_f9aa6fa5,2 katori peanut butter,transliteration,en
food_f9aa6fa5,pesnut butter,transliteration,en
food_f9aa6fa5,peanuuut butter,transliteration,en
food_f9aa6fa5,150g peanut butter,transliteration,en
food_f9aa6fa5,peanut buter,transliteration,en
food_f9aa6fa5,250g peanut butter,transliteration,en
food_f9aa6fa5,big bowl peanut butter,transliteration,en
food_f9aa6fa5,peant butter,transliteration,en
food_f9aa6fa5,peanut buuutter,transliteration,en
food_f9aa6fa5,paenut butter,transliteration,en
food_f9aa6fa5,epanut butter,transliteration,en
food_f9aa6fa5,peanut buuuutter,transliteration,en
food_f9aa6fa5,peanuth buthther,transliteration,en
food_f9aa6fa5,2 pieces peanut butter,transliteration,en
food_f9aa6fa5,peanut butterrrr,transliteration,en
food_auth_marie_biscuit,1 glass marie biscuit,transliteration,en
food_auth_marie_biscuit,ek glass marie biscuit,transliteration,en
food_auth_marie_biscuit,maaarie biscuit,transliteration,en
food_auth_marie_biscuit,matie biscuit,transliteration,en
food_auth_marie_biscuit,big bowl marie biscuit,transliteration,en
food_auth_marie_biscuit,mari ebiscuit,transliteration,en
food_auth_marie_biscuit,amrie biscuit,transliteration,en
food_auth_marie_biscuit,2 katori marie biscuit,transliteration,en
food_auth_marie_biscuit,marie biscooit,transliteration,en
food_auth_marie_biscuit,half glass marie biscuit,transliteration,en
food_auth_marie_biscuit,100ml marie biscuit,transliteration,en
food_auth_marie_biscuit,marie biscuiiit,transliteration,en
food_auth_marie_biscuit,mare biscuit,transliteration,en
food_auth_marie_biscuit,marie biscit,transliteration,en
food_auth_marie_biscuit,1 piece marie biscuit,transliteration,en
food_auth_marie_biscuit,maie biscuit,transliteration,en
food_auth_marie_biscuit,marie bisciut,transliteration,en
food_auth_marie_biscuit,500ml marie biscuit,transliteration,en
food_auth_marie_biscuit,marie biscuir,transliteration,en
food_auth_marie_biscuit,1 bowl marie biscuit,transliteration,en
food_auth_marie_biscuit,mrie biscuit,transliteration,en
food_auth_marie_biscuit,marie biiiscuit,transliteration,en
food_auth_marie_biscuit,marie bhiscuit,transliteration,en
food_auth_marie_biscuit,marie biscuti,transliteration,en
food_auth_marie_biscuit,marei biscuit,transliteration,en
food_auth_marie_biscuit,marie biscuot,transliteration,en
food_auth_marie_biscuit,marieb iscuit,transliteration,en
food_auth_marie_biscuit,narie biscuit,transliteration,en
food_auth_marie_biscuit,200ml marie biscuit,transliteration,en
food_auth_marie_biscuit,mraie biscuit,transliteration,en
food_auth_marie_biscuit,marie biscuuuit,transliteration,en
food_auth_marie_biscuit,100g marie biscuit,transliteration,en
food_auth_marie_biscuit,ek marie biscuit,transliteration,en
food_auth_marie_biscuit,marie iscuit,transliteration,en
food_auth_marie_biscuit,maaaarie biscuit,transliteration,en
food_auth_marie_biscuit,mareee beescueet,transliteration,en
food_auth_marie_biscuit,50g marie biscuit,transliteration,en
food_auth_marie_biscuit,msrie biscuit,transliteration,en
food_auth_marie_biscuit,2 cups marie biscuit,transliteration,en
food_auth_marie_biscuit,200g marie biscuit,transliteration,en
food_auth_marie_biscuit,ek katori marie biscuit,transliteration,en
food_auth_marie_biscuit,marieee biscuit,transliteration,en
food_auth_marie_biscuit,4 pieces marie biscuit,transliteration,en
food_auth_marie_biscuit,marie bisssscuit,transliteration,en
food_auth_marie_biscuit,ek vaati marie biscuit,transliteration,en
food_auth_marie_biscuit,small bowl marie biscuit,transliteration,en
food_auth_marie_biscuit,be vaati marie biscuit,transliteration,en
food_auth_marie_biscuit,2 glasses marie biscuit,transliteration,en
food_auth_marie_biscuit,marie bissscuit,transliteration,en
food_auth_marie_biscuit,ek cup marie biscuit,transliteration,en
food_auth_marie_biscuit,3 pieces marie biscuit,transliteration,en
food_auth_marie_biscuit,marye byscuyt,transliteration,en
food_auth_marie_biscuit,mmmmarie biscuit,transliteration,en
food_auth_marie_biscuit,marie biscut,transliteration,en
food_auth_marie_biscuit,250g marie biscuit,transliteration,en
food_auth_marie_biscuit,marie bicsuit,transliteration,en
food_auth_marie_biscuit,marie biscuitttt,transliteration,en
food_auth_marie_biscuit,mariw biscuit,transliteration,en
food_auth_marie_biscuit,1 katori marie biscuit,transliteration,en
food_auth_marie_biscuit,marie biacuit,transliteration,en
food_auth_marie_biscuit,marie boscuit,transliteration,en
food_auth_marie_biscuit,marie biscuiiiit,transliteration,en
food_auth_marie_biscuit,marie biscuittt,transliteration,en
food_auth_marie_biscuit,be marie biscuit,transliteration,en
food_auth_marie_biscuit,250ml marie biscuit,transliteration,en
food_auth_marie_biscuit,mari biscuit,transliteration,en
food_auth_marie_biscuit,marrrrie biscuit,transliteration,en
food_auth_marie_biscuit,500g marie biscuit,transliteration,en
food_auth_marie_biscuit,maire biscuit,transliteration,en
food_auth_marie_biscuit,char marie biscuit,transliteration,en
food_auth_marie_biscuit,marie bisuit,transliteration,en
food_auth_marie_biscuit,maroe biscuit,transliteration,en
food_auth_marie_biscuit,maarie biscuit,transliteration,en
food_auth_marie_biscuit,marie biiiiscuit,transliteration,en
food_auth_marie_biscuit,panch marie biscuit,transliteration,en
food_auth_marie_biscuit,2 bowls marie biscuit,transliteration,en
food_auth_marie_biscuit,tran marie biscuit,transliteration,en
food_auth_marie_biscuit,marie ibscuit,transliteration,en
food_auth_marie_biscuit,marie biscuith,transliteration,en
food_auth_marie_biscuit,marie bishcuit,transliteration,en
food_auth_marie_biscuit,marrrie biscuit,transliteration,en
food_auth_marie_biscuit,mariebiscuit,transliteration,en
food_auth_marie_biscuit,marie bsicuit,transliteration,en
food_auth_marie_biscuit,mmmarie biscuit,transliteration,en
food_auth_marie_biscuit,mariiiie biscuit,transliteration,en
food_auth_marie_biscuit,1 cup marie biscuit,transliteration,en
food_auth_marie_biscuit,150g marie biscuit,transliteration,en
food_auth_marie_biscuit,marie bicuit,transliteration,en
food_auth_marie_biscuit,2 pieces marie biscuit,transliteration,en
food_auth_marie_biscuit,marie biscuuuuit,transliteration,en
food_auth_marie_biscuit,marieeee biscuit,transliteration,en
food_auth_marie_biscuit,5 pieces marie biscuit,transliteration,en
food_auth_marie_biscuit,marie bisucit,transliteration,en
food_auth_marie_biscuit,marie bscuit,transliteration,en
food_auth_marie_biscuit,mariiie biscuit,transliteration,en
food_auth_dahi_puri,1 dahipuri,transliteration,en
food_auth_dahi_puri,hot dahi puri,transliteration,en
food_auth_dahi_puri,savare nasto dahi puri,transliteration,en
food_auth_dahi_puri,do dahipuri,transliteration,en
food_auth_dahi_puri,tea time dahi puri,transliteration,en
food_auth_dahi_puri,glass dahipuri,transliteration,en
food_auth_dahi_puri,bowl dahipuri,transliteration,en
food_auth_dahi_puri,haldiram style dahi puri,transliteration,en
food_auth_dahi_puri,fresh dahi puri,transliteration,en
food_auth_dahi_puri,crispy dahi puri,transliteration,en
food_auth_dahi_puri,be dahipuri,transliteration,en
food_auth_dahi_puri,evening snack dahi puri,transliteration,en
food_auth_dahi_puri,extra sev dahi puri,transliteration,en
food_auth_dahi_puri,dahi puri,primary,en
food_auth_dahi_puri,2 dahipuri,transliteration,en
food_auth_dahi_puri,ek dahipuri,transliteration,en
food_auth_dahi_puri,3 dahipuri,transliteration,en
food_auth_dahi_puri,dahipuri,transliteration,en
food_auth_dahi_puri,tran dahipuri,transliteration,en
food_auth_dahi_puri,teen dahipuri,transliteration,en
food_auth_dahi_puri,spicy dahi puri,transliteration,en
food_auth_dahi_puri,street style dahi puri,transliteration,en
food_f34ae28a,tran dahivada,transliteration,en
food_f34ae28a,fresh dahi vada,transliteration,en
food_f34ae28a,1 dahivada,transliteration,en
food_f34ae28a,do dahivada,transliteration,en
food_f34ae28a,teen dahivada,transliteration,en
food_f34ae28a,be dahivada,transliteration,en
food_f34ae28a,haldiram style dahi vada,transliteration,en
food_f34ae28a,evening snack dahi vada,transliteration,en
food_f34ae28a,street style dahi vada,transliteration,en
food_f34ae28a,bowl dahivada,transliteration,en
food_f34ae28a,ek dahivada,transliteration,en
food_f34ae28a,dahivada,transliteration,en
food_f34ae28a,3 dahivada,transliteration,en
food_f34ae28a,spicy dahi vada,transliteration,en
food_f34ae28a,extra sev dahi vada,transliteration,en
food_f34ae28a,hot dahi vada,transliteration,en
food_f34ae28a,glass dahivada,transliteration,en
food_f34ae28a,savare nasto dahi vada,transliteration,en
food_f34ae28a,tea time dahi vada,transliteration,en
food_f34ae28a,crispy dahi vada,transliteration,en
food_f34ae28a,2 dahivada,transliteration,en
food_24f2aa76,3 alootikki,transliteration,en
food_24f2aa76,1 alootikki,transliteration,en
food_24f2aa76,savare nasto aloo tikki,transliteration,en
food_24f2aa76,teen alootikki,transliteration,en
food_24f2aa76,do alootikki,transliteration,en
food_24f2aa76,haldiram style aloo tikki,transliteration,en
food_24f2aa76,tea time aloo tikki,transliteration,en
food_24f2aa76,spicy aloo tikki,transliteration,en
food_24f2aa76,alootikki,transliteration,en
food_24f2aa76,street style aloo tikki,transliteration,en
food_24f2aa76,hot aloo tikki,transliteration,en
food_24f2aa76,extra sev aloo tikki,transliteration,en
food_24f2aa76,evening snack aloo tikki,transliteration,en
food_24f2aa76,fresh aloo tikki,transliteration,en
food_24f2aa76,2 alootikki,transliteration,en
food_24f2aa76,glass alootikki,transliteration,en
food_24f2aa76,bowl alootikki,transliteration,en
food_24f2aa76,crispy aloo tikki,colloquial_alias,en
food_24f2aa76,tran alootikki,transliteration,en
food_24f2aa76,ek alootikki,transliteration,en
food_24f2aa76,be alootikki,transliteration,en
food_a3e65aa6,1 upmacoffee,transliteration,en
food_a3e65aa6,bowl upmacoffee,transliteration,en
food_a3e65aa6,2 upmacoffee,transliteration,en
food_a3e65aa6,do upmacoffee,transliteration,en
food_a3e65aa6,tran upmacoffee,transliteration,en
food_a3e65aa6,ek upmacoffee,transliteration,en
food_a3e65aa6,be upmacoffee,transliteration,en
food_a3e65aa6,3 upmacoffee,transliteration,en
food_a3e65aa6,teen upmacoffee,transliteration,en
food_a3e65aa6,upmacoffee,transliteration,en
food_a3e65aa6,glass upmacoffee,transliteration,en
food_47690408,dosacoffee,transliteration,en
food_47690408,3 dosacoffee,transliteration,en
food_47690408,do dosacoffee,transliteration,en
food_47690408,tran dosacoffee,transliteration,en
food_47690408,2 dosacoffee,transliteration,en
food_47690408,glass dosacoffee,transliteration,en
food_47690408,be dosacoffee,transliteration,en
food_47690408,bowl dosacoffee,transliteration,en
food_47690408,ek dosacoffee,transliteration,en
food_47690408,1 dosacoffee,transliteration,en
food_47690408,teen dosacoffee,transliteration,en
food_dbecf302,sabudanakhichdi,transliteration,en
food_dbecf302,2 sabudanakhichdi,transliteration,en
food_dbecf302,3 sabudanakhichdi,transliteration,en
food_dbecf302,साबूदाना खिचड़ी,hindi_script,hi
food_dbecf302,tran sabudanakhichdi,transliteration,en
food_dbecf302,1 sabudanakhichdi,transliteration,en
food_dbecf302,do sabudanakhichdi,transliteration,en
food_dbecf302,ek sabudanakhichdi,transliteration,en
food_dbecf302,be sabudanakhichdi,transliteration,en
food_dbecf302,glass sabudanakhichdi,transliteration,en
food_dbecf302,teen sabudanakhichdi,transliteration,en
food_dbecf302,bowl sabudanakhichdi,transliteration,en
food_888bc6c6,bowl sabudanavada,transliteration,en
food_888bc6c6,teen sabudanavada,transliteration,en
food_888bc6c6,ek sabudanavada,transliteration,en
food_888bc6c6,sabudanavada,transliteration,en
food_888bc6c6,do sabudanavada,transliteration,en
food_888bc6c6,3 sabudanavada,transliteration,en
food_888bc6c6,1 sabudanavada,transliteration,en
food_888bc6c6,be sabudanavada,transliteration,en
food_888bc6c6,साबूदाना वड़ा,regional_script,hi
food_888bc6c6,glass sabudanavada,transliteration,en
food_888bc6c6,2 sabudanavada,transliteration,en
food_888bc6c6,tran sabudanavada,transliteration,en
food_auth_kanda_poha,bowl kandapoha,transliteration,en
food_auth_kanda_poha,कांदा पोहा,hindi_script,hi
food_auth_kanda_poha,3 kandapoha,transliteration,en
food_auth_kanda_poha,teen kandapoha,transliteration,en
food_auth_kanda_poha,2 kandapoha,transliteration,en
food_auth_kanda_poha,kandapoha,transliteration,en
food_auth_kanda_poha,do kandapoha,transliteration,en
food_auth_kanda_poha,kanda poha,primary,en
food_auth_kanda_poha,1 kandapoha,transliteration,en
food_auth_kanda_poha,glass kandapoha,transliteration,en
food_auth_kanda_poha,tran kandapoha,transliteration,en
food_auth_kanda_poha,be kandapoha,transliteration,en
food_auth_kanda_poha,ek kandapoha,transliteration,en
food_3ab2958c,glass misalpav,transliteration,en
food_3ab2958c,bowl misalpav,transliteration,en
food_3ab2958c,3 misalpav,transliteration,en
food_3ab2958c,kolhapuri tarri misal,transliteration,en
food_3ab2958c,मिसळ पाव,hindi_script,hi
food_3ab2958c,1 misalpav,transliteration,en
food_3ab2958c,misalpav,transliteration,en
food_3ab2958c,be misalpav,transliteration,en
food_3ab2958c,teen misalpav,transliteration,en
food_3ab2958c,ek misalpav,transliteration,en
food_3ab2958c,tran misalpav,transliteration,en
food_3ab2958c,puneri spicy misal pav,transliteration,en
food_3ab2958c,2 misalpav,transliteration,en
food_3ab2958c,do misalpav,transliteration,en
food_auth_usal_pav,1 usalpav,transliteration,en
food_auth_usal_pav,ek usalpav,transliteration,en
food_auth_usal_pav,teen usalpav,transliteration,en
food_auth_usal_pav,usal pav,primary,en
food_auth_usal_pav,be usalpav,transliteration,en
food_auth_usal_pav,do usalpav,transliteration,en
food_auth_usal_pav,glass usalpav,transliteration,en
food_auth_usal_pav,bowl usalpav,transliteration,en
food_auth_usal_pav,tran usalpav,transliteration,en
food_auth_usal_pav,2 usalpav,transliteration,en
food_auth_usal_pav,usalpav,transliteration,en
food_auth_usal_pav,3 usalpav,transliteration,en
food_06cbecd7,tran sevusal,transliteration,en
food_06cbecd7,teen sevusal,transliteration,en
food_06cbecd7,3 sevusal,transliteration,en
food_06cbecd7,1 sevusal,transliteration,en
food_06cbecd7,sevusal,transliteration,en
food_06cbecd7,ek sevusal,transliteration,en
food_06cbecd7,be sevusal,transliteration,en
food_06cbecd7,bowl sevusal,transliteration,en
food_06cbecd7,2 sevusal,transliteration,en
food_06cbecd7,glass sevusal,transliteration,en
food_06cbecd7,do sevusal,transliteration,en
food_auth_mango_lassi,hot mango lassi,transliteration,en
food_auth_mango_lassi,2 cups mango lassi,transliteration,en
food_auth_mango_lassi,mango lassi,primary,en
food_auth_mango_lassi,be mangolassi,transliteration,en
food_auth_mango_lassi,without ice mango lassi,transliteration,en
food_auth_mango_lassi,sugar free mango lassi,transliteration,en
food_auth_mango_lassi,2 mangolassi,transliteration,en
food_auth_mango_lassi,mangolassi,transliteration,en
food_auth_mango_lassi,1 mangolassi,transliteration,en
food_auth_mango_lassi,pitcher mango lassi,transliteration,en
food_auth_mango_lassi,1 bottle mango lassi,transliteration,en
food_auth_mango_lassi,glass mangolassi,transliteration,en
food_auth_mango_lassi,1 glass mango lassi,transliteration,en
food_auth_mango_lassi,without sugar mango lassi,transliteration,en
food_auth_mango_lassi,1 cup mango lassi,transliteration,en
food_auth_mango_lassi,ek mangolassi,transliteration,en
food_auth_mango_lassi,chilled mango lassi,transliteration,en
food_auth_mango_lassi,teen mangolassi,transliteration,en
food_auth_mango_lassi,bowl mangolassi,transliteration,en
food_auth_mango_lassi,strong kadak mango lassi,transliteration,en
food_auth_mango_lassi,3 mangolassi,transliteration,en
food_auth_mango_lassi,tran mangolassi,transliteration,en
food_auth_mango_lassi,2 glasses mango lassi,transliteration,en
food_auth_mango_lassi,refreshing mango lassi,transliteration,en
food_auth_mango_lassi,do mangolassi,transliteration,en
food_auth_mango_lassi,extra sweet mango lassi,transliteration,en
food_43691976,kathiyawadi dal dhokli,transliteration,en
food_43691976,દાળ ઢોકળી,gujarati_script,gu
food_b18ae2ea,ફાફડા જલેબી,gujarati_script,gu
food_98ccf74f,સેવ ખમણી,gujarati_script,gu
food_e8c2c303,locho,colloquial_alias,en
food_auth_locho,લોચો,gujarati_script,gu
food_auth_locho,butter garlic locho,transliteration,en
food_e8c2c303,cheese locho,colloquial_alias,en
food_4eda948c,fresh patra,transliteration,en
food_4eda948c,haldiram style patra,transliteration,en
food_4eda948c,spicy patra,transliteration,en
food_4eda948c,પાતરા,gujarati_script,gu
food_4eda948c,evening snack patra,transliteration,en
food_4eda948c,with green chutney patra,transliteration,en
food_4eda948c,hot patra,transliteration,en
food_4eda948c,shallow fried crispy patra,transliteration,en
food_4eda948c,taro leaves pinwheel patra,transliteration,en
food_4eda948c,2 patra with chutney,transliteration,en
food_4eda948c,street style patra,transliteration,en
food_4eda948c,savare nasto patra,transliteration,en
food_4eda948c,tea time patra,transliteration,en
food_4eda948c,extra sev patra,transliteration,en
food_4eda948c,crispy patra,transliteration,en
food_auth_mag_nu_shaak,મગનું શાક,gujarati_script,gu
food_auth_mag_nu_shaak,mag nu shaak,primary,en
food_auth_mag_nu_shaak,whole moong sabzi gujarati,transliteration,en
food_dcf41a95,મોહનથાળ,gujarati_script,gu
food_210e077d,अमृतसरी कुलचा,hindi_script,hi
food_654c6acc,पनीर टिक्का,hindi_script,hi
food_fcecee97,wheat dry fruit pinni,transliteration,en
food_fcecee97,पिन्नी,hindi_script,hi
food_fcecee97,punjabi pinni,transliteration,en
food_a4e6fcf6,थालीपीठ,regional_script,hi
food_52cc9004,1 glass sol kadhi,transliteration,en
food_52cc9004,chilled sol kadhi,transliteration,en
food_52cc9004,2 cups sol kadhi,transliteration,en
food_52cc9004,without ice sol kadhi,transliteration,en
food_52cc9004,hot sol kadhi,transliteration,en
food_52cc9004,सोल कढी,hindi_script,hi
food_52cc9004,pitcher sol kadhi,transliteration,en
food_52cc9004,without sugar sol kadhi,transliteration,en
food_52cc9004,1 cup sol kadhi,transliteration,en
food_52cc9004,2 glasses sol kadhi,transliteration,en
food_52cc9004,refreshing sol kadhi,transliteration,en
food_52cc9004,extra sweet sol kadhi,transliteration,en
food_52cc9004,strong kadak sol kadhi,transliteration,en
food_52cc9004,1 bottle sol kadhi,transliteration,en
food_52cc9004,sugar free sol kadhi,transliteration,en
food_7167d434,पिठलं भाकरी,hindi_script,hi
food_1cf3f08e,ಬಿಸಿ ಬೇಳೆ ಬಾತ್,transliteration,en
food_edfed663,ven pongal,transliteration,en
food_edfed663,ghee pepper cashew pongal,transliteration,en
food_edfed663,ವೆಣ್ ಪೊಂಗಲ್,transliteration,en
food_auth_appam_with_stew,appam with stew,primary,en
food_auth_appam_with_stew,ആപ്പം,transliteration,en
food_auth_appam_with_stew,appam with vegetable stew,transliteration,en
food_auth_puttu_kadala_curry,പുട്ട്,transliteration,en
food_auth_puttu_kadala_curry,puttu kadala curry,primary,en
food_auth_puttu_kadala_curry,puttu and kadala curry,transliteration,en
food_auth_rasam_rice,rasam rice,primary,en
food_auth_rasam_rice,rasam sadam,transliteration,en
food_auth_rasam_rice,ರಸಂ ಅನ್ನ,transliteration,en
food_a27bf5fd,pesarattu upma,transliteration,en
food_a27bf5fd,పెసరట్టు,transliteration,en
food_31965de2,ragi mudde with saaru,transliteration,en
food_31965de2,karnataka finger millet balls,transliteration,en
food_31965de2,ರಾಗಿ ಮುದ್ದೆ,transliteration,en
food_31d87ea8,karnataka rice flour flatbread,transliteration,en
food_31d87ea8,ಅಕ್ಕಿ ರೊಟ್ಟಿ,transliteration,en
food_c4ac2417,दाल बाटी चूरमा,hindi_script,hi
food_e153d3de,गट्टे की सब्जी,hindi_script,hi
food_bf49f84a,केर सांगरी,hindi_script,hi
food_9f1df649,प्याज़ कचौड़ी,hindi_script,hi
food_9f1df649,pyaaz ki kachori,transliteration,en
food_0bbed19b,मिर्ची बड़ा,hindi_script,hi
food_0bbed19b,jodhpur mirchi bada,transliteration,en
food_803f0709,घेवर,hindi_script,hi
food_803f0709,teej special honeycomb sweet,transliteration,en
food_803f0709,malai ghevar,transliteration,en
food_auth_luchi_alur_dom,luchi alur dom,primary,en
food_auth_luchi_alur_dom,লুচি আলুর দম,transliteration,en
food_bf788aa1,ছোলার ডাল,transliteration,en
food_bf788aa1,cholar dal with coconut,transliteration,en
food_45b543ca,মিষ্টি দই,transliteration,en
food_d1db17fa,রসগোল্লা,transliteration,en
food_32f34808,সন্দেশ,transliteration,en
food_4bbd3111,लिट्टी चोखा,regional_script,hi
food_36834678,कश्मीरी दम आलू,hindi_script,hi
food_36834678,kashmiri dum aloo,transliteration,en
food_ed505891,कश्मीरी कहवा,hindi_script,hi
food_drk_kashmiri_kahwa,kashmiri kahwa,primary,en
food_0f550502,रोगन जोश,hindi_script,hi
food_0f550502,traditional kashmiri aromatic gravy,transliteration,en
food_02b0ad57,अवधी बिरयानी,hindi_script,hi
food_02b0ad57,lucknowi dum biryani,transliteration,en
food_auth_ragda_pattice,extra sev ragda pattice,transliteration,en
food_auth_ragda_pattice,tea time ragda pattice,transliteration,en
food_auth_ragda_pattice,crispy ragda pattice,transliteration,en
food_auth_ragda_pattice,evening snack ragda pattice,transliteration,en
food_auth_ragda_pattice,savare nasto ragda pattice,transliteration,en
food_auth_ragda_pattice,spicy ragda pattice,transliteration,en
food_auth_ragda_pattice,hot ragda pattice,transliteration,en
food_auth_ragda_pattice,fresh ragda pattice,transliteration,en
food_auth_ragda_pattice,ragda pattice,primary,en
food_auth_ragda_pattice,street style ragda pattice,transliteration,en
food_auth_ragda_pattice,haldiram style ragda pattice,transliteration,en
food_1495086a,spicy methi na gota,transliteration,en
food_1495086a,hot methi na gota,transliteration,en
food_1495086a,fresh methi na gota,transliteration,en
food_1495086a,crispy methi na gota,transliteration,en
food_c57556e1,evening snack batata vada,transliteration,en
food_c57556e1,savare nasto batata vada,transliteration,en
food_c57556e1,tea time batata vada,transliteration,en
food_c57556e1,fresh batata vada,transliteration,en
food_c57556e1,crispy batata vada,transliteration,en
food_c57556e1,hot batata vada,transliteration,en
food_c57556e1,haldiram style batata vada,transliteration,en
food_c57556e1,street style batata vada,transliteration,en
food_c57556e1,extra sev batata vada,transliteration,en
food_c57556e1,spicy batata vada,transliteration,en
food_592bc123,haldiram style bread pakora,transliteration,en
food_592bc123,extra sev bread pakora,transliteration,en
food_592bc123,tea time bread pakora,transliteration,en
food_592bc123,spicy bread pakora,transliteration,en
food_592bc123,crispy bread pakora,transliteration,en
food_592bc123,evening snack bread pakora,transliteration,en
food_592bc123,fresh bread pakora,transliteration,en
food_592bc123,savare nasto bread pakora,transliteration,en
food_592bc123,hot bread pakora,transliteration,en
food_592bc123,street style bread pakora,transliteration,en
food_auth_paneer_pakora,hot paneer pakora,transliteration,en
food_auth_paneer_pakora,street style paneer pakora,transliteration,en
food_auth_paneer_pakora,tea time paneer pakora,transliteration,en
food_auth_paneer_pakora,evening snack paneer pakora,transliteration,en
food_auth_paneer_pakora,fresh paneer pakora,transliteration,en
food_auth_paneer_pakora,haldiram style paneer pakora,transliteration,en
food_auth_paneer_pakora,extra sev paneer pakora,transliteration,en
food_auth_paneer_pakora,spicy paneer pakora,transliteration,en
food_auth_paneer_pakora,crispy paneer pakora,transliteration,en
food_auth_paneer_pakora,savare nasto paneer pakora,transliteration,en
food_auth_paneer_pakora,paneer pakora,primary,en
food_auth_onion_bhajiya,onion bhajiya,primary,en
food_auth_onion_bhajiya,crispy onion bhajiya,transliteration,en
food_auth_onion_bhajiya,savare nasto onion bhajiya,transliteration,en
food_auth_onion_bhajiya,extra sev onion bhajiya,transliteration,en
food_auth_onion_bhajiya,hot onion bhajiya,transliteration,en
food_auth_onion_bhajiya,haldiram style onion bhajiya,transliteration,en
food_auth_onion_bhajiya,fresh onion bhajiya,transliteration,en
food_auth_onion_bhajiya,evening snack onion bhajiya,transliteration,en
food_auth_onion_bhajiya,tea time onion bhajiya,transliteration,en
food_auth_onion_bhajiya,spicy onion bhajiya,transliteration,en
food_auth_onion_bhajiya,street style onion bhajiya,transliteration,en
food_auth_mirchi_pakora,savare nasto mirchi pakora,transliteration,en
food_auth_mirchi_pakora,tea time mirchi pakora,transliteration,en
food_auth_mirchi_pakora,crispy mirchi pakora,transliteration,en
food_auth_mirchi_pakora,street style mirchi pakora,transliteration,en
food_auth_mirchi_pakora,extra sev mirchi pakora,transliteration,en
food_auth_mirchi_pakora,haldiram style mirchi pakora,transliteration,en
food_auth_mirchi_pakora,spicy mirchi pakora,transliteration,en
food_auth_mirchi_pakora,evening snack mirchi pakora,transliteration,en
food_auth_mirchi_pakora,hot mirchi pakora,transliteration,en
food_6aecec2b,mirchi pakora,colloquial_alias,en
food_auth_mirchi_pakora,fresh mirchi pakora,transliteration,en
food_auth_chakli,crispy chakli,transliteration,en
food_auth_chakli,hot chakli,transliteration,en
food_auth_chakli,extra sev chakli,transliteration,en
food_auth_chakli,fresh chakli,transliteration,en
food_auth_chakli,tea time chakli,transliteration,en
food_auth_chakli,savare nasto chakli,transliteration,en
food_auth_chakli,chakli,primary,en
food_auth_chakli,spicy chakli,transliteration,en
food_auth_chakli,street style chakli,transliteration,en
food_auth_chakli,2 chakli with chutney,transliteration,en
food_auth_chakli,evening snack chakli,transliteration,en
food_auth_chakli,haldiram style chakli,transliteration,en
food_auth_chakli,with green chutney chakli,transliteration,en
food_2946d83b,hot gathiya,transliteration,en
food_2946d83b,with green chutney gathiya,transliteration,en
food_2946d83b,haldiram style gathiya,transliteration,en
food_2946d83b,extra sev gathiya,transliteration,en
food_2946d83b,savare nasto gathiya,transliteration,en
food_2946d83b,crispy gathiya,transliteration,en
food_2946d83b,evening snack gathiya,transliteration,en
food_snk_tikha_gathiya,spicy gathiya,colloquial_alias,en
food_2946d83b,2 gathiya with chutney,transliteration,en
food_2946d83b,street style gathiya,transliteration,en
food_2946d83b,fresh gathiya,transliteration,en
food_2946d83b,tea time gathiya,transliteration,en
food_7ed7d455,crispy sev,transliteration,en
food_7ed7d455,haldiram style sev,transliteration,en
food_7ed7d455,fresh sev,transliteration,en
food_7ed7d455,evening snack sev,transliteration,en
food_7ed7d455,savare nasto sev,transliteration,en
food_7ed7d455,street style sev,transliteration,en
food_7ed7d455,with green chutney sev,transliteration,en
food_7ed7d455,hot sev,transliteration,en
food_7ed7d455,spicy sev,transliteration,en
food_7ed7d455,2 sev with chutney,transliteration,en
food_7ed7d455,extra sev sev,transliteration,en
food_7ed7d455,tea time sev,transliteration,en
food_auth_aloo_bhujia,fresh aloo bhujia,transliteration,en
food_auth_aloo_bhujia,spicy aloo bhujia,transliteration,en
food_auth_aloo_bhujia,tea time aloo bhujia,transliteration,en
food_auth_aloo_bhujia,crispy aloo bhujia,transliteration,en
food_auth_aloo_bhujia,aloo bhujia,primary,en
food_auth_aloo_bhujia,savare nasto aloo bhujia,transliteration,en
food_auth_aloo_bhujia,street style aloo bhujia,transliteration,en
food_auth_aloo_bhujia,evening snack aloo bhujia,transliteration,en
food_auth_aloo_bhujia,hot aloo bhujia,transliteration,en
food_auth_aloo_bhujia,haldiram style aloo bhujia,transliteration,en
food_auth_aloo_bhujia,extra sev aloo bhujia,transliteration,en
food_auth_poha_chivda,tea time poha chivda,transliteration,en
food_auth_poha_chivda,extra sev poha chivda,transliteration,en
food_auth_poha_chivda,fresh poha chivda,transliteration,en
food_auth_poha_chivda,evening snack poha chivda,transliteration,en
food_auth_poha_chivda,savare nasto poha chivda,transliteration,en
food_auth_poha_chivda,crispy poha chivda,transliteration,en
food_auth_poha_chivda,poha chivda,transliteration,hi
food_auth_poha_chivda,spicy poha chivda,transliteration,en
food_auth_poha_chivda,street style poha chivda,transliteration,en
food_auth_poha_chivda,hot poha chivda,transliteration,en
food_auth_poha_chivda,haldiram style poha chivda,transliteration,en
food_e01b2460,savare nasto mathri,transliteration,en
food_e01b2460,with green chutney mathri,transliteration,en
food_e01b2460,extra sev mathri,transliteration,en
food_e01b2460,tea time mathri,transliteration,en
food_e01b2460,fresh mathri,transliteration,en
food_e01b2460,street style mathri,transliteration,en
food_e01b2460,2 mathri with chutney,transliteration,en
food_e01b2460,spicy mathri,transliteration,en
food_e01b2460,evening snack mathri,transliteration,en
food_e01b2460,haldiram style mathri,transliteration,en
food_e01b2460,hot mathri,transliteration,en
food_e01b2460,crispy mathri,transliteration,en
food_auth_namak_para,crispy namak para,transliteration,en
food_auth_namak_para,savare nasto namak para,transliteration,en
food_auth_namak_para,extra sev namak para,transliteration,en
food_auth_namak_para,spicy namak para,transliteration,en
food_auth_namak_para,haldiram style namak para,transliteration,en
food_auth_namak_para,street style namak para,transliteration,en
food_auth_namak_para,namak para,primary,en
food_auth_namak_para,hot namak para,transliteration,en
food_auth_namak_para,tea time namak para,transliteration,en
food_auth_namak_para,fresh namak para,transliteration,en
food_auth_namak_para,evening snack namak para,transliteration,en
food_54b9fdaf,fresh spring roll,transliteration,en
food_54b9fdaf,crispy spring roll,transliteration,en
food_54b9fdaf,savare nasto spring roll,transliteration,en
food_54b9fdaf,evening snack spring roll,transliteration,en
food_54b9fdaf,extra sev spring roll,transliteration,en
food_54b9fdaf,spicy spring roll,transliteration,en
food_54b9fdaf,haldiram style spring roll,transliteration,en
food_54b9fdaf,tea time spring roll,transliteration,en
food_54b9fdaf,hot spring roll,transliteration,en
food_54b9fdaf,street style spring roll,transliteration,en
food_auth_veg_momos,savare nasto veg momos,transliteration,en
food_auth_veg_momos,fresh veg momos,transliteration,en
food_auth_veg_momos,hot veg momos,transliteration,en
food_auth_veg_momos,veg momos,primary,en
food_auth_veg_momos,extra sev veg momos,transliteration,en
food_auth_veg_momos,street style veg momos,transliteration,en
food_auth_veg_momos,evening snack veg momos,transliteration,en
food_auth_veg_momos,haldiram style veg momos,transliteration,en
food_auth_veg_momos,tea time veg momos,transliteration,en
food_auth_veg_momos,crispy veg momos,transliteration,en
food_auth_veg_momos,spicy veg momos,transliteration,en
food_auth_frankie,frankie,primary,en
food_auth_frankie,2 frankie with chutney,transliteration,en
food_auth_frankie,haldiram style frankie,transliteration,en
food_auth_frankie,extra sev frankie,transliteration,en
food_auth_frankie,with green chutney frankie,transliteration,en
food_auth_frankie,crispy frankie,transliteration,en
food_auth_frankie,tea time frankie,transliteration,en
food_auth_frankie,spicy frankie,transliteration,en
food_auth_frankie,savare nasto frankie,transliteration,en
food_auth_frankie,street style frankie,transliteration,en
food_auth_frankie,evening snack frankie,transliteration,en
food_auth_frankie,fresh frankie,transliteration,en
food_auth_frankie,hot frankie,transliteration,en
food_auth_kathi_roll,haldiram style kathi roll,transliteration,en
food_auth_kathi_roll,hot kathi roll,transliteration,en
food_auth_kathi_roll,spicy kathi roll,transliteration,en
food_auth_kathi_roll,extra sev kathi roll,transliteration,en
food_auth_kathi_roll,kathi roll,primary,en
food_auth_kathi_roll,crispy kathi roll,transliteration,en
food_auth_kathi_roll,tea time kathi roll,transliteration,en
food_auth_kathi_roll,savare nasto kathi roll,transliteration,en
food_auth_kathi_roll,street style kathi roll,transliteration,en
food_auth_kathi_roll,evening snack kathi roll,transliteration,en
food_auth_kathi_roll,fresh kathi roll,transliteration,en
food_auth_chana_chaat,savare nasto chana chaat,transliteration,en
food_auth_chana_chaat,crispy chana chaat,transliteration,en
food_auth_chana_chaat,street style chana chaat,transliteration,en
food_auth_chana_chaat,fresh chana chaat,transliteration,en
food_auth_chana_chaat,evening snack chana chaat,transliteration,en
food_auth_chana_chaat,haldiram style chana chaat,transliteration,en
food_auth_chana_chaat,spicy chana chaat,transliteration,en
food_auth_chana_chaat,tea time chana chaat,transliteration,en
food_auth_chana_chaat,extra sev chana chaat,transliteration,en
food_auth_chana_chaat,hot chana chaat,transliteration,en
food_auth_papdi_chaat,haldiram style papdi chaat,transliteration,en
food_auth_papdi_chaat,extra sev papdi chaat,transliteration,en
food_auth_papdi_chaat,savare nasto papdi chaat,transliteration,en
food_auth_papdi_chaat,crispy papdi chaat,transliteration,en
food_auth_papdi_chaat,tea time papdi chaat,transliteration,en
food_auth_papdi_chaat,spicy papdi chaat,transliteration,en
food_auth_papdi_chaat,fresh papdi chaat,transliteration,en
food_auth_papdi_chaat,hot papdi chaat,transliteration,en
food_auth_papdi_chaat,evening snack papdi chaat,transliteration,en
food_auth_papdi_chaat,papdi chaat,primary,en
food_auth_papdi_chaat,street style papdi chaat,transliteration,en
food_auth_adrak_wali_chai,chilled adrak wali chai,transliteration,en
food_auth_adrak_wali_chai,hot adrak wali chai,transliteration,en
food_auth_adrak_wali_chai,pitcher adrak wali chai,transliteration,en
food_auth_adrak_wali_chai,refreshing adrak wali chai,transliteration,en
food_auth_masala_chai,adrak wali chai,colloquial_alias,en
food_auth_elaichi_chai,chilled elaichi chai,transliteration,en
food_auth_elaichi_chai,extra sweet elaichi chai,transliteration,en
food_auth_elaichi_chai,without sugar elaichi chai,transliteration,en
food_auth_elaichi_chai,without ice elaichi chai,transliteration,en
food_auth_elaichi_chai,strong kadak elaichi chai,transliteration,en
food_auth_elaichi_chai,2 cups elaichi chai,transliteration,en
food_auth_elaichi_chai,pitcher elaichi chai,transliteration,en
food_auth_elaichi_chai,refreshing elaichi chai,transliteration,en
food_auth_elaichi_chai,1 bottle elaichi chai,transliteration,en
food_auth_elaichi_chai,1 cup elaichi chai,transliteration,en
food_auth_elaichi_chai,1 glass elaichi chai,transliteration,en
food_auth_masala_chai,elaichi chai,colloquial_alias,en
food_auth_elaichi_chai,hot elaichi chai,transliteration,en
food_auth_elaichi_chai,sugar free elaichi chai,transliteration,en
food_auth_elaichi_chai,2 glasses elaichi chai,transliteration,en
food_auth_lemon_tea,refreshing lemon tea,transliteration,en
food_auth_lemon_tea,sugar free lemon tea,transliteration,en
food_auth_lemon_tea,extra sweet lemon tea,transliteration,en
food_auth_lemon_tea,hot lemon tea,transliteration,en
food_auth_lemon_tea,chilled lemon tea,transliteration,en
food_auth_lemon_tea,1 cup lemon tea,transliteration,en
food_auth_lemon_tea,strong kadak lemon tea,transliteration,en
food_auth_lemon_tea,without ice lemon tea,transliteration,en
food_auth_lemon_tea,1 glass lemon tea,transliteration,en
food_auth_lemon_tea,lemon tea,primary,en
food_auth_lemon_tea,pitcher lemon tea,transliteration,en
food_auth_lemon_tea,without sugar lemon tea,transliteration,en
food_auth_lemon_tea,2 cups lemon tea,transliteration,en
food_auth_lemon_tea,2 glasses lemon tea,transliteration,en
food_auth_lemon_tea,1 bottle lemon tea,transliteration,en
food_greentea_001,sugar free green tea,transliteration,en
food_greentea_001,1 bottle green tea,transliteration,en
food_greentea_001,strong kadak green tea,transliteration,en
food_greentea_001,refreshing green tea,transliteration,en
food_greentea_001,1 cup green tea,transliteration,en
food_greentea_001,2 glasses green tea,transliteration,en
food_greentea_001,chilled green tea,transliteration,en
food_greentea_001,pitcher green tea,transliteration,en
food_greentea_001,without ice green tea,transliteration,en
food_greentea_001,hot green tea,transliteration,en
food_greentea_001,2 cups green tea,transliteration,en
food_greentea_001,extra sweet green tea,transliteration,en
food_greentea_001,without sugar green tea,transliteration,en
food_greentea_001,1 glass green tea,transliteration,en
food_81232ad9,chilled cold coffee,transliteration,en
food_81232ad9,1 glass cold coffee,transliteration,en
food_81232ad9,hot cold coffee,transliteration,en
food_81232ad9,2 cups cold coffee,transliteration,en
food_81232ad9,pitcher cold coffee,transliteration,en
food_81232ad9,sugar free cold coffee,transliteration,en
food_81232ad9,without sugar cold coffee,transliteration,en
food_81232ad9,2 glasses cold coffee,transliteration,en
food_81232ad9,without ice cold coffee,transliteration,en
food_81232ad9,1 cup cold coffee,transliteration,en
food_81232ad9,strong kadak cold coffee,transliteration,en
food_81232ad9,1 bottle cold coffee,transliteration,en
food_81232ad9,extra sweet cold coffee,transliteration,en
food_81232ad9,refreshing cold coffee,transliteration,en
food_auth_masala_chaas,without ice masala chaas,transliteration,en
food_auth_masala_chaas,hot masala chaas,transliteration,en
food_auth_masala_chaas,2 cups masala chaas,transliteration,en
food_auth_masala_chaas,refreshing masala chaas,transliteration,en
food_auth_masala_chaas,extra sweet masala chaas,transliteration,en
food_auth_masala_chaas,masala chaas,primary,en
food_auth_masala_chaas,1 bottle masala chaas,transliteration,en
food_auth_masala_chaas,chilled masala chaas,transliteration,en
food_auth_masala_chaas,strong kadak masala chaas,transliteration,en
food_auth_masala_chaas,without sugar masala chaas,transliteration,en
food_auth_masala_chaas,2 glasses masala chaas,transliteration,en
food_auth_masala_chaas,sugar free masala chaas,transliteration,en
food_auth_masala_chaas,1 glass masala chaas,transliteration,en
food_auth_masala_chaas,pitcher masala chaas,transliteration,en
food_auth_masala_chaas,1 cup masala chaas,transliteration,en
food_auth_jeera_chaas,extra sweet jeera chaas,transliteration,en
food_auth_jeera_chaas,pitcher jeera chaas,transliteration,en
food_auth_jeera_chaas,sugar free jeera chaas,transliteration,en
food_auth_jeera_chaas,1 bottle jeera chaas,transliteration,en
food_auth_jeera_chaas,2 glasses jeera chaas,transliteration,en
food_auth_jeera_chaas,chilled jeera chaas,transliteration,en
food_auth_jeera_chaas,strong kadak jeera chaas,transliteration,en
food_auth_jeera_chaas,without ice jeera chaas,transliteration,en
food_auth_jeera_chaas,hot jeera chaas,transliteration,en
food_auth_jeera_chaas,1 cup jeera chaas,transliteration,en
food_auth_jeera_chaas,2 cups jeera chaas,transliteration,en
food_auth_jeera_chaas,refreshing jeera chaas,transliteration,en
food_auth_jeera_chaas,without sugar jeera chaas,transliteration,en
food_auth_jeera_chaas,1 glass jeera chaas,transliteration,en
food_auth_masala_chaas,jeera chaas,colloquial_alias,en
food_auth_salted_lassi,sugar free salted lassi,transliteration,en
food_auth_salted_lassi,refreshing salted lassi,transliteration,en
food_auth_salted_lassi,salted lassi,primary,en
food_auth_salted_lassi,1 bottle salted lassi,transliteration,en
food_auth_salted_lassi,strong kadak salted lassi,transliteration,en
food_auth_salted_lassi,2 cups salted lassi,transliteration,en
food_auth_salted_lassi,pitcher salted lassi,transliteration,en
food_auth_salted_lassi,without sugar salted lassi,transliteration,en
food_auth_salted_lassi,extra sweet salted lassi,transliteration,en
food_auth_salted_lassi,1 cup salted lassi,transliteration,en
food_auth_salted_lassi,2 glasses salted lassi,transliteration,en
food_auth_salted_lassi,hot salted lassi,transliteration,en
food_auth_salted_lassi,without ice salted lassi,transliteration,en
food_auth_salted_lassi,1 glass salted lassi,transliteration,en
food_auth_salted_lassi,chilled salted lassi,transliteration,en
food_auth_shikanji,refreshing shikanji,transliteration,en
food_auth_nimbu_pani,shikanji,colloquial_alias,en
food_auth_shikanji,extra sweet shikanji,transliteration,en
food_auth_shikanji,without sugar shikanji,transliteration,en
food_auth_shikanji,chilled shikanji,transliteration,en
food_auth_shikanji,pitcher shikanji,transliteration,en
food_auth_shikanji,strong kadak shikanji,transliteration,en
food_auth_shikanji,2 glasses shikanji,transliteration,en
food_auth_shikanji,1 cup shikanji,transliteration,en
food_auth_shikanji,1 bottle shikanji,transliteration,en
food_auth_shikanji,hot shikanji,transliteration,en
food_auth_shikanji,1 glass shikanji,transliteration,en
food_auth_shikanji,2 cups shikanji,transliteration,en
food_auth_shikanji,with less ice shikanji,transliteration,en
food_auth_shikanji,sugar free shikanji,transliteration,en
food_auth_shikanji,without ice shikanji,transliteration,en
food_auth_aam_panna,sugar free aam panna,transliteration,en
food_auth_aam_panna,1 glass aam panna,transliteration,en
food_auth_aam_panna,1 cup aam panna,transliteration,en
food_auth_aam_panna,chilled aam panna,transliteration,en
food_auth_aam_panna,2 cups aam panna,transliteration,en
food_auth_aam_panna,refreshing aam panna,transliteration,en
food_auth_aam_panna,extra sweet aam panna,transliteration,en
food_auth_aam_panna,hot aam panna,transliteration,en
food_auth_aam_panna,pitcher aam panna,transliteration,en
food_auth_aam_panna,2 glasses aam panna,transliteration,en
food_auth_aam_panna,1 bottle aam panna,transliteration,en
food_auth_aam_panna,strong kadak aam panna,transliteration,en
food_auth_aam_panna,without ice aam panna,transliteration,en
food_auth_aam_panna,without sugar aam panna,transliteration,en
food_auth_kokum_sharbat,extra sweet kokum sharbat,transliteration,en
food_auth_kokum_sharbat,strong kadak kokum sharbat,transliteration,en
food_auth_kokum_sharbat,refreshing kokum sharbat,transliteration,en
food_auth_kokum_sharbat,pitcher kokum sharbat,transliteration,en
food_auth_kokum_sharbat,2 cups kokum sharbat,transliteration,en
food_auth_kokum_sharbat,1 cup kokum sharbat,transliteration,en
food_auth_kokum_sharbat,1 glass kokum sharbat,transliteration,en
food_auth_kokum_sharbat,2 glasses kokum sharbat,transliteration,en
food_auth_kokum_sharbat,1 bottle kokum sharbat,transliteration,en
food_auth_kokum_sharbat,kokum sharbat,transliteration,gu
food_auth_kokum_sharbat,hot kokum sharbat,transliteration,en
food_auth_kokum_sharbat,chilled kokum sharbat,transliteration,en
food_auth_kokum_sharbat,without sugar kokum sharbat,transliteration,en
food_auth_kokum_sharbat,without ice kokum sharbat,transliteration,en
food_auth_kokum_sharbat,sugar free kokum sharbat,transliteration,en
food_auth_nariyal_pani,chilled nariyal pani,transliteration,en
food_auth_nariyal_pani,1 cup nariyal pani,transliteration,en
food_auth_nariyal_pani,without ice nariyal pani,transliteration,en
food_auth_nariyal_pani,extra sweet nariyal pani,transliteration,en
food_auth_nariyal_pani,1 bottle nariyal pani,transliteration,en
food_auth_nariyal_pani,2 cups nariyal pani,transliteration,en
food_auth_nariyal_pani,without sugar nariyal pani,transliteration,en
food_auth_nariyal_pani,hot nariyal pani,transliteration,en
food_auth_nariyal_pani,strong kadak nariyal pani,transliteration,en
food_auth_nariyal_pani,pitcher nariyal pani,transliteration,en
food_auth_nariyal_pani,1 glass nariyal pani,transliteration,en
food_auth_nariyal_pani,2 glasses nariyal pani,transliteration,en
food_auth_nariyal_pani,refreshing nariyal pani,transliteration,en
food_52179bb8,nariyal pani,colloquial_alias,en
food_auth_nariyal_pani,sugar free nariyal pani,transliteration,en
food_eaacc7f4,extra sweet sattu sharbat,transliteration,en
food_eaacc7f4,1 glass sattu sharbat,transliteration,en
food_eaacc7f4,1 cup sattu sharbat,transliteration,en
food_eaacc7f4,chilled sattu sharbat,transliteration,en
food_eaacc7f4,refreshing sattu sharbat,transliteration,en
food_eaacc7f4,pitcher sattu sharbat,transliteration,en
food_eaacc7f4,1 bottle sattu sharbat,transliteration,en
food_eaacc7f4,2 cups sattu sharbat,transliteration,en
food_eaacc7f4,without sugar sattu sharbat,transliteration,en
food_eaacc7f4,without ice sattu sharbat,transliteration,en
food_eaacc7f4,hot sattu sharbat,transliteration,en
food_eaacc7f4,2 glasses sattu sharbat,transliteration,en
food_eaacc7f4,sugar free sattu sharbat,transliteration,en
food_eaacc7f4,strong kadak sattu sharbat,transliteration,en
food_auth_rooh_afza_milk,chilled rooh afza milk,transliteration,en
food_auth_rooh_afza_milk,hot rooh afza milk,transliteration,en
food_auth_rooh_afza_milk,pitcher rooh afza milk,transliteration,en
food_drk_rooh_afza,rooh afza milk,colloquial_alias,en
food_auth_rooh_afza_milk,refreshing rooh afza milk,transliteration,en
food_snk_bhavnagari_gathiya,bhavnagari gathiya,transliteration,gu
food_snk_bhavnagari_gathiya,bhavnagri gathiya,colloquial_alias,en
food_snk_bhavnagari_gathiya,भावनगरी गांठिया,regional_script,hi
food_snk_bhavnagari_gathiya,bhavnagari ganthiya,colloquial_alias,en
food_snk_bhavnagari_gathiya,gathiya bhavnagari,colloquial_alias,en
food_snk_bhavnagari_gathiya,ભાવનગરી ગાંઠિયા,regional_script,gu
food_snk_vanela_gathiya,वनेला गांठिया,regional_script,hi
food_snk_vanela_gathiya,વાણેલા ગાંઠિયા,regional_script,gu
food_snk_vanela_gathiya,vanela ganthiya,colloquial_alias,en
food_snk_vanela_gathiya,vanela gathiya,primary,en
food_snk_vanela_gathiya,kathiyawadi vanela gathiya,colloquial_alias,en
food_snk_vanela_gathiya,hot vanela gathiya,colloquial_alias,en
food_snk_tikha_gathiya,तीखा गांठिया,regional_script,hi
food_snk_tikha_gathiya,teekha gathiya,transliteration,hi
food_snk_tikha_gathiya,તીખા ગાંઠિયા,regional_script,gu
food_snk_tikha_gathiya,tikha gathiya,primary,en
food_snk_tikha_gathiya,tikha ganthiya,colloquial_alias,en
food_snk_papdi_gathiya,gujarati papdi,colloquial_alias,en
food_snk_papdi_gathiya,papdi gathiya,primary,en
food_snk_papdi_gathiya,પાપડી ગાંઠિયા,regional_script,gu
food_snk_papdi_gathiya,papdi farsan,colloquial_alias,en
food_snk_papdi_gathiya,besan papdi,colloquial_alias,en
food_snk_papdi_gathiya,पापड़ी गांठिया,regional_script,hi
food_snk_champakali_gathiya,ચંપાકલી ગાંઠિયા,regional_script,gu
food_snk_champakali_gathiya,champakali gathiya,primary,en
food_snk_champakali_gathiya,चंपाकली गांठिया,regional_script,hi
food_snk_champakali_gathiya,champakali ganthiya,colloquial_alias,en
food_snk_mari_gathiya,mari gathiya,transliteration,gu
food_snk_mari_gathiya,kali mirch gathiya,transliteration,hi
food_snk_mari_gathiya,mari ganthiya,colloquial_alias,en
food_snk_mari_gathiya,black pepper gathiya,colloquial_alias,en
food_snk_mari_gathiya,काली मिर्च गांठिया,regional_script,hi
food_snk_mari_gathiya,મરી ગાંઠિયા,regional_script,gu
food_1dfd9a1f,gujarati fafda,colloquial_alias,en
food_1dfd9a1f,fafda jalebi snack,colloquial_alias,en
food_snk_nylon_khaman,नायलॉन खमन,regional_script,hi
food_snk_nylon_khaman,nylon khaman,transliteration,gu
food_snk_nylon_khaman,નાયલોન ખમણ,regional_script,gu
food_snk_nylon_khaman,soft nylon khaman,colloquial_alias,en
food_snk_nylon_khaman,surti khaman,colloquial_alias,en
food_snk_nylon_khaman,spongy khaman,colloquial_alias,en
food_snk_amiri_khaman,अमीरी खमन,regional_script,hi
food_snk_amiri_khaman,crushed khaman with sev,colloquial_alias,en
food_snk_amiri_khaman,amiri khaman,transliteration,gu
food_snk_amiri_khaman,અમીરી ખમણ,regional_script,gu
food_snk_vati_dal_khaman,वाटी दाल खमन,regional_script,hi
food_snk_vati_dal_khaman,vati dal na khaman,transliteration,gu
food_snk_vati_dal_khaman,chana dal khaman,colloquial_alias,en
food_snk_vati_dal_khaman,વાટી દાળના ખમણ,regional_script,gu
food_snk_vati_dal_khaman,vati dal khaman,primary,en
food_snk_khatta_dhokla,khatta dhokla,transliteration,gu
food_snk_khatta_dhokla,ખાટા ઢોકળા,regional_script,gu
food_snk_khatta_dhokla,white dhokla,colloquial_alias,en
food_snk_khatta_dhokla,idada,colloquial_alias,en
food_snk_khatta_dhokla,safed dhokla,colloquial_alias,en
food_snk_khatta_dhokla,fermented dhokla,colloquial_alias,en
food_snk_khatta_dhokla,खट्टा ढोकला,regional_script,hi
food_snk_rava_dhokla,suji dhokla,colloquial_alias,en
food_snk_rava_dhokla,रवा ढोकला,regional_script,hi
food_snk_rava_dhokla,રવા ઢોકળા,regional_script,gu
food_snk_rava_dhokla,rava dhokla,primary,en
food_snk_rava_dhokla,instant rava dhokla,colloquial_alias,en
food_snk_sandwich_dhokla,sandwich dhokla,transliteration,hi
food_snk_sandwich_dhokla,layer dhokla,colloquial_alias,en
food_snk_sandwich_dhokla,સેન્ડવિચ ઢોકળા,regional_script,gu
food_snk_sandwich_dhokla,सैंडविच ढोकला,regional_script,hi
food_snk_sandwich_dhokla,tri color dhokla,colloquial_alias,en
food_10160b40,patuli,colloquial_alias,en
food_10160b40,suralichi vadi,colloquial_alias,en
food_d5006b66,baked handvo,colloquial_alias,en
food_d5006b66,vegetable handvo,colloquial_alias,en
food_4eda948c,પાત્રા,regional_script,gu
food_4eda948c,पात्रा,regional_script,hi
food_4eda948c,patode,colloquial_alias,en
food_4eda948c,alu vadi,colloquial_alias,en
food_4eda948c,steamed patra,colloquial_alias,en
food_4eda948c,taro leaves roll,colloquial_alias,en
food_e8c2c303,butter locho,colloquial_alias,en
food_e8c2c303,oil locho,colloquial_alias,en
food_e8c2c303,सुरती लोचो,regional_script,hi
food_e8c2c303,સુરતી લોચો,regional_script,gu
food_e8c2c303,surati locho,transliteration,hi
food_methikhakhra_001,મેથી ખાખરા,regional_script,gu
food_methikhakhra_001,fenugreek khakhra,colloquial_alias,en
food_methikhakhra_001,diet methi khakhra,colloquial_alias,en
food_methikhakhra_001,crispy methi khakhra,colloquial_alias,en
food_methikhakhra_001,मेथी खाखरा,regional_script,hi
food_snk_jeera_khakhra,જીરું ખાખરા,regional_script,gu
food_snk_jeera_khakhra,jeera khakhra,primary,en
food_snk_jeera_khakhra,जीरा खाखरा,regional_script,hi
food_snk_jeera_khakhra,jira khakhra,colloquial_alias,en
food_snk_jeera_khakhra,cumin khakhra,colloquial_alias,en
food_b1e4202d,चोराफली,regional_script,hi
food_b1e4202d,ચોરાફળી,regional_script,gu
food_b1e4202d,diwali chorafali,colloquial_alias,en
food_b1e4202d,chola fali,colloquial_alias,en
food_snk_mathiya,મઠીયા,regional_script,gu
food_snk_mathiya,diwali mathiya,colloquial_alias,en
food_snk_mathiya,मठिया,regional_script,hi
food_snk_mathiya,mathiya,primary,en
food_snk_mathiya,gujarati mathiya,colloquial_alias,en
food_snk_sev_mamra,sev murmura,colloquial_alias,en
food_snk_sev_mamra,सेव मुरमुरा,regional_script,hi
food_snk_sev_mamra,સેવ મમરા,regional_script,gu
food_snk_sev_mamra,sev mamra,transliteration,gu
food_snk_sev_mamra,lasaniya sev mamra,colloquial_alias,en
food_snk_sev_mamra,garlic sev mamra,colloquial_alias,en
food_snk_vagharela_mamra,तड़का मुरमुरा,regional_script,hi
food_snk_vagharela_mamra,masala mamra,colloquial_alias,en
food_snk_vagharela_mamra,puffed rice snack,colloquial_alias,en
food_snk_vagharela_mamra,tadka murmura,transliteration,hi
food_snk_vagharela_mamra,roasted murmura,colloquial_alias,en
food_snk_vagharela_mamra,વઘારેલા મમરા,regional_script,gu
food_snk_vagharela_mamra,vagharela mamra,primary,en
food_4c93ce4e,gujarati kachori,colloquial_alias,en
food_4c93ce4e,લીલવા કચોરી,regional_script,gu
food_4c93ce4e,fresh tuver kachori,colloquial_alias,en
food_4c93ce4e,लीलवा कचौरी,regional_script,hi
food_1495086a,methi gota,colloquial_alias,en
food_1495086a,मेथी के पकोड़े,regional_script,hi
food_1495086a,મેથીના ગોટા,regional_script,gu
food_1495086a,dakor na gota,colloquial_alias,en
food_1495086a,fenugreek pakora,colloquial_alias,en
food_3846053a,aloo samosa,colloquial_alias,en
food_3846053a,punjabi samosa,colloquial_alias,en
food_9f1df649,onion kachori,colloquial_alias,en
food_9f1df649,rajasthani kachori,colloquial_alias,en
food_9f1df649,jodhpur pyaaz kachori,colloquial_alias,en
food_9f1df649,dungli kachori,transliteration,gu
food_9f1df649,ડુંગળી કચોરી,regional_script,gu
food_9f1df649,प्याज़ कचौरी,regional_script,hi
food_045694d6,खस्ता कचौड़ी,regional_script,hi
food_045694d6,urad dal kachori,colloquial_alias,en
food_045694d6,halwai kachori,colloquial_alias,en
food_045694d6,moong dal kachori,colloquial_alias,en
food_045694d6,ખસ્તા કચોરી,regional_script,gu
food_snk_raj_kachori,shahi raj kachori,colloquial_alias,en
food_snk_raj_kachori,રાજ કચોરી,regional_script,gu
food_snk_raj_kachori,raj kachori,primary,en
food_snk_raj_kachori,royal kachori chaat,colloquial_alias,en
food_snk_raj_kachori,राज कचौरी,regional_script,hi
food_24f2aa76,બટાકા ટીક્કી,regional_script,gu
food_24f2aa76,aloo tikki chaat,colloquial_alias,en
food_24f2aa76,bataka tikki,transliteration,gu
food_24f2aa76,आलू टिक्की,regional_script,hi
food_24f2aa76,delhi style aloo tikki,colloquial_alias,en
food_snk_paneer_tikki,पनीर टिक्की,regional_script,hi
food_snk_paneer_tikki,paneer tikki,primary,en
food_snk_paneer_tikki,cottage cheese cutlet,colloquial_alias,en
food_snk_paneer_tikki,પનીર ટીક્કી,regional_script,gu
food_592bc123,બ્રેડ પકોડા,regional_script,gu
food_592bc123,stuffed bread pakora,colloquial_alias,en
food_592bc123,aloo bread pakora,colloquial_alias,en
food_592bc123,ब्रेड पकोड़ा,regional_script,hi
food_6aecec2b,chilli fritter,colloquial_alias,en
food_6aecec2b,marcha vada,transliteration,gu
food_6aecec2b,મરચાં વડા,regional_script,gu
food_6aecec2b,मिर्ची वड़ा,regional_script,hi
food_6aecec2b,jodhpuri mirchi bada,colloquial_alias,en
food_54c35be0,delhi dahi bhalla,colloquial_alias,en
food_54c35be0,dahi vada chaat,colloquial_alias,en
food_54c35be0,દહીં ભલ્લા,regional_script,gu
food_54c35be0,dahi pakodi,colloquial_alias,en
food_54c35be0,दही भल्ला,regional_script,hi
food_snk_ram_ladoo,ram ladoo,transliteration,gu
food_snk_ram_ladoo,moong dal pakodi chaat,colloquial_alias,en
food_snk_ram_ladoo,राम लड्डू,regional_script,hi
food_snk_ram_ladoo,રામ લાડુ,regional_script,gu
food_snk_ram_ladoo,lajpat nagar ram ladoo,colloquial_alias,en
food_snk_bikaneri_bhujia,bikaneri bhujia,transliteration,hi
food_snk_bikaneri_bhujia,moth dal bhujia,colloquial_alias,en
food_snk_bikaneri_bhujia,haldiram bikaneri bhujia,colloquial_alias,en
food_snk_bikaneri_bhujia,बीकानेरी भुजिया,regional_script,hi
food_snk_bikaneri_bhujia,બિકાનેરી ભુજિયા,regional_script,gu
food_snk_ratlami_sev,ratlami sev,primary,en
food_snk_ratlami_sev,laung sev,colloquial_alias,en
food_snk_ratlami_sev,રતલામી સેવ,regional_script,gu
food_snk_ratlami_sev,रतलामी सेव,regional_script,hi
food_snk_ratlami_sev,clove sev,colloquial_alias,en
food_snk_ratlami_sev,malwa ratlami sev,colloquial_alias,en
food_auth_medu_vada,crispy medu vada,colloquial_alias,en
food_auth_medu_vada,ulundu vadai,colloquial_alias,en
food_auth_medu_vada,south indian vada,colloquial_alias,en
food_d657aef5,chana dal vadai,colloquial_alias,en
food_d657aef5,dal vada south style,colloquial_alias,en
food_d657aef5,मसाला वड़ा,regional_script,hi
food_d657aef5,મસાલા વડા,regional_script,gu
food_d657aef5,paruppu vadai,colloquial_alias,en
food_snk_maddur_vada,maddur crispy vada,colloquial_alias,en
food_snk_maddur_vada,મદ્દુર વડા,regional_script,gu
food_snk_maddur_vada,karnataka maddur vade,colloquial_alias,en
food_snk_maddur_vada,maddur vada,primary,en
food_snk_maddur_vada,मद्दूर वड़ा,regional_script,hi
food_snk_mysore_bonda,mysore bonda,transliteration,gu
food_snk_mysore_bonda,મૈસુર બોંડા,regional_script,gu
food_snk_mysore_bonda,mysore bajji,colloquial_alias,en
food_snk_mysore_bonda,मैसूर बोंडा,regional_script,hi
food_snk_mysore_bonda,maida bonda,colloquial_alias,en
food_snk_mysore_bonda,urad dal bonda,colloquial_alias,en
food_796afc25,chakli south style,colloquial_alias,en
food_796afc25,मुरुक्कु,regional_script,hi
food_796afc25,crispy murukku,colloquial_alias,en
food_796afc25,મુરુકુ,regional_script,gu
food_796afc25,rice flour murukku,colloquial_alias,en
food_snk_ribbon_pakoda,ribbon murukku,colloquial_alias,en
food_snk_ribbon_pakoda,ola pakoda,colloquial_alias,en
food_snk_ribbon_pakoda,રીબન પકોડા,regional_script,gu
food_snk_ribbon_pakoda,ribbon pakoda,primary,en
food_snk_ribbon_pakoda,nada thenkuzhal,colloquial_alias,en
food_snk_ribbon_pakoda,रिबन पकोड़ा,regional_script,hi
food_7fc8384e,kela wafers,transliteration,gu
food_7fc8384e,કેળાં વેફર્સ,regional_script,gu
food_7fc8384e,केले के चिप्स,regional_script,hi
food_7fc8384e,nendran banana chips,colloquial_alias,en
food_7fc8384e,yellow banana chips,colloquial_alias,en
food_7fc8384e,kerala banana chips,colloquial_alias,en
food_snk_madras_mixture,madras mixture,transliteration,hi
food_snk_madras_mixture,south indian mixture,colloquial_alias,en
food_snk_madras_mixture,spicy mixture namkeen,colloquial_alias,en
food_snk_madras_mixture,मद्रास मिक्सचर,regional_script,hi
food_snk_madras_mixture,મદ્રાસ મિક્સચર,regional_script,gu
food_f2f44da6,batata vada pav,colloquial_alias,en
food_f2f44da6,વડા પાઉં,regional_script,gu
food_f2f44da6,wada pav,colloquial_alias,en
food_f2f44da6,mumbai vada pav,colloquial_alias,en
food_3ab2958c,spicy misal pav,colloquial_alias,en
food_3ab2958c,मिसल पाव,regional_script,hi
food_3ab2958c,puneri misal,colloquial_alias,en
food_3ab2958c,મિસળ પાઉં,regional_script,gu
food_a4e6fcf6,થાલીપીઠ,regional_script,gu
food_a4e6fcf6,bhajani thalipeeth,colloquial_alias,en
food_a4e6fcf6,multigrain thalipeeth,colloquial_alias,en
food_888bc6c6,sago patty,colloquial_alias,en
food_888bc6c6,farali sabudana vada,colloquial_alias,en
food_888bc6c6,સાબુદાણા વડા,regional_script,gu
food_888bc6c6,crispy sabudana vada,colloquial_alias,en
food_1ca2fe9d,coriander fritters,colloquial_alias,en
food_1ca2fe9d,कोथिंबीर वड़ी,regional_script,hi
food_1ca2fe9d,કોથમીર વડી,regional_script,gu
food_1ca2fe9d,maharashtrian kothimbir vadi,colloquial_alias,en
food_snk_bhakarwadi,ભાખરવડી,regional_script,gu
food_snk_bhakarwadi,chitale bhakarwadi,colloquial_alias,en
food_snk_bhakarwadi,bhakarwadi,transliteration,gu
food_snk_bhakarwadi,pune bhakarwadi,colloquial_alias,en
food_snk_bhakarwadi,spicy roll snack,colloquial_alias,en
food_snk_bhakarwadi,भाकरवड़ी,regional_script,hi
food_auth_poha_chivda,roasted poha chivda,colloquial_alias,en
food_auth_poha_chivda,maharashtrian chivda,colloquial_alias,en
food_auth_poha_chivda,पोहा चिवड़ा,regional_script,hi
food_auth_poha_chivda,pauva chevdo,transliteration,gu
food_auth_poha_chivda,diet poha chivda,colloquial_alias,en
food_auth_poha_chivda,પૌંઆ ચેવડો,regional_script,gu
food_snk_singara,सिंगाड़ा समोसा,regional_script,hi
food_snk_singara,bengali samosa,colloquial_alias,en
food_snk_singara,kolkata singara,colloquial_alias,en
food_snk_singara,singara,primary,en
food_snk_singara,phulkopir singara,colloquial_alias,en
food_snk_singara,સિંગારા,regional_script,gu
food_snk_jhalmuri,jhalmuri,primary,en
food_snk_jhalmuri,kolkata jhalmuri,colloquial_alias,en
food_snk_jhalmuri,spicy puffed rice,colloquial_alias,en
food_snk_jhalmuri,ઝાલમૂરી,regional_script,gu
food_snk_jhalmuri,bengali bhel,colloquial_alias,en
food_snk_jhalmuri,झालमुड़ी,regional_script,hi
food_snk_ghugni_chaat,ઘુગની ચાટ,regional_script,gu
food_snk_ghugni_chaat,bengali ghugni,colloquial_alias,en
food_snk_ghugni_chaat,ghugni chaat,primary,en
food_snk_ghugni_chaat,matar ghugni,colloquial_alias,en
food_snk_ghugni_chaat,yellow peas chaat,colloquial_alias,en
food_snk_ghugni_chaat,घुघनी चाट,regional_script,hi
food_snk_beguni,beguni,primary,en
food_snk_beguni,baingan pakora bengali,colloquial_alias,en
food_snk_beguni,eggplant fritter,colloquial_alias,en
food_snk_beguni,બેગુની,regional_script,gu
food_snk_beguni,बैगुनी,regional_script,hi
food_4bbd3111,sattu litti with baingan chokha,colloquial_alias,en
food_4bbd3111,bihari litti,colloquial_alias,en
food_4bbd3111,લિટી ચોખા,regional_script,gu
food_snk_roasted_makhana,diet makhana,colloquial_alias,en
food_snk_roasted_makhana,foxnut snack,colloquial_alias,en
food_snk_roasted_makhana,shekela makhana,transliteration,gu
food_snk_roasted_makhana,भुना मखाना,regional_script,hi
food_snk_roasted_makhana,salted makhana,colloquial_alias,en
food_snk_roasted_makhana,શેકેલા મખાના,regional_script,gu
food_snk_roasted_makhana,peri peri makhana,colloquial_alias,en
food_snk_roasted_makhana,phool makhana,colloquial_alias,en
food_snk_roasted_makhana,bhuna makhana,transliteration,hi
food_snk_roasted_makhana,roasted makhana,primary,en
food_snk_roasted_chana,भुना चना,regional_script,hi
food_snk_roasted_chana,shekela chana,transliteration,gu
food_snk_roasted_chana,bhuna chana,transliteration,hi
food_snk_roasted_chana,roasted chana,primary,en
food_snk_roasted_chana,haldi chana,colloquial_alias,en
food_snk_roasted_chana,roasted chickpeas,colloquial_alias,en
food_snk_roasted_chana,શેકેલા ચણા,regional_script,gu
food_snk_roasted_chana,diet chana,colloquial_alias,en
food_snk_diet_chivda,diet chivda,transliteration,hi
food_snk_diet_chivda,roasted chivda,colloquial_alias,en
food_snk_diet_chivda,diet chevdo,transliteration,gu
food_snk_diet_chivda,डाइट चिवड़ा,regional_script,hi
food_snk_diet_chivda,low calorie chivda,colloquial_alias,en
food_snk_diet_chivda,diet mixture,colloquial_alias,en
food_snk_diet_chivda,ડાયેટ ચેવડો,regional_script,gu
food_snk_sprouted_chaat,ફણગાવેલા કઠોળ ચાટ,regional_script,gu
food_snk_sprouted_chaat,अंकुरित चाट,regional_script,hi
food_snk_sprouted_chaat,ankurit chaat,transliteration,hi
food_snk_sprouted_chaat,sprouted chaat,primary,en
food_snk_sprouted_chaat,diet sprout chaat,colloquial_alias,en
food_snk_sprouted_chaat,moong sprout chaat,colloquial_alias,en
food_snk_sprouted_chaat,fangavela kathol chaat,transliteration,gu
food_snk_sprouted_chaat,sprouts salad,colloquial_alias,en
food_snk_singdana,singdana,primary,en
food_snk_singdana,salted peanuts,colloquial_alias,en
food_snk_singdana,khari sing,colloquial_alias,en
food_snk_singdana,मूंगफली,regional_script,hi
food_snk_singdana,સીંગદાણા,regional_script,gu
food_snk_singdana,mungfali,transliteration,hi
food_snk_singdana,masala sing,colloquial_alias,en
food_snk_singdana,roasted peanuts,colloquial_alias,en
food_8db68534,golgappe,colloquial_alias,en
food_8db68534,puchka,colloquial_alias,en
food_8db68534,phuchka,colloquial_alias,en
food_8db68534,પાણી પૂરી,regional_script,gu
food_8db68534,golgappa,colloquial_alias,en
food_8db68534,batasha,colloquial_alias,en
food_8db68534,paani poori,colloquial_alias,en
food_fd067479,mumbai bhel,colloquial_alias,en
food_fd067479,sukha bhel,colloquial_alias,en
food_fd067479,spicy bhel,colloquial_alias,en
food_fd067479,geela bhel,colloquial_alias,en
food_fd067479,ભેળ પૂરી,regional_script,gu
food_df9cdd56,double roti,colloquial_alias,en
food_df9cdd56,kutchi dabeli,colloquial_alias,en
food_df9cdd56,દાબેલી,regional_script,gu
food_9d3a755e,mumbai pav bhaji,colloquial_alias,en
food_9d3a755e,butter pav bhaji,colloquial_alias,en
food_9d3a755e,પાઉં ભાજી,regional_script,gu
food_snk_kurkure,kurkure,primary,en
food_snk_kurkure,कुरकुरे,regional_script,hi
food_snk_kurkure,kurkure green chutney,colloquial_alias,en
food_snk_kurkure,kurkure chilli chatka,colloquial_alias,en
food_snk_kurkure,કુરકુરે,regional_script,gu
food_snk_kurkure,kurkure masala munch,colloquial_alias,en
food_snk_lays_magic_masala,lays magic masala,primary,en
food_snk_lays_magic_masala,lays blue packet,colloquial_alias,en
food_snk_lays_magic_masala,lays chips,colloquial_alias,en
food_snk_lays_magic_masala,potato chips masala,colloquial_alias,en
food_snk_lays_magic_masala,લેઝ મેજિક મસાલા,regional_script,gu
food_snk_lays_magic_masala,लेज़ मैजिक मसाला,regional_script,hi
food_snk_lays_magic_masala,lays wafers,colloquial_alias,en
food_snk_parle_g,glucose biscuit,colloquial_alias,en
food_snk_parle_g,chai biscuit,colloquial_alias,en
food_snk_parle_g,parle g,transliteration,gu
food_snk_parle_g,पारले-जी,regional_script,hi
food_snk_parle_g,parle-g,primary,en
food_snk_parle_g,પાર્લે જી,regional_script,gu
food_snk_parle_g,parle g biscuit,colloquial_alias,en
food_snk_monaco,मोनाको,regional_script,hi
food_snk_monaco,monaco,primary,en
food_snk_monaco,મોનાકો,regional_script,gu
food_snk_monaco,salted crackers,colloquial_alias,en
food_snk_monaco,monaco biscuit,colloquial_alias,en
food_snk_monaco,monaco namkeen biscuit,colloquial_alias,en
food_snk_khari_biscuit,methi khari,colloquial_alias,en
food_snk_khari_biscuit,maska khari,colloquial_alias,en
food_snk_khari_biscuit,khari biscuit,primary,en
food_snk_khari_biscuit,खारी बिस्कुट,regional_script,hi
food_snk_khari_biscuit,puff pastry biscuit,colloquial_alias,en
food_snk_khari_biscuit,ખારી બિસ્કીટ,regional_script,gu
food_snk_khari_biscuit,chai khari,colloquial_alias,en
usda_milk__low_fat__1,1 katori,learned,en
food_c4ba8d9c,chora fali,regional,en
food_c4ba8d9c,chorafadi,regional,en
food_c4ba8d9c,ચોળાફળી,regional,gu
food_c4ba8d9c,चोलाफली,regional,hi
food_c4ba8d9c,crispy chorafali,regional,en
food_c4ba8d9c,gujarati chorafali,regional,en
food_1495086a,methi pakora,regional,en
food_1495086a,methi bhajiya,regional,en
food_1495086a,methigota,regional,en
food_1495086a,mehtigota,regional,en
food_1495086a,fenugreek fritters,regional,en
food_snk_khatta_dhokla,iddaa,regional,en
food_snk_khatta_dhokla,idada dhokla,regional,en
food_snk_khatta_dhokla,ઈદડા,regional,gu
food_snk_khatta_dhokla,ઈડડા,regional,gu
food_snk_vagharela_mamra,vagharelamamra,regional,en
food_snk_vagharela_mamra,fried murmura,regional,en
food_snk_vagharela_mamra,masala murmura,regional,en
food_snk_vagharela_mamra,kurmura,regional,en
food_snk_vagharela_mamra,mamra,regional,en
food_4eda948c,aloo vadi,regional,en
food_snk_sandwich_dhokla,layered dhokla,regional,en
food_snk_sandwich_dhokla,layer dhokla snack,regional,en
food_10160b40,patavadi,regional,en
food_54c35be0,dahi pakodi,regional,en
food_54c35be0,dahi pakora,regional,en
food_54c35be0,dahi pakodi chaat,regional,en
food_54c35be0,dahi pakora chaat,regional,en
food_snk_ram_ladoo,moong dal pakora chaat,regional,en
food_snk_ram_ladoo,moong dal chaat,regional,en
food_snk_ram_ladoo,ram laddu,regional,en
food_snk_ram_ladoo,delhi ram ladoo,regional,en
food_snk_raj_kachori,royal kachori,regional,en
food_snk_raj_kachori,raj kachori chaat,regional,en
food_snk_paneer_tikki,cottage cheese patties,regional,en
food_live_frosty_top_diet_rootbeer,diet cock,learned,en
food_live_frosty_top_diet_rootbeer,frosty top diet rootbeer,learned,en
food_drk_coca_cola,coca cola,primary,en
food_drk_coca_cola,coke bottle,colloquial_alias,en
food_drk_coca_cola,કોકા કોલા,regional_script,gu
food_drk_coca_cola,regular coke,colloquial_alias,en
food_drk_coca_cola,coke can,colloquial_alias,en
food_drk_coca_cola,कोका कोला,regional_script,hi
food_drk_coca_cola,coca cola bottle,colloquial_alias,en
food_drk_coca_cola,coca cola can,colloquial_alias,en
food_drk_coca_cola,classic coke,colloquial_alias,en
food_drk_coca_cola,coca-cola,colloquial_alias,en
food_drk_pepsi,pepsi,transliteration,gu
food_drk_pepsi,pepsi can,colloquial_alias,en
food_drk_pepsi,pepsi bottle,colloquial_alias,en
food_drk_pepsi,pepsi cola,colloquial_alias,en
food_drk_pepsi,પેપ્સી,regional_script,gu
food_drk_pepsi,पेप्सी,regional_script,hi
food_drk_pepsi,regular pepsi,colloquial_alias,en
food_drk_sprite,sprite,primary,en
food_drk_sprite,સ્પ્રાઈટ,regional_script,gu
food_drk_sprite,स्प्राइट,regional_script,hi
food_drk_sprite,sprite cold drink,colloquial_alias,en
food_drk_sprite,sprite bottle,colloquial_alias,en
food_drk_sprite,sprite can,colloquial_alias,en
food_drk_sprite,regular sprite,colloquial_alias,en
food_drk_thums_up,thums up,primary,en
food_drk_thums_up,thums up bottle,colloquial_alias,en
food_drk_thums_up,થમ્સ અપ,regional_script,gu
food_drk_thums_up,toofan cold drink,colloquial_alias,en
food_drk_thums_up,thums up can,colloquial_alias,en
food_drk_thums_up,thumbs up,colloquial_alias,en
food_drk_thums_up,थम्स अप,regional_script,hi
food_drk_thums_up,thumps up,colloquial_alias,en
food_drk_fanta,fanta,primary,en
food_drk_fanta,orange cold drink,colloquial_alias,en
food_drk_fanta,ફેન્ટા,regional_script,gu
food_drk_fanta,fanta orange,colloquial_alias,en
food_drk_fanta,फैंटा,regional_script,hi
food_drk_fanta,fanta can,colloquial_alias,en
food_drk_fanta,fanta bottle,colloquial_alias,en
food_drk_mirinda,mirinda orange,colloquial_alias,en
food_drk_mirinda,mirinda can,colloquial_alias,en
food_drk_mirinda,મિરિન્ડા,regional_script,gu
food_drk_mirinda,mirinda,primary,en
food_drk_mirinda,mirinda bottle,colloquial_alias,en
food_drk_mirinda,मिरिंडा,regional_script,hi
food_drk_mountain_dew,mountain dew,transliteration,hi
food_drk_mountain_dew,mountain dew bottle,colloquial_alias,en
food_drk_mountain_dew,dew,colloquial_alias,en
food_drk_mountain_dew,mountain dew can,colloquial_alias,en
food_drk_mountain_dew,માઉન્ટેન ડ્યુ,regional_script,gu
food_drk_mountain_dew,माउंटेन ड्यू,regional_script,hi
food_drk_7up,seven up,transliteration,gu
food_drk_7up,7up,primary,en
food_drk_7up,7up can,colloquial_alias,en
food_drk_7up,7up bottle,colloquial_alias,en
food_drk_7up,સેવન અપ,regional_script,gu
food_drk_7up,7 up,colloquial_alias,en
food_drk_7up,सेवन अप,regional_script,hi
food_drk_limca,limca cold drink,colloquial_alias,en
food_drk_limca,limca bottle,colloquial_alias,en
food_drk_limca,लिम्का,regional_script,hi
food_drk_limca,limca can,colloquial_alias,en
food_drk_limca,limca,primary,en
food_drk_limca,lemon limca,colloquial_alias,en
food_drk_limca,લીમ્કા,regional_script,gu
food_drk_diet_coke,diet coke,transliteration,hi
food_drk_diet_coke,coke diet,colloquial_alias,en
food_drk_diet_coke,diet coke bottle,colloquial_alias,en
food_drk_diet_coke,ડાયેટ કોક,regional_script,gu
food_drk_diet_coke,डाइट कोक,regional_script,hi
food_drk_diet_coke,diet coca cola,colloquial_alias,en
food_drk_diet_coke,diet coke can,colloquial_alias,en
food_drk_diet_coke,diet coca-cola,colloquial_alias,en
food_drk_coke_zero,coke zero,transliteration,hi
food_drk_coke_zero,કોક ઝીરો,regional_script,gu
food_drk_coke_zero,coke zero can,colloquial_alias,en
food_drk_coke_zero,coke zero sugar,colloquial_alias,en
food_drk_coke_zero,zero coke,colloquial_alias,en
food_drk_coke_zero,coca-cola zero sugar,colloquial_alias,en
food_drk_coke_zero,coke zero bottle,colloquial_alias,en
food_drk_coke_zero,कोक ज़ीरो,regional_script,hi
food_drk_coke_zero,coca cola zero,colloquial_alias,en
food_drk_pepsi_black,pepsi black,primary,en
food_drk_pepsi_black,pepsi zero,colloquial_alias,en
food_drk_pepsi_black,પેપ્સી બ્લેક,regional_script,gu
food_drk_pepsi_black,diet pepsi,colloquial_alias,en
food_drk_pepsi_black,pepsi zero sugar,colloquial_alias,en
food_drk_pepsi_black,पेप्सी ब्लैक,regional_script,hi
food_drk_pepsi_black,pepsi black bottle,colloquial_alias,en
food_drk_pepsi_black,pepsi black can,colloquial_alias,en
food_drk_sprite_zero,sprite zero,transliteration,gu
food_drk_sprite_zero,sprite zero sugar,colloquial_alias,en
food_drk_sprite_zero,sprite zero can,colloquial_alias,en
food_drk_sprite_zero,स्प्राइट ज़ीरो,regional_script,hi
food_drk_sprite_zero,diet sprite,colloquial_alias,en
food_drk_sprite_zero,સ્પ્રાઈટ ઝીરો,regional_script,gu
food_drk_sprite_zero,sprite zero bottle,colloquial_alias,en
food_drk_thums_up_zero,thums up charged zero,colloquial_alias,en
food_drk_thums_up_zero,thums up zero,primary,en
food_drk_thums_up_zero,diet thums up,colloquial_alias,en
food_drk_thums_up_zero,thumbs up zero,colloquial_alias,en
food_drk_thums_up_zero,થમ્સ અપ ઝીરો,regional_script,gu
food_drk_thums_up_zero,thums up zero sugar,colloquial_alias,en
food_drk_thums_up_zero,थम्स अप ज़ीरो,regional_script,hi
food_drk_red_bull,red bull energy drink,colloquial_alias,en
food_drk_red_bull,रेड बुल,regional_script,hi
food_drk_red_bull,red bull,transliteration,hi
food_drk_red_bull,regular red bull,colloquial_alias,en
food_drk_red_bull,રેડ બુલ,regional_script,gu
food_drk_red_bull,redbull,colloquial_alias,en
food_drk_red_bull,red bull can,colloquial_alias,en
food_drk_red_bull_sugarfree,red bull sugarfree,transliteration,gu
food_drk_red_bull_sugarfree,રેડ બુલ સુગરફ્રી,regional_script,gu
food_drk_red_bull_sugarfree,रेड बुल शुगरफ्री,regional_script,hi
food_drk_red_bull_sugarfree,redbull sugarfree,colloquial_alias,en
food_drk_red_bull_sugarfree,redbull zero,colloquial_alias,en
food_drk_red_bull_sugarfree,red bull zero,colloquial_alias,en
food_drk_red_bull_sugarfree,red bull sugar free,colloquial_alias,en
food_drk_red_bull_sugarfree,diet red bull,colloquial_alias,en
food_drk_red_bull_sugarfree,sugar free red bull,colloquial_alias,en
food_drk_monster_energy,monster energy drink,colloquial_alias,en
food_drk_monster_energy,monster energy,transliteration,gu
food_drk_monster_energy,green monster,colloquial_alias,en
food_drk_monster_energy,મોન્સ્ટર એનર્જી,regional_script,gu
food_drk_monster_energy,monster,colloquial_alias,en
food_drk_monster_energy,regular monster,colloquial_alias,en
food_drk_monster_energy,monster can,colloquial_alias,en
food_drk_monster_energy,मॉनस्टर एनर्जी,regional_script,hi
food_drk_monster_ultra,white monster,colloquial_alias,en
food_drk_monster_ultra,monster zero ultra,colloquial_alias,en
food_drk_monster_ultra,મોન્સ્ટર અલ્ટ્રા,regional_script,gu
food_drk_monster_ultra,diet monster,colloquial_alias,en
food_drk_monster_ultra,मॉनस्टर अल्ट्रा,regional_script,hi
food_drk_monster_ultra,monster energy zero,colloquial_alias,en
food_drk_monster_ultra,monster zero sugar,colloquial_alias,en
food_drk_monster_ultra,monster ultra,primary,en
food_drk_monster_ultra,monster ultra white,colloquial_alias,en
food_drk_sting_energy_drink,sting bottle,colloquial_alias,en
food_drk_sting_energy_drink,sting energy,colloquial_alias,en
food_drk_sting_energy_drink,sting,transliteration,gu
food_drk_sting_energy_drink,स्टिंग एनर्जी,regional_script,hi
food_drk_sting_energy_drink,સ્ટિંગ,regional_script,gu
food_drk_sting_energy_drink,sting energy drink,primary,en
food_drk_sting_energy_drink,sting can,colloquial_alias,en
food_drk_sting_energy_drink,sting drink,colloquial_alias,en
food_drk_sting_energy_drink,sting red,colloquial_alias,en
food_drk_hell_energy_drink,hell energy drink,primary,en
food_drk_hell_energy_drink,hell energy,colloquial_alias,en
food_drk_hell_energy_drink,हेल एनर्जी,regional_script,hi
food_drk_hell_energy_drink,hell can,colloquial_alias,en
food_drk_hell_energy_drink,hell energy can,colloquial_alias,en
food_drk_hell_energy_drink,હેલ એનર્જી,regional_script,gu
food_drk_hell_energy_drink,hell drink,colloquial_alias,en
food_auth_sugarcane_juice,ganne ka juice,colloquial_alias,en
food_auth_sugarcane_juice,sherdi ras,colloquial_alias,en
food_f3d3297e,santrano ras,transliteration,gu
food_f3d3297e,santre ka juice,transliteration,hi
food_f3d3297e,santre no ras,colloquial_alias,en
food_f3d3297e,fresh orange juice,colloquial_alias,en
food_f3d3297e,संतरे का जूस,regional_script,hi
food_f3d3297e,orange juice glass,colloquial_alias,en
food_f3d3297e,સંતરાનો રસ,regional_script,gu
food_f3d3297e,sweet lime juice,colloquial_alias,en
food_f3d3297e,mosambi juice,colloquial_alias,en
food_drk_apple_juice,seb ka juice,colloquial_alias,en
food_drk_apple_juice,apple juice glass,colloquial_alias,en
food_drk_apple_juice,fresh apple juice,colloquial_alias,en
food_drk_apple_juice,सेब का जूस,regional_script,hi
food_drk_apple_juice,apple drink,colloquial_alias,en
food_drk_apple_juice,apple juice,primary,en
food_drk_apple_juice,સફરજનનો રસ,regional_script,gu
food_drk_apple_juice,safarjanno ras,transliteration,gu
food_drk_real_fruit_juice,रियल फ्रूट जूस,regional_script,hi
food_drk_real_fruit_juice,tropicana mixed fruit,colloquial_alias,en
food_drk_real_fruit_juice,real fruit juice,primary,en
food_drk_real_fruit_juice,રીયલ ફ્રૂટ જ્યુસ,regional_script,gu
food_drk_real_fruit_juice,real juice,colloquial_alias,en
food_drk_real_fruit_juice,packaged fruit juice,colloquial_alias,en
food_drk_real_fruit_juice,tropicana juice,colloquial_alias,en
food_drk_real_fruit_juice,real mixed fruit juice,colloquial_alias,en
food_drk_mango_drink,mango drink,primary,en
food_drk_frooti,frooti,transliteration,hi
food_drk_maaza,maaza bottle,colloquial_alias,en
food_drk_mango_drink,mango juice drink,colloquial_alias,en
food_drk_mango_drink,મેંગો ડ્રિન્ક,regional_script,gu
food_drk_mango_drink,मैंगो ड्रिंक,regional_script,hi
food_drk_frooti,frooti bottle,colloquial_alias,en
food_drk_maaza,maaza,transliteration,hi
food_drk_mango_drink,packaged mango juice,colloquial_alias,en
food_drk_slice,slice,primary,en
food_auth_masala_chaas,masala buttermilk,colloquial_alias,en
food_auth_masala_chaas,મસાલા છાશ,regional_script,gu
food_auth_masala_chaas,salted chaas,colloquial_alias,en
food_auth_masala_chaas,masala chaach,transliteration,hi
food_auth_masala_chaas,gujarati chaas,colloquial_alias,en
food_auth_masala_chaas,spiced buttermilk,colloquial_alias,en
food_auth_masala_chaas,मसाला छाछ,regional_script,hi
food_5e08bbc3,punjabi lassi,colloquial_alias,en
food_5e08bbc3,plain lassi,colloquial_alias,en
food_5e08bbc3,sweet curd drink,colloquial_alias,en
food_5e08bbc3,creamy sweet lassi,colloquial_alias,en
food_auth_mango_lassi,मैंगो लस्सी,regional_script,hi
food_auth_mango_lassi,mango curd drink,colloquial_alias,en
food_auth_mango_lassi,keri lassi,colloquial_alias,en
food_auth_mango_lassi,fresh mango lassi,colloquial_alias,en
food_auth_mango_lassi,મેંગો લસ્સી,regional_script,gu
food_auth_mango_lassi,aam lassi,colloquial_alias,en
food_auth_salted_lassi,નમકીન લસ્સી,regional_script,gu
food_auth_salted_lassi,khari lassi,colloquial_alias,en
food_auth_salted_lassi,नमकीन लस्सी,regional_script,hi
food_auth_salted_lassi,namkeen lassi,transliteration,hi
food_auth_salted_lassi,jeera lassi,colloquial_alias,en
food_auth_salted_lassi,salted curd drink,colloquial_alias,en
food_auth_nimbu_pani,sweet nimbu pani,colloquial_alias,en
food_auth_nimbu_pani,fresh nimbu pani,colloquial_alias,en
food_auth_nimbu_pani,fresh lime water,colloquial_alias,en
food_auth_nimbu_pani,nimbu shikanji,colloquial_alias,en
food_auth_jaljeera,jaljeera drink,colloquial_alias,en
food_auth_jaljeera,જીરા પાણી,regional_script,gu
food_auth_jaljeera,spiced cumin water,colloquial_alias,en
food_auth_jaljeera,cumin drink,colloquial_alias,en
food_auth_jaljeera,jeera pani,transliteration,gu
food_drk_rooh_afza,rooh afza,transliteration,gu
food_drk_rooh_afza,રૂહ અફઝા,regional_script,gu
food_drk_rooh_afza,रूह अफ़ज़ा,regional_script,hi
food_drk_rooh_afza,gulab sharbat,colloquial_alias,en
food_drk_rooh_afza,rooh afza sharbat,colloquial_alias,en
food_drk_rooh_afza,roohafza,colloquial_alias,en
food_drk_rooh_afza,rose sharbat,colloquial_alias,en
food_auth_kokum_sharbat,kokum juice,colloquial_alias,en
food_auth_kokum_sharbat,sweet kokum juice,colloquial_alias,en
food_auth_kokum_sharbat,कोकम शरबत,regional_script,hi
food_auth_kokum_sharbat,kokum drink,colloquial_alias,en
food_auth_kokum_sharbat,કોકમ શરબત,regional_script,gu
food_auth_kokum_sharbat,maharashtrian kokum sharbat,colloquial_alias,en
food_drk_khus_sharbat,khus syrup drink,colloquial_alias,en
food_drk_khus_sharbat,khus sharbat,primary,en
food_drk_khus_sharbat,ખસ શરબત,regional_script,gu
food_drk_khus_sharbat,khus drink,colloquial_alias,en
food_drk_khus_sharbat,vetiver drink,colloquial_alias,en
food_drk_khus_sharbat,green sharbat,colloquial_alias,en
food_drk_khus_sharbat,खस का शरबत,regional_script,hi
food_52179bb8,tender coconut water,colloquial_alias,en
food_52179bb8,lilu nariyal pani,transliteration,gu
food_52179bb8,fresh coconut water,colloquial_alias,en
food_52179bb8,લીલું નાળિયેર પાણી,regional_script,gu
food_52179bb8,elaneer,colloquial_alias,en
food_52179bb8,nariyel pani,colloquial_alias,en
food_52179bb8,नारियल पानी,regional_script,hi
food_eaacc7f4,sattu namkeen drink,colloquial_alias,en
food_eaacc7f4,सत्तू का शरबत,regional_script,hi
food_eaacc7f4,bihari sattu sharbat,colloquial_alias,en
food_eaacc7f4,roasted gram flour drink,colloquial_alias,en
food_eaacc7f4,સત્તુ શરબત,regional_script,gu
food_auth_aam_panna,kacchi keri panna,colloquial_alias,en
food_auth_aam_panna,aam ka panna,colloquial_alias,en
food_auth_aam_panna,કેરી પન્ના,regional_script,gu
food_auth_aam_panna,keri panna,transliteration,gu
food_auth_aam_panna,kairi panna,colloquial_alias,en
food_auth_aam_panna,आम पन्ना,regional_script,hi
food_drk_solkadhi,solkadhi,primary,en
food_drk_solkadhi,सोलकढ़ी,regional_script,hi
food_drk_solkadhi,solkadi,colloquial_alias,en
food_drk_solkadhi,kokum coconut milk drink,colloquial_alias,en
food_drk_solkadhi,konkani solkadhi,colloquial_alias,en
food_drk_solkadhi,સોલકઢી,regional_script,gu
food_0f887ff8,kesar thandai,colloquial_alias,en
food_0f887ff8,badam thandai,colloquial_alias,en
food_0f887ff8,holi thandai,colloquial_alias,en
food_0f887ff8,banarasi thandai,colloquial_alias,en
food_drk_kashmiri_kahwa,કાહવા,regional_script,gu
food_drk_kashmiri_kahwa,kashmiri tea kahwa,colloquial_alias,en
food_drk_kashmiri_kahwa,kahwah,colloquial_alias,en
food_drk_kashmiri_kahwa,kashmiri green tea,colloquial_alias,en
food_drk_kashmiri_kahwa,काहवा,regional_script,hi
food_auth_masala_chai,milk tea,colloquial_alias,en
food_auth_masala_chai,indian tea,colloquial_alias,en
food_auth_masala_chai,masala tea,colloquial_alias,en
food_auth_masala_chai,masala cha,transliteration,gu
food_auth_masala_chai,adrak chai,colloquial_alias,en
food_greentea_001,green tea no sugar,colloquial_alias,en
food_greentea_001,plain green tea,colloquial_alias,en
food_greentea_001,lemon green tea,colloquial_alias,en
food_greentea_001,organic green tea,colloquial_alias,en
food_greentea_001,ગ્રીન ટી,regional_script,gu
food_greentea_001,ग्रीन टी,regional_script,hi
food_drk_black_tea,black tea without sugar,colloquial_alias,en
food_drk_black_tea,kali chai,transliteration,hi
food_drk_black_tea,काली चाय,regional_script,hi
food_drk_black_tea,black tea,primary,en
food_drk_black_tea,lemon tea without sugar,colloquial_alias,en
food_drk_black_tea,plain black tea,colloquial_alias,en
food_drk_black_tea,બ્લેક ટી,regional_script,gu
food_drk_black_tea,lal chai,colloquial_alias,en
food_auth_filter_coffee,south indian filter coffee,colloquial_alias,en
food_auth_filter_coffee,filter kaapi,colloquial_alias,en
food_auth_filter_coffee,kaapi,colloquial_alias,en
food_auth_filter_coffee,madras filter coffee,colloquial_alias,en
food_auth_filter_coffee,फिल्टर कॉफी,regional_script,hi
food_auth_filter_coffee,degree coffee,colloquial_alias,en
food_drk_black_coffee,काली कॉफी,regional_script,hi
food_drk_black_coffee,black coffee no sugar,colloquial_alias,en
food_drk_black_coffee,plain black coffee,colloquial_alias,en
food_drk_black_coffee,kali coffee,transliteration,hi
food_drk_black_coffee,બ્લેક કોફી,regional_script,gu
food_drk_black_coffee,americano,colloquial_alias,en
food_drk_black_coffee,espresso shot,colloquial_alias,en
food_81232ad9,કોલ્ડ કોફી,regional_script,gu
food_81232ad9,कोल्ड कॉफी,regional_script,hi
food_81232ad9,cold coffee with milk,colloquial_alias,en
food_81232ad9,iced coffee,colloquial_alias,en
food_81232ad9,cafe frappe,colloquial_alias,en
food_81232ad9,frappe,colloquial_alias,en
food_drk_cappuccino,cappuccino,transliteration,gu
food_drk_cappuccino,hot coffee with foam,colloquial_alias,en
food_drk_cappuccino,cafe latte,colloquial_alias,en
food_drk_cappuccino,cafe cappuccino,colloquial_alias,en
food_drk_cappuccino,latte,colloquial_alias,en
food_drk_cappuccino,કેપુચીનો,regional_script,gu
food_drk_cappuccino,कैपुचीनो,regional_script,hi
food_drk_whey_protein_shake,isolate protein shake,colloquial_alias,en
food_drk_whey_protein_shake,whey protein shake,primary,en
food_drk_whey_protein_shake,प्रोटीन शेक,regional_script,hi
food_drk_whey_protein_shake,whey protein in water,colloquial_alias,en
food_drk_whey_protein_shake,protein drink,colloquial_alias,en
food_drk_whey_protein_shake,પ્રોટીન શેક,regional_script,gu
food_drk_whey_protein_shake,whey shake,colloquial_alias,en
food_drk_gatorade,electrolyte drink,colloquial_alias,en
food_drk_gatorade,gatorade,transliteration,hi
food_drk_gatorade,gatorade sports drink,colloquial_alias,en
food_drk_gatorade,gatorade bottle,colloquial_alias,en
food_drk_gatorade,sports drink,colloquial_alias,en
food_drk_gatorade,ગેટોરેડ,regional_script,gu
food_drk_gatorade,गैटोरेड,regional_script,hi
food_drk_gatorade,gatorade blue,colloquial_alias,en
food_drk_electral_solution,ors,transliteration,hi
food_drk_electral_solution,electral solution,primary,en
food_drk_electral_solution,oral rehydration salts,colloquial_alias,en
food_drk_electral_solution,electral powder water,colloquial_alias,en
food_drk_electral_solution,ઓઆરએસ,regional_script,gu
food_drk_electral_solution,electral water,colloquial_alias,en
food_drk_electral_solution,ors drink,colloquial_alias,en
food_drk_electral_solution,ओआरएस,regional_script,hi
food_drk_virgin_mojito,lemon mint mojito,colloquial_alias,en
food_drk_virgin_mojito,virgin mojito,primary,en
food_drk_virgin_mojito,mint mojito,colloquial_alias,en
food_drk_virgin_mojito,વર્જિન મોજિટો,regional_script,gu
food_drk_virgin_mojito,mint mojito mocktail,colloquial_alias,en
food_drk_virgin_mojito,virgin mojito mocktail,colloquial_alias,en
food_drk_virgin_mojito,वर्जिन मोजितो,regional_script,hi
food_drk_blue_lagoon_mocktail,blue lagoon,colloquial_alias,en
food_drk_blue_lagoon_mocktail,blue curacao mocktail,colloquial_alias,en
food_drk_blue_lagoon_mocktail,blue lagoon mocktail,primary,en
food_drk_blue_lagoon_mocktail,બ્લૂ લગૂન,regional_script,gu
food_drk_blue_lagoon_mocktail,blue mocktail,colloquial_alias,en
food_drk_blue_lagoon_mocktail,ब्लू लगून,regional_script,hi
food_drk_blue_lagoon_mocktail,blue lagoon drink,colloquial_alias,en
food_623160e6,सोडा वॉटर,regional_script,hi
food_623160e6,sparkling water,colloquial_alias,en
food_623160e6,soda water,colloquial_alias,en
food_623160e6,plain soda,colloquial_alias,en
food_623160e6,kinley soda,colloquial_alias,en
food_623160e6,સોડા,regional_script,gu
food_623160e6,carbonated water,colloquial_alias,en
food_623160e6,perrier plain,colloquial_alias,en
food_drk_flavored_sparkling_water,peach sparkling water,colloquial_alias,en
food_drk_flavored_sparkling_water,flavored sparkling water,transliteration,hi
food_drk_flavored_sparkling_water,lemon sparkling water,colloquial_alias,en
food_drk_flavored_sparkling_water,perrier flavored,colloquial_alias,en
food_drk_flavored_sparkling_water,फ्लेवर्ड स्पार्कलिंग वॉटर,regional_script,hi
food_drk_flavored_sparkling_water,flavored soda zero cal,colloquial_alias,en
food_drk_flavored_sparkling_water,ફ્લેવર્ડ સ્પાર્કલિંગ વોટર,regional_script,gu
food_drk_frooti,ફ્રૂટી,regional_script,gu
food_drk_frooti,frooti drink,colloquial_alias,en
food_drk_frooti,frooti mango drink,colloquial_alias,en
food_drk_frooti,frooti tetrapak,colloquial_alias,en
food_drk_frooti,फ्रूटी,regional_script,hi
food_drk_maaza,maaza juice,colloquial_alias,en
food_drk_maaza,माज़ा,regional_script,hi
food_drk_maaza,maaza mango drink,colloquial_alias,en
food_drk_maaza,માઝા,regional_script,gu
food_drk_maaza,maaza tetrapak,colloquial_alias,en
food_drk_slice,slice bottle,colloquial_alias,en
food_drk_slice,સ્લાઇસ,regional_script,gu
food_drk_slice,slice juice,colloquial_alias,en
food_drk_slice,स्लाइस,regional_script,hi
food_drk_slice,slice mango drink,colloquial_alias,en
food_drk_mango_drink,mango pulp drink,colloquial_alias,en
food_drk_electral_solution,electral ors,colloquial_alias,en
food_drk_electral_solution,electral,colloquial_alias,en
food_drk_electral_solution,ors water,colloquial_alias,en
food_drk_coca_cola,cola,colloquial_alias,en
food_drk_virgin_mojito,mojito,colloquial_alias,en
