food_id,food_name,food_name_display,aliases,category,subcategory,region,state,vegetarian_status,serving_size_g,calories_per_100g,calories_kcal,protein_g,carbs_g,fat_g,fiber_g,sugar_g,sodium_mg,preparation_variant,is_verified,data_source,created_at,updated_at
food_57429107,aamat,Aamat,[],Main Dish,,,Chhattisgarh,Veg,200.0,140.0,280.0,9.0,30.0,12.0,6.0,0.0,0.0,normal,True,Master Food Database,,
food_f624445a,acai bowl,Acai Bowl,[],Meal/Fruit,,,,Veg,150.0,233.33333333333334,350.0,5.0,60.0,12.0,10.0,30.0,40.0,normal,True,Master Food Database,,
food_81384845,achari baingan,Achari Baingan,[],Vegetable,,North India,,Veg,150.0,86.7,130.0,4.0,15.0,5.0,5.0,0.0,0.0,normal,True,Master Food Database,,
food_d552ff0f,afghani chicken,Afghani chicken,[],,,,,Non-Veg,150.0,101.00666666666666,151.51,15.66,1.95,9.07,0.31,0.83,87.02,normal,True,Master Food Database,,
food_4448a9f7,aioli,Aioli,[],Condiment,,,,Veg,30.0,316.66666666666663,95.0,0.1,0.5,10.5,0.0,0.1,70.0,normal,True,Master Food Database,,
food_a32d862a,aji amarillo paste,Aji Amarillo Paste,[],Condiment,,,,Veg,30.0,16.666666666666664,5.0,0.1,1.0,0.0,0.5,0.5,50.0,normal,True,Master Food Database,,
food_31d87ea8,akki roti,Akki Roti,[],Bread,,,Karnataka,Veg,80.0,312.5,250.0,7.0,42.0,7.0,3.0,0.0,0.0,normal,True,Master Food Database,,
food_c7991802,al yakhani,Al yakhani,[],,,,,Veg,150.0,98.35999999999999,147.54,2.86,4.65,13.14,1.27,3.56,206.24,normal,True,Master Food Database,,
food_966eb51e,alfajores,Alfajores,[],Dessert,,,,Veg,75.0,240.0,180.0,2.0,22.0,10.0,1.0,15.0,60.0,normal,True,Master Food Database,,
food_23c13167,almond biscuit,Almond biscuit,['Badam ke biscuit'],,,,,Veg,150.0,271.82666666666665,407.74,6.25,52.14,19.7,1.5,22.19,151.76,normal,True,Master Food Database,,
food_5c025a1f,almond cardamom cake,Almond cardamom cake,['Badam elaichi cake'],,,,,Veg,150.0,237.5666666666667,356.35,7.18,34.53,21.36,2.35,18.06,155.37,normal,True,Master Food Database,,
food_09eca945,almond milk,Almond Milk,[],Beverage/Dairy-Alt,,,,Veg,250.0,12.0,30.0,1.0,1.0,2.5,1.0,0.0,160.0,normal,True,Master Food Database,,
food_b1121429,almond soup,Almond soup,['Badam ka soup'],,,,,Veg,250.0,31.460000000000004,78.65,10.13,3.68,13.8,0.91,1.94,8376.94,normal,True,Master Food Database,,
food_4d198123,almonds,Almonds,[],Nut,,,,Veg,150.0,109.33333333333333,164.0,6.0,6.0,14.0,3.5,1.0,1.0,normal,True,Master Food Database,,
food_710e45a6,aloo chokha,Aloo Chokha,[],Side Dish,,,Bihar,Veg,100.0,140.0,140.0,4.0,16.0,6.0,4.0,0.0,0.0,normal,True,Master Food Database,,
food_d2ac3ee0,aloo gobi,Aloo Gobi,[],Vegetable,,North India,,Veg,150.0,86.7,130.0,4.0,15.0,5.0,5.0,0.0,0.0,normal,True,Master Food Database,,
food_8b46239e,aloo ke gutke,Aloo Ke Gutke,[],Side Dish,,,Uttarakhand,Veg,100.0,140.0,140.0,4.0,16.0,6.0,4.0,0.0,0.0,normal,True,Master Food Database,,
food_4b31b807,aloo kulcha,Aloo Kulcha,[],Bread,,North India,,Veg,80.0,312.5,250.0,7.0,42.0,7.0,3.0,0.0,0.0,normal,True,Master Food Database,,
food_8735b2c8,aloo matar,Aloo Matar,[],Curry,,North India,,Veg,200.0,115.0,230.0,8.0,18.0,12.0,5.0,0.0,0.0,normal,True,Master Food Database,,
food_c504b018,aloo methi,Aloo Methi,[],Vegetable,,North India,,Veg,150.0,86.7,130.0,4.0,15.0,5.0,5.0,0.0,0.0,normal,True,Master Food Database,,
food_7d6c3581,aloo paratha,Aloo Paratha,[],Bread,,,Punjab,Veg,80.0,312.5,250.0,7.0,42.0,7.0,3.0,0.0,0.0,normal,True,Master Food Database,,
food_886a0a8e,aloo phalliyaan,Aloo Phalliyaan,[],Vegetable,,North India,,Veg,150.0,86.7,130.0,4.0,15.0,5.0,5.0,0.0,0.0,normal,True,Master Food Database,,
food_4a33dad3,aloo pitika,Aloo Pitika,[],Side Dish,,,Assam,Veg,100.0,140.0,140.0,4.0,16.0,6.0,4.0,0.0,0.0,normal,True,Master Food Database,,
food_baf21756,aloo posto,Aloo Posto,[],Main Dish,,,West Bengal,Veg,200.0,140.0,280.0,9.0,30.0,12.0,6.0,0.0,0.0,normal,True,Master Food Database,,
food_5965f28b,aloo puri,Aloo Puri,[],Breakfast,,,Uttar Pradesh,Veg,180.0,122.2,220.0,7.0,32.0,7.0,3.0,0.0,0.0,normal,True,Master Food Database,,
food_e8990f9e,aloo roti,Aloo Roti,[],Bread,,,Haryana,Veg,80.0,312.5,250.0,7.0,42.0,7.0,3.0,0.0,0.0,normal,True,Master Food Database,,
food_514e15c9,aloo shimla mirch,Aloo Shimla Mirch,[],Vegetable,,North India,,Veg,150.0,86.7,130.0,4.0,15.0,5.0,5.0,0.0,0.0,normal,True,Master Food Database,,
food_24f2aa76,aloo tikki,Aloo Tikki,[],Street Food,,,Uttar Pradesh,Veg,180.0,194.4,350.0,8.0,45.0,15.0,5.0,0.0,0.0,normal,True,Master Food Database,,
food_f1d1a7a0,aloo tuk,Aloo Tuk,[],Snack,,North India,,Veg,100.0,280.0,280.0,6.0,32.0,14.0,3.0,0.0,0.0,normal,True,Master Food Database,,
food_5ed1a5ab,alu pitika,Alu Pitika,[],Side Dish,,East India,,Veg,100.0,140.0,140.0,4.0,16.0,6.0,4.0,0.0,0.0,normal,True,Master Food Database,,
food_ae520167,amaranth ladoo,Amaranth ladoo,['Rajgira ladoo'],,,,,Veg,150.0,302.76666666666665,454.15,10.12,51.33,22.7,5.11,19.92,7.51,normal,True,Master Food Database,,
food_f8404fe8,amaretti cookie,Amaretti Cookie,[],Dessert,,,,Veg,75.0,120.0,90.0,2.0,12.0,4.0,1.0,10.0,10.0,normal,True,Master Food Database,,
food_b1adff20,american frosting,American frosting,[],,,,,Veg,150.0,171.7133333333333,257.57,1.05,67.48,0.01,0.0,67.46,19.33,normal,True,Master Food Database,,
food_2f6a19ba,amritsari fish,Amritsari Fish,[],Fish,,,Punjab,Non-Veg,180.0,133.3,240.0,33.0,0.0,13.0,1.0,0.0,0.0,normal,True,Master Food Database,,
food_210e077d,amritsari kulcha,Amritsari Kulcha,[],Bread,,,Punjab,Veg,80.0,312.5,250.0,7.0,42.0,7.0,3.0,0.0,0.0,normal,True,Master Food Database,,
food_38a00078,amti,Amti,[],Curry,,West India,,Veg,200.0,115.0,230.0,8.0,18.0,12.0,5.0,0.0,0.0,normal,True,Master Food Database,,
food_08c761b5,ananas menaskai,Ananas Menaskai,[],Curry,,South India,,Veg,200.0,115.0,230.0,8.0,18.0,12.0,5.0,0.0,0.0,normal,True,Master Food Database,,
food_e1c824d7,andhra chicken curry,Andhra Chicken Curry,[],Curry,,,Andhra Pradesh,Non-Veg,200.0,115.0,230.0,16.0,18.0,12.0,5.0,0.0,0.0,normal,True,Master Food Database,,
food_00e956f0,andhra fish curry,Andhra Fish Curry,[],Seafood,,,Andhra Pradesh,Non-Veg,180.0,122.2,220.0,30.0,1.0,11.0,1.0,0.0,0.0,normal,True,Master Food Database,,
food_77101aea,angakar roti,Angakar Roti,[],Bread,,,Chhattisgarh,Veg,80.0,312.5,250.0,7.0,42.0,7.0,3.0,0.0,0.0,normal,True,Master Food Database,,
food_2b4b0743,angel hair pasta,Angel Hair Pasta,[],Grain,,,,Veg,150.0,133.33333333333331,200.0,7.0,42.0,1.0,2.0,1.0,1.0,normal,True,Master Food Database,,
food_f6ff23ed,angostura bitters,Angostura Bitters,[],Condiment,,,,Veg,30.0,16.666666666666664,5.0,0.0,0.0,0.0,0.0,0.0,0.0,normal,True,Master Food Database,,
food_56248e32,ants on a log,Ants on a Log,[],Snack,,,,Veg,100.0,180.0,180.0,6.0,12.0,12.0,3.0,7.0,120.0,normal,True,Master Food Database,,
food_3dfb75fc,aperol spritz,Aperol Spritz,[],Beverage,,,,Veg,250.0,72.0,180.0,0.0,20.0,0.0,0.0,20.0,10.0,normal,True,Master Food Database,,
food_75eb2b6f,appam,Appam,[],Bread,,,Kerala,Veg,80.0,245.48333333333335,258.85,5.0600000000000005,27.64,14.815,4.595000000000001,0.0,0.0,normal,True,Master Food Database,,
food_c7adc428,appam with egg curry,Appam With Egg Curry,[],Breakfast,,,Kerala,Non-Veg,180.0,122.2,220.0,15.0,32.0,7.0,3.0,0.0,0.0,normal,True,Master Food Database,,
food_0c66abe2,apple,Apple,[],Fruit,,,,Veg,150.0,63.33333333333333,95.0,0.5,25.0,0.3,4.4,19.0,2.0,normal,True,Master Food Database,,
food_ac01d2ab,apple and honey sorbet,Apple and honey sorbet,['Seb aur shehad ka sharbat'],,,,,Veg,150.0,80.86666666666666,121.3,0.15,30.74,0.29,1.13,29.18,1.97,normal,True,Master Food Database,,
food_efe92d6c,apple banana pie,Apple banana pie,[],,,,,Veg,150.0,162.66,243.99,3.13,32.12,11.39,1.89,12.96,384.43,normal,True,Master Food Database,,
food_78387c82,apple cake,Apple cake,['Seb ka cake'],,,,,Veg,150.0,193.38666666666666,290.08,4.94,39.48,12.87,1.22,23.52,136.95,normal,True,Master Food Database,,
food_45e16a5d,apple cider,Apple Cider,[],Beverage,,,,Veg,250.0,46.800000000000004,117.0,0.1,29.0,0.3,0.5,27.0,10.0,normal,True,Master Food Database,,
food_a9878e3c,apple cinnamon pie,Apple cinnamon pie,[],,,,,Veg,150.0,172.48666666666668,258.73,3.35,33.68,12.21,1.77,11.95,60.14,normal,True,Master Food Database,,
food_34326f91,apple crumb pudding,Apple crumb pudding,[],,,,,Veg,150.0,147.23333333333332,220.85,1.54,35.17,8.87,1.33,27.69,59.36,normal,True,Master Food Database,,
food_783ce2b5,apple jam,Apple jam,['Seb ka murabba'],,,,,Veg,150.0,125.86,188.79,0.14,48.56,0.32,1.29,46.76,2.71,normal,True,Master Food Database,,
food_11826d00,apple jelly,Apple jelly,['Seb ki jelly'],,,,,Veg,150.0,101.42,152.13,0.1,39.37,0.21,0.86,38.18,2.14,normal,True,Master Food Database,,
food_488b46a2,apple kheer,Apple kheer,['Seb ki kheer'],,,,,Veg,150.0,54.199999999999996,81.3,2.14,11.34,3.18,0.51,10.71,15.86,normal,True,Master Food Database,,
food_371a8874,apple mousse,Apple mousse,[],,,,,Veg,150.0,71.28,106.92,4.21,12.77,4.27,1.6,10.56,28.79,normal,True,Master Food Database,,
food_ae0bda22,apple oats chia seed smoothie,Apple oats chia seed smoothie,[],,,,,Veg,150.0,57.09333333333333,85.64,3.49,13.07,2.48,1.44,5.76,32.02,normal,True,Master Food Database,,
food_c75e3a95,apple pie,Apple Pie,[],Dessert,,,,Veg,75.0,546.6666666666666,410.0,3.0,58.0,19.0,3.0,25.0,320.0,normal,True,Master Food Database,,
food_99f6dcd4,apple sago payasam,Apple sago payasam,['Seb aur sabudana ki kheer'],,,,,Veg,150.0,91.0,136.5,3.13,14.4,7.66,0.38,10.63,39.45,normal,True,Master Food Database,,
food_be6c39ab,apple snowballs,Apple snowballs,[],,,,,Veg,150.0,67.67333333333335,101.51,0.86,24.58,0.31,1.25,19.4,12.8,normal,True,Master Food Database,,
food_6c9f7b31,apricot fool,Apricot fool,[],,,,,Veg,150.0,160.52666666666667,240.79,1.54,33.64,11.35,1.0,21.29,8.28,normal,True,Master Food Database,,
food_ee28fe9c,arancini,Arancini,[],Snack/Processed,,,,Veg,100.0,250.0,250.0,9.0,30.0,10.0,3.0,3.0,500.0,normal,True,Master Food Database,,
food_4addcd11,arhar with spinach,Arhar with spinach,['Arhar dal aur palak'],,,,,Veg,150.0,35.22666666666667,52.84,2.05,4.77,2.76,1.3,0.23,109.97,normal,True,Master Food Database,,
food_6faba4cd,ariselu,Ariselu,[],Sweet,,,Andhra Pradesh,Veg,75.0,400.0,300.0,5.0,42.0,12.0,2.0,0.0,0.0,normal,True,Master Food Database,,
food_388dcd36,arsa roti,Arsa Roti,[],Sweet,,,Jharkhand,Veg,75.0,400.0,300.0,5.0,42.0,12.0,2.0,0.0,0.0,normal,True,Master Food Database,,
food_a0b0f266,artichoke,Artichoke,[],Vegetable,,,,Veg,150.0,40.0,60.0,4.2,13.4,0.2,6.9,1.2,112.0,normal,True,Master Food Database,,
food_6fc4ab30,arugula,Arugula,[],Vegetable,,,,Veg,150.0,6.666666666666667,10.0,1.0,0.8,0.2,0.4,0.4,6.0,normal,True,Master Food Database,,
food_2f4a068d,asparagus,Asparagus,[],Vegetable,,,,Veg,150.0,26.666666666666668,40.0,4.2,6.266666666666667,0.9333333333333332,3.4,3.5,4.0,normal,True,Master Food Database,,
food_3fb8d6f1,assorted pastry,Assorted pastry,[],,,,,Veg,150.0,153.82666666666665,230.74,6.78,31.99,8.91,0.43,19.7,49.99,normal,True,Master Food Database,,
food_28afaec3,atta dal burfi,Atta dal burfi ,[],,,,,Veg,200.0,149.4,298.8,6.66,40.64,12.47,4.08,21.08,3.56,normal,True,Master Food Database,,
food_531cfbee,attu,Attu,[],Breakfast,,South India,,Veg,180.0,122.2,220.0,7.0,32.0,7.0,3.0,0.0,0.0,normal,True,Master Food Database,,
food_5becd6a3,avial,Avial,[],Main Dish,,,Kerala,Veg,200.0,119.51,228.64,7.115,21.6175,11.235,5.61,0.0,0.0,normal,True,Master Food Database,,
food_4fa6d529,avocado,Avocado,[],Fruit,,,,Veg,150.0,106.66666666666667,160.0,2.0,8.5,14.7,6.7,0.7,7.0,normal,True,Master Food Database,,
food_fb6b5b29,avocado toast,Avocado Toast,[],Meal/Vegetarian,,,,Veg,150.0,173.33333333333334,260.0,7.0,28.0,15.0,10.0,1.0,350.0,normal,True,Master Food Database,,
food_3ab478c2,awadhi biryani,Awadhi Biryani,[],Rice Dish,,,Uttar Pradesh,Non-Veg,250.0,120.0,300.0,16.0,48.0,8.0,3.0,0.0,0.0,normal,True,Master Food Database,,
food_91068dfd,awandru,Awandru,[],Main Dish,,,Tripura,Veg,200.0,140.0,280.0,9.0,30.0,12.0,6.0,0.0,0.0,normal,True,Master Food Database,,
food_3c488dce,axone pork,Axone Pork,[],Meat,,,Nagaland,Non-Veg,180.0,194.4,350.0,32.0,3.0,25.0,2.0,0.0,0.0,normal,True,Master Food Database,,
food_4420ac72,baati,Baati,[],Bread,,North India,,Veg,80.0,312.5,250.0,7.0,42.0,7.0,3.0,0.0,0.0,normal,True,Master Food Database,,
food_3ef00b3b,baba ganoush,Baba Ganoush,[],Meal/Vegetable,,,,Veg,150.0,66.66666666666666,100.0,2.0,8.0,7.0,4.0,2.0,300.0,normal,True,Master Food Database,,
food_c4ad47d6,babru,Babru,[],Snack,,,Himachal Pradesh,Veg,100.0,280.0,280.0,6.0,32.0,14.0,3.0,0.0,0.0,normal,True,Master Food Database,,
food_920527ed,bacon,Bacon,[],Protein/Meat,,,,Non-Veg,150.0,57.333333333333336,86.0,6.0,0.2,6.8,0.0,0.1,330.0,normal,True,Master Food Database,,
food_dbbc6485,bacon and mushroom pancake,Bacon and mushroom pancake,[],,,,,Non-Veg,150.0,105.11333333333333,157.67,6.82,8.47,10.6,1.59,1.23,344.23,normal,True,Master Food Database,,
food_44ad9557,bafauri,Bafauri,[],Snack,,,Chhattisgarh,Veg,100.0,280.0,280.0,6.0,32.0,14.0,3.0,0.0,0.0,normal,True,Master Food Database,,
food_dfa58d73,bagara rice,Bagara Rice,[],Rice Dish,,,Telangana,Veg,250.0,120.0,300.0,8.0,48.0,8.0,3.0,0.0,0.0,normal,True,Master Food Database,,
food_18ed023e,bagel,Bagel,[],Grain,,,,Veg,150.0,180.0,270.0,11.0,55.0,1.5,2.0,5.0,430.0,normal,True,Master Food Database,,
food_2660d445,baguette,Baguette,[],Grain,,,,Veg,150.0,46.666666666666664,70.0,2.5,14.0,0.5,0.6,0.5,150.0,normal,True,Master Food Database,,
food_22417bcb,bai,Bai,[],Main Dish,,,Mizoram,Veg,200.0,140.0,280.0,9.0,30.0,12.0,6.0,0.0,0.0,normal,True,Master Food Database,,
food_c658b2f2,baida roti,Baida Roti,[],Snack,,South India,,Non-Veg,100.0,280.0,280.0,14.0,32.0,14.0,3.0,0.0,0.0,normal,True,Master Food Database,,
food_653e7f76,bajra churma,Bajra Churma,[],Sweet,,,Haryana,Veg,75.0,400.0,300.0,5.0,42.0,12.0,2.0,0.0,0.0,normal,True,Master Food Database,,
food_8b4c267d,bajra khichdi,Bajra Khichdi,[],Main Dish,,,Haryana,Veg,200.0,140.0,280.0,9.0,30.0,12.0,6.0,0.0,0.0,normal,True,Master Food Database,,
food_c818defb,bajra roti,Bajra Roti,[],Bread,,,Haryana,Veg,80.0,312.5,250.0,7.0,42.0,7.0,3.0,0.0,0.0,normal,True,Master Food Database,,
food_4b614e39,bajre ki roti,Bajre Ki Roti,[],Bread,,,Rajasthan,Veg,80.0,312.5,250.0,7.0,42.0,7.0,3.0,0.0,0.0,normal,True,Master Food Database,,
food_b5cb6e23,bajri no rotlo,Bajri No Rotlo,[],Bread,,West India,,Veg,80.0,312.5,250.0,7.0,42.0,7.0,3.0,0.0,0.0,normal,True,Master Food Database,,
food_280a0dd9,bajri rotla,Bajri Rotla,[],Bread,,,Gujarat,Veg,80.0,312.5,250.0,7.0,42.0,7.0,3.0,0.0,0.0,normal,True,Master Food Database,,
food_55a3e94a,baked brinjal in tomato sauce,Baked brinjal in tomato sauce,[],,,,,Veg,150.0,25.753333333333334,38.63,1.58,4.13,1.62,2.34,2.2,79.66,normal,True,Master Food Database,,
food_9e50bbde,baked custard,Baked custard,[],,,,,Veg,150.0,71.02000000000001,106.53,5.41,9.45,5.3,0.0,9.42,47.13,normal,True,Master Food Database,,
food_f4ac6067,baked egg,Baked egg ,[],,,,,Eggetarian,150.0,145.89999999999998,218.85,11.88,15.42,12.65,1.03,1.66,523.29,normal,True,Master Food Database,,
food_ceecd35d,baked eggs in tomato sauce,Baked eggs in tomato sauce,[],,,,,Eggetarian,150.0,53.36666666666666,80.05,4.92,3.78,5.22,0.01,2.03,188.21,normal,True,Master Food Database,,
food_50e91859,baked fish with cheese sauce,Baked fish with cheese sauce,[],,,,,Non-Veg,150.0,75.97333333333333,113.96,8.64,4.06,7.02,0.08,3.22,209.48,normal,True,Master Food Database,,
food_6b654252,baked potato,Baked Potato,[],Vegetable,,,,Veg,150.0,106.66666666666667,160.0,4.3,36.0,0.2,3.8,1.0,17.0,normal,True,Master Food Database,,
food_c622dc88,baked potato soup,Baked potato soup,[],,,,,Veg,250.0,58.82000000000001,147.05,5.73,5.85,11.21,0.3,3.44,268.69,normal,True,Master Food Database,,
food_7df0d894,baked potato with skin,Baked potato with skin ,[],,,,,Veg,150.0,90.51333333333335,135.77,3.43,11.11,8.5,1.2,1.66,354.5,normal,True,Master Food Database,,
food_b22bca8a,baked stuffed fish,Baked stuffed fish,[],,,,,Non-Veg,150.0,81.30666666666666,121.96,16.14,2.12,5.43,0.38,0.35,74.36,normal,True,Master Food Database,,
food_0625d3c7,baked vegetables,Baked vegetables,[],,,,,Veg,150.0,59.32666666666666,88.99,3.67,8.44,4.44,2.34,2.56,124.7,normal,True,Master Food Database,,
food_6b7ca1ad,baked vegetables with spinach,Baked vegetables with spinach ,[],,,,,Veg,150.0,51.86000000000001,77.79,3.22,6.93,4.03,2.33,2.09,122.85,normal,True,Master Food Database,,
food_e0c85bcc,baklava,Baklava,[],Dessert,,,,Veg,75.0,373.3333333333333,280.0,3.0,30.0,18.0,2.0,20.0,80.0,normal,True,Master Food Database,,
food_395b4952,bal mithai,Bal Mithai,[],Sweet,,,Uttarakhand,Veg,75.0,400.0,300.0,5.0,42.0,12.0,2.0,0.0,0.0,normal,True,Master Food Database,,
food_496f78b1,balsamic glaze,Balsamic Glaze,[],Condiment,,,,Veg,30.0,88.33333333333333,26.5,0.0,6.0,0.0,0.0,8.0,10.0,normal,True,Master Food Database,,
food_c234b22d,balsamic vinaigrette,Balsamic Vinaigrette,[],Condiment,,,,Veg,30.0,300.0,90.0,0.0,3.0,9.0,0.0,2.5,300.0,normal,True,Master Food Database,,
food_e3047eeb,balushahi,Balushahi,[],Sweet,,,Uttar Pradesh,Veg,75.0,400.0,300.0,5.0,42.0,12.0,2.0,0.0,0.0,normal,True,Master Food Database,,
food_b9ccd019,bamboo shoot curry,Bamboo Shoot Curry,[],Main Dish,,,Jharkhand,Veg,200.0,140.0,280.0,9.0,30.0,12.0,6.0,0.0,0.0,normal,True,Master Food Database,,
food_84fc8dd7,bamboo shoot fry,Bamboo Shoot Fry,[],Vegetable,,,Nagaland,Veg,150.0,80.0,120.0,4.0,14.0,5.0,5.0,0.0,0.0,normal,True,Master Food Database,,
food_ec355f0f,banana,Banana,[],Fruit,,,,Veg,150.0,70.0,105.0,1.3,27.0,0.4,3.1,14.0,1.0,normal,True,Master Food Database,,
food_397c19cc,banana appam,Banana appam,[],,,,,Veg,150.0,313.2066666666667,469.81,1.17,20.06,42.53,0.67,9.95,20.14,normal,True,Master Food Database,,
food_08919a68,banana cake,Banana cake,['Kele ka cake'],,,,,Veg,150.0,259.67333333333335,389.51,5.77,40.0,23.31,1.14,23.04,117.81,normal,True,Master Food Database,,
food_7fc8384e,banana chips,Banana Chips,['Kele ke chips'],Snack,,,Kerala,Veg,100.0,361.89,472.835,3.185,19.66,42.23,1.825,0.0,0.0,normal,True,Master Food Database,,
food_a9ac3307,banana groundnut paste/puree,Banana groundnut paste/puree,[],,,,,Veg,150.0,142.12666666666667,213.19,4.27,36.15,5.45,1.7,31.67,16.85,normal,True,Master Food Database,,
food_fe71e6bc,banana milkshake,Banana milkshake,['Kele milkshake'],,,,,Veg,250.0,26.124000000000002,65.31,1.84,9.15,2.37,0.26,7.96,13.61,normal,True,Master Food Database,,
food_f80ec029,banana milkshake with ice cream,Banana milkshake with ice cream,['Kele ka milkshake ice cream ke saath'],,,,,Veg,250.0,30.580000000000002,76.45,2.01,11.15,2.77,0.27,9.94,16.63,normal,True,Master Food Database,,
food_3db19e77,banana raita,Banana raita,['Kele ka raita'],,,,,Veg,150.0,59.35333333333334,89.03,4.13,13.51,2.07,1.0,10.11,135.43,normal,True,Master Food Database,,
food_ecc45008,banarasi kachori,Banarasi Kachori,[],Snack,,,Uttar Pradesh,Veg,100.0,280.0,280.0,6.0,32.0,14.0,3.0,0.0,0.0,normal,True,Master Food Database,,
food_667b4729,banarasi paan,Banarasi Paan,[],Snack,,,Uttar Pradesh,Veg,100.0,280.0,280.0,6.0,32.0,14.0,3.0,0.0,0.0,normal,True,Master Food Database,,
food_3848e75e,banarasi tamatar chaat,Banarasi Tamatar Chaat,[],Street Food,,,Uttar Pradesh,Veg,180.0,194.4,350.0,8.0,45.0,15.0,5.0,0.0,0.0,normal,True,Master Food Database,,
food_c3b8c25e,barbeque sauce,Barbeque sauce,[],,,,,Veg,150.0,81.28666666666668,121.93,0.96,20.46,4.51,0.69,18.88,504.95,normal,True,Master Food Database,,
food_d4e65c5a,barfi,Barfi,[],Sweet,,West India,,Veg,75.0,400.0,300.0,5.0,42.0,12.0,2.0,0.0,0.0,normal,True,Master Food Database,,
food_ede4117c,basil,Basil,[],Condiment,,,,Veg,30.0,3.3333333333333335,1.0,0.1,0.05,0.0,0.1,0.0,0.0,normal,True,Master Food Database,,
food_a43d329b,basundi,Basundi,[],Sweet,,,Gujarat,Veg,75.0,400.0,300.0,5.0,42.0,12.0,2.0,0.0,0.0,normal,True,Master Food Database,,
food_edc90ded,batata saung,Batata Saung,[],Curry,,West India,,Veg,200.0,115.0,230.0,8.0,18.0,12.0,5.0,0.0,0.0,normal,True,Master Food Database,,
food_c57556e1,batata vada,Batata Vada,[],Snack,,,Maharashtra,Veg,100.0,280.0,280.0,6.0,32.0,14.0,3.0,0.0,0.0,normal,True,Master Food Database,,
food_8ab144bd,bathua bhujia,Bathua bhujia,[],,,,,Veg,150.0,60.6,90.9,2.26,3.63,7.29,3.8,1.08,81.99,normal,True,Master Food Database,,
food_4d9d4212,bathua poori,Bathua poori,[],,,,,Veg,150.0,399.19333333333327,598.79,2.35,13.85,59.14,1.87,0.41,49.71,normal,True,Master Food Database,,
food_6e847557,bathua raita,Bathua Raita,[],Side Dish,,,Haryana,Veg,100.0,88.13333333333333,97.2,4.0649999999999995,10.655,3.88,3.0949999999999998,0.0,0.0,normal,True,Master Food Database,,
food_74e784f0,bbq sauce,BBQ Sauce,[],Condiment,,,,Veg,30.0,200.0,60.0,0.5,15.0,0.0,0.5,12.0,350.0,normal,True,Master Food Database,,
food_de8df035,bean sprouts,Bean Sprouts,[],Vegetable,,,,Veg,150.0,5.333333333333334,8.0,0.8,1.5,0.1,0.4,1.0,1.0,normal,True,Master Food Database,,
food_67e30564,beans and macaroni,Beans and macaroni,[],,,,,Veg,150.0,90.72000000000001,136.08,4.58,14.24,7.01,2.05,1.68,182.79,normal,True,Master Food Database,,
food_50b1a98e,beans foogath,Beans foogath,[],,,,,Veg,150.0,70.04,105.06,2.03,3.26,9.22,4.15,1.7,81.22,normal,True,Master Food Database,,
food_0d90ae30,beans with coconut,Beans with coconut,['Nariyal aur sem/phali; Beans thoran'],,,,,Veg,150.0,87.75333333333333,131.63,2.62,4.39,11.39,5.59,2.06,271.65,normal,True,Master Food Database,,
food_d54c906b,bebinca,Bebinca,[],Sweet,,,Goa,Veg,75.0,400.0,300.0,5.0,42.0,12.0,2.0,0.0,0.0,normal,True,Master Food Database,,
food_d4d5f9f2,bedai,Bedai,[],Breakfast,,,Uttar Pradesh,Veg,180.0,122.2,220.0,7.0,32.0,7.0,3.0,0.0,0.0,normal,True,Master Food Database,,
food_9874b4cf,beef burrito,Beef Burrito,[],Meal/Processed,,,,Non-Veg,150.0,433.3333333333333,650.0,30.0,70.0,28.0,10.0,5.0,1400.0,normal,True,Master Food Database,,
food_26cfc750,beef jerky,Beef Jerky,[],Snack/Processed,,,,Non-Veg,100.0,115.99999999999999,116.0,9.4,3.1,7.2,0.5,2.5,590.0,normal,True,Master Food Database,,
food_638bb505,beef pho,Beef Pho,[],Meal/Soup,,,,Non-Veg,250.0,180.0,450.0,30.0,55.0,12.0,4.0,5.0,1500.0,normal,True,Master Food Database,,
food_af6708aa,beef steak,Beef Steak,[],Protein/Meat,,,,Non-Veg,250.0,108.0,270.0,42.0,0.0,10.0,0.0,0.0,90.0,normal,True,Master Food Database,,
food_2e0807a8,beef stroganoff,Beef Stroganoff,[],Meal/Pasta,,,,Non-Veg,150.0,366.66666666666663,550.0,30.0,40.0,28.0,4.0,6.0,900.0,normal,True,Master Food Database,,
food_3a465f51,beef tacos,Beef Tacos,[],Meal/Meat,,,,Non-Veg,150.0,253.33333333333331,380.0,18.0,28.0,22.0,5.0,3.0,600.0,normal,True,Master Food Database,,
food_97be720c,beef wellington,Beef Wellington,[],Meal/Meat,,,,Non-Veg,150.0,400.0,600.0,30.0,35.0,38.0,4.0,4.0,850.0,normal,True,Master Food Database,,
food_40b7c26d,beer,Beer,[],Beverage,,,,Veg,250.0,41.199999999999996,103.0,0.9,5.8,0.0,0.0,0.3,10.0,normal,True,Master Food Database,,
food_59cc6c61,beetroot and egg salad,Beetroot and egg salad,['Chukandar aur ande ka salad'],,,,,Eggetarian,150.0,56.61333333333334,84.92,3.36,3.4,6.45,0.55,1.97,110.12,normal,True,Master Food Database,,
food_b3cf3718,beetroot poori,Beetroot poori,['Chukandar ki poori'],,,,,Veg,150.0,351.7733333333333,527.66,1.91,12.29,52.18,1.4,0.54,46.48,normal,True,Master Food Database,,
food_c3b9a017,beets,Beets,[],Vegetable,,,,Veg,150.0,20.0,30.0,0.8,6.8,0.1,1.4,5.8,50.0,normal,True,Master Food Database,,
food_38fa0305,bell pepper,Bell Pepper,[],Vegetable,,,,Veg,150.0,20.666666666666668,31.0,1.2,6.0,0.3,2.1,4.2,4.0,normal,True,Master Food Database,,
food_fc4e89f8,bell peppers & onions,Bell Peppers & Onions,[],Vegetable,,,,Veg,150.0,40.0,60.0,1.5,10.0,2.0,3.0,6.0,30.0,normal,True,Master Food Database,,
food_0ae451ba,bengal 5 spice blend,Bengal 5 Spice Blend,['Panch Phoran'],,,,,Veg,150.0,193.19333333333336,289.79,18.26,20.0,22.16,18.4,1.4,51.43,normal,True,Master Food Database,,
food_cbab93ff,bengal fish curry,Bengal fish curry,['Bengali machli curry'],,,,,Non-Veg,200.0,54.715,109.43,7.26,4.42,7.03,1.93,2.39,76.38,normal,True,Master Food Database,,
food_1178a240,bengena pitika,Bengena Pitika,[],Side Dish,,East India,,Veg,100.0,140.0,140.0,4.0,16.0,6.0,4.0,0.0,0.0,normal,True,Master Food Database,,
food_2a2759a2,berma chutney,Berma Chutney,[],Seafood,,,Tripura,Non-Veg,180.0,122.2,220.0,30.0,1.0,11.0,1.0,0.0,0.0,normal,True,Master Food Database,,
food_a1a994d5,berry coulis,Berry Coulis,[],Condiment,,,,Veg,30.0,66.66666666666666,20.0,0.0,5.0,0.0,0.5,4.5,0.0,normal,True,Master Food Database,,
food_d504a9e7,besan and spinach parantha/paratha,Besan and spinach parantha/paratha,['Besan aur palak ka parantha/paratha'],,,,,Veg,80.0,270.6125,216.49,5.54,21.39,12.09,4.39,1.31,177.19,normal,True,Master Food Database,,
food_2dadd020,besan bathua chilla/cheela,Besan bathua chilla/cheela,[],,,,,Veg,150.0,249.21333333333334,373.82,11.48,40.65,18.57,7.79,1.45,166.36,normal,True,Master Food Database,,
food_b8d1c5a7,besan gatte curry,Besan gatte curry,[],,,,,Veg,200.0,94.69,189.38,7.75,16.26,10.72,3.25,4.5,356.27,normal,True,Master Food Database,,
food_b64bdfc0,besan kadhi with pakodies,Besan kadhi with pakodies,[],,,,,Veg,150.0,268.9,403.35,1.64,3.56,42.59,0.81,0.88,60.8,normal,True,Master Food Database,,
food_028f3eac,besara,Besara,[],Curry,,,Odisha,Veg,200.0,115.0,230.0,8.0,18.0,12.0,5.0,0.0,0.0,normal,True,Master Food Database,,
food_080adeea,bhaang ki chutney,Bhaang Ki Chutney,[],Chutney,,,Uttarakhand,Veg,50.0,200.0,100.0,2.0,8.0,6.0,3.0,0.0,0.0,normal,True,Master Food Database,,
food_a268310c,bhaji,Bhaji,[],Vegetable,,East India,,Veg,150.0,86.7,130.0,4.0,15.0,5.0,5.0,0.0,0.0,normal,True,Master Food Database,,
food_b611d77a,bhajji,Bhajji,[],Snack,,South India,,Veg,100.0,280.0,280.0,6.0,32.0,14.0,3.0,0.0,0.0,normal,True,Master Food Database,,
food_3e87e32c,bhakri,Bhakri,[],Bread,,West India,,Veg,80.0,312.5,250.0,7.0,42.0,7.0,3.0,0.0,0.0,normal,True,Master Food Database,,
food_cb5165ac,bhangui,Bhangui,[],Rice Dish,,,Tripura,Veg,250.0,120.0,300.0,8.0,48.0,8.0,3.0,0.0,0.0,normal,True,Master Food Database,,
food_3426804d,bharli vangi,Bharli Vangi,[],Main Dish,,,Maharashtra,Veg,200.0,140.0,280.0,9.0,30.0,12.0,6.0,0.0,0.0,normal,True,Master Food Database,,
food_b028e842,bhatt ki churkani,Bhatt Ki Churkani,[],Curry,,,Uttarakhand,Veg,200.0,115.0,230.0,8.0,18.0,12.0,5.0,0.0,0.0,normal,True,Master Food Database,,
food_41f75510,bhatura,Bhatura,[],,,,,Veg,150.0,420.65000000000003,521.6,4.3149999999999995,26.365000000000002,44.78,1.69,0.69,28.3,normal,True,Master Food Database,,
food_fd067479,bhel puri,Bhel puri ,[],,,,,Veg,150.0,339.9266666666667,509.89,3.52,16.47,47.91,2.24,3.41,93.98,normal,True,Master Food Database,,
food_6cec63a3,bhey,Bhey,[],Vegetable,,,Himachal Pradesh,Veg,150.0,80.0,120.0,4.0,14.0,5.0,5.0,0.0,0.0,normal,True,Master Food Database,,
food_3fc108be,bhindi masala,Bhindi Masala,[],Vegetable,,North India,,Veg,150.0,86.7,130.0,4.0,15.0,5.0,5.0,0.0,0.0,normal,True,Master Food Database,,
food_c1b9d298,bhopali chicken,Bhopali Chicken,[],Chicken,,,Madhya Pradesh,Non-Veg,180.0,166.7,300.0,33.0,5.0,18.0,2.0,0.0,0.0,normal,True,Master Food Database,,
food_8ee4750d,bhopali gosht,Bhopali Gosht,[],Meat,,,Madhya Pradesh,Non-Veg,180.0,194.4,350.0,32.0,3.0,25.0,2.0,0.0,0.0,normal,True,Master Food Database,,
food_0f60b170,bhutte ka kees,Bhutte Ka Kees,[],Snack,,,Madhya Pradesh,Veg,100.0,280.0,280.0,6.0,32.0,14.0,3.0,0.0,0.0,normal,True,Master Food Database,,
food_79698fc3,bihari chicken curry,Bihari Chicken Curry,[],Chicken,,,Bihar,Non-Veg,180.0,166.7,300.0,33.0,5.0,18.0,2.0,0.0,0.0,normal,True,Master Food Database,,
food_1e382ab4,bihari mutton curry,Bihari Mutton Curry,[],Meat,,,Bihar,Non-Veg,180.0,194.4,350.0,32.0,3.0,25.0,2.0,0.0,0.0,normal,True,Master Food Database,,
food_404005cd,bilahi maas,Bilahi Maas,[],Fish,,East India,,Non-Veg,180.0,133.3,240.0,33.0,5.0,13.0,1.0,0.0,0.0,normal,True,Master Food Database,,
food_1e46772a,biryani,Biryani,[],Meal/Meat,,,,Veg,250.0,149.33333333333334,373.3333333333333,18.666666666666668,52.0,11.333333333333334,3.6666666666666665,6.0,900.0,normal,True,Master Food Database,,
food_ea4ffc67,biscotti,Biscotti,[],Dessert,,,,Veg,75.0,146.66666666666666,110.0,2.0,18.0,4.0,1.0,9.0,50.0,normal,True,Master Food Database,,
food_b21f9573,biscuits and gravy,Biscuits and Gravy,[],Meal/Processed,,,,Veg,150.0,320.0,480.0,10.0,45.0,28.0,2.0,3.0,1100.0,normal,True,Master Food Database,,
food_1cf3f08e,bisi bele bath,Bisi Bele Bath,[],Rice Dish,,,Karnataka,Veg,250.0,120.0,300.0,9.0,44.0,9.0,4.5,0.0,0.0,normal,True,Master Food Database,,
food_d1ad5d63,bison burger,Bison Burger,[],Protein/Meat,,,,Veg,150.0,100.0,150.0,22.0,0.0,7.0,0.0,0.0,65.0,normal,True,Master Food Database,,
food_6e2050ad,black beans,Black Beans,[],Legume,,,,Veg,150.0,76.0,114.0,7.6,20.4,0.5,7.5,0.3,1.0,normal,True,Master Food Database,,
food_29d503fe,black channa curry/bengal gram curry,Black channa curry/Bengal gram curry,['Kale chane ki curry'],,,,,Veg,200.0,70.34,140.68,5.67,14.11,6.61,7.99,2.36,358.63,normal,True,Master Food Database,,
food_674e90bd,black channa pulao/ bengal gram pulao,Black channa pulao/ Bengal gram pulao,['Kale chane ka pulao'],,,,,Veg,250.0,50.20400000000001,125.51,3.44,21.55,2.58,2.69,1.99,103.09,normal,True,Master Food Database,,
food_d42fad59,black forest gateau,Black forest gateau,[],,,,,Veg,250.0,87.128,217.82,5.94,30.57,8.58,0.28,21.97,79.37,normal,True,Master Food Database,,
food_73d9ae41,black forest pastry,Black forest pastry,[],,,,,Veg,150.0,155.70000000000002,233.55,6.09,34.48,8.46,0.54,21.35,53.43,normal,True,Master Food Database,,
food_52029816,black pepper,Black Pepper,[],Condiment,,,,Veg,30.0,11.111111111111109,3.3333333333333335,0.10000000000000002,0.7999999999999999,0.03333333333333333,0.3333333333333333,0.0,0.0,normal,True,Master Food Database,,
food_b0b6f968,black rice,Black Rice,[],Rice,,East India,,Veg,150.0,86.7,130.0,3.0,28.0,1.0,2.0,0.0,0.0,normal,True,Master Food Database,,
food_160226d4,black rice kheer,Black rice kheer,['Chak-hao kheer'],,,,,Veg,250.0,59.175999999999995,147.94,4.37,22.93,4.91,0.76,12.57,25.77,normal,True,Master Food Database,,
food_2fa6ea1f,blackberries,Blackberries,[],Fruit,,,,Veg,150.0,41.333333333333336,62.0,2.0,13.8,0.7,7.6,4.9,1.0,normal,True,Master Food Database,,
food_ce86eb5d,blue cheese,Blue Cheese,[],Dairy,,,,Veg,150.0,66.66666666666666,100.0,6.0,0.7,8.0,0.0,0.1,325.0,normal,True,Master Food Database,,
food_9fc24df5,blue cheese dressing,Blue Cheese Dressing,[],Condiment,,,,Veg,30.0,500.0,150.0,1.0,2.0,16.0,0.0,1.0,320.0,normal,True,Master Food Database,,
food_2364c64a,blueberries,Blueberries,[],Fruit,,,,Veg,150.0,28.000000000000004,42.0,0.5,11.0,0.2,1.8,7.0,1.0,normal,True,Master Food Database,,
food_572a7016,bobbatlu,Bobbatlu,[],Sweet,,,Andhra Pradesh,Veg,75.0,400.0,300.0,5.0,42.0,12.0,2.0,0.0,0.0,normal,True,Master Food Database,,
food_27b48c51,bobotie,Bobotie,[],Meal/Meat,,,,Veg,150.0,300.0,450.0,25.0,30.0,25.0,5.0,15.0,700.0,normal,True,Master Food Database,,
food_2dcf0f73,boiled egg,Boiled egg,['Ubla anda'],,,,,Eggetarian,150.0,30.233333333333334,45.35,4.43,0.12,3.04,0.11,0.0,170.94,normal,True,Master Food Database,,
food_b51e5ac0,boiled rice,Boiled rice,['Uble chawal'],,,,,Veg,250.0,46.876,117.19,2.6,25.72,0.18,1.25,0.22,1.05,normal,True,Master Food Database,,
food_489bac08,bok choy,Bok Choy,[],Vegetable,,,,Veg,150.0,6.666666666666667,10.0,1.5,2.0,0.1,1.0,1.0,40.0,normal,True,Master Food Database,,
food_be045cea,bombay duck fry,Bombay Duck Fry,[],Fish,,,Maharashtra,Non-Veg,180.0,133.3,240.0,33.0,0.0,13.0,1.0,0.0,0.0,normal,True,Master Food Database,,
food_52f42cb7,bombil fry,Bombil Fry,[],Fish,,West India,,Non-Veg,180.0,133.3,240.0,33.0,5.0,13.0,1.0,0.0,0.0,normal,True,Master Food Database,,
food_2aed37a9,bonda,Bonda,[],Snack,,South India,,Veg,100.0,280.0,280.0,6.0,32.0,14.0,3.0,0.0,0.0,normal,True,Master Food Database,,
food_0564a014,boondi raita,Boondi raita,[],,,,,Veg,150.0,458.48,687.72,2.19,3.96,73.83,0.46,1.88,99.18,normal,True,Master Food Database,,
food_f5705272,bora saul payas,Bora Saul Payas,[],Sweet,,,Assam,Veg,75.0,400.0,300.0,5.0,42.0,12.0,2.0,0.0,0.0,normal,True,Master Food Database,,
food_d50551d4,bora sawul,Bora Sawul,[],Rice,,East India,,Veg,150.0,86.7,130.0,3.0,28.0,1.0,2.0,0.0,0.0,normal,True,Master Food Database,,
food_f899be05,boti kebab,Boti kebab,[],,,,,Veg,150.0,88.57333333333334,132.86,9.22,3.06,9.27,0.76,2.09,78.14,normal,True,Master Food Database,,
food_428cf438,bottle gourd burfi,Bottle gourd burfi,['Ghiya/Lauki burfi'],,,,,Veg,150.0,183.97333333333333,275.96,5.86,24.51,17.68,0.73,23.92,18.15,normal,True,Master Food Database,,
food_053116ee,bottle gourd kheer,Bottle gourd kheer,['Ghiya/Lauki kheer'],,,,,Veg,150.0,56.04666666666667,84.07,2.7,10.0,3.86,0.55,9.63,19.62,normal,True,Master Food Database,,
food_143f89e6,bottle gourd raita,Bottle gourd raita,['Ghiya/Lauki ka raita'],,,,,Veg,150.0,37.54,56.31,3.98,5.76,2.07,0.85,5.25,188.37,normal,True,Master Food Database,,
food_47b61781,bottle gourd soup,Bottle gourd soup,['Ghiya/Lauki soup'],,,,,Veg,250.0,9.22,23.05,0.45,1.16,1.79,0.96,0.39,53.81,normal,True,Master Food Database,,
food_280a93b4,bread and butter pudding,Bread and butter pudding ,[],,,,,Veg,80.0,209.925,167.94,5.59,19.63,7.88,0.98,11.84,96.3,normal,True,Master Food Database,,
food_592bc123,bread pakora,Bread Pakora,[],Snack,,Unsorted,,Veg,100.0,280.0,280.0,6.0,32.0,14.0,3.0,0.0,0.0,normal,True,Master Food Database,,
food_cc6971e6,bread pakora/pakoda,Bread pakora/pakoda,[],,,,,Veg,80.0,888.7375000000001,710.99,2.57,8.87,74.2,1.11,0.46,101.49,normal,True,Master Food Database,,
food_927cb281,bread roll,Bread roll,[],,,,,Veg,80.0,397.1625,317.73,4.425,27.060000000000002,21.125,1.725,0.94,139.34,normal,True,Master Food Database,,
food_54b3c004,bread sauce,Bread sauce,[],,,,,Veg,80.0,138.8,111.04,3.46,8.69,7.05,0.56,4.63,88.84,normal,True,Master Food Database,,
food_f586f60e,bread upma,Bread upma,[],,,,,Veg,80.0,161.8875,129.51,2.8,12.6,7.75,1.96,1.56,176.44,normal,True,Master Food Database,,
food_4668971c,breadcrumbs,Breadcrumbs,[],Grain,,,,Veg,80.0,31.25,25.0,0.5,4.0,0.5,0.5,0.5,50.0,normal,True,Master Food Database,,
food_ddbd4cb9,breadstick,Breadstick,[],Grain,,,,Veg,80.0,200.0,160.0,4.0,28.0,3.0,1.0,2.0,350.0,normal,True,Master Food Database,,
food_1b081778,brie cheese,Brie Cheese,[],Dairy,,,,Veg,150.0,63.33333333333333,95.0,6.0,0.1,7.9,0.0,0.1,178.0,normal,True,Master Food Database,,
food_a97b8029,brinjal bhartha,Brinjal bhartha,['Baingan ka bhartha'],,,,,Veg,150.0,43.413333333333334,65.12,1.38,4.4,4.48,3.27,1.82,132.15,normal,True,Master Food Database,,
food_3f7373c1,brinjal pickle,Brinjal pickle,['Baingan ka achaar'],,,,,Veg,30.0,463.3666666666667,139.01,2.24,4.23,12.98,4.62,1.07,3507.59,normal,True,Master Food Database,,
food_3f3770c7,broccoli chicken ala king,Broccoli chicken ala king,[],,,,,Non-Veg,150.0,79.70666666666666,119.56,7.97,5.34,7.57,1.92,2.49,104.01,normal,True,Master Food Database,,
food_e854a052,broccoli delight,Broccoli delight,[],,,,,Veg,150.0,27.133333333333336,40.7,2.49,2.34,2.48,2.83,1.08,59.26,normal,True,Master Food Database,,
food_926d0a2a,brown rice,Brown Rice,[],Grain,,,,Veg,250.0,86.23333333333333,186.66666666666666,4.333333333333333,39.333333333333336,1.5333333333333332,3.0,0.4,10.0,normal,True,Master Food Database,,
food_b45064c0,brown sauce,Brown sauce,[],,,,,Veg,150.0,72.78666666666666,109.18,11.92,5.38,23.67,1.69,0.13,14174.59,normal,True,Master Food Database,,
food_208ce7b4,brown stock,Brown stock,[],,,,,Veg,150.0,14.213333333333333,21.32,1.95,0.25,1.38,0.09,0.14,44.6,normal,True,Master Food Database,,
food_0d3bd965,bruschetta,Bruschetta,[],Snack/Appetizer,,,,Veg,100.0,180.0,180.0,4.0,25.0,7.0,3.0,4.0,350.0,normal,True,Master Food Database,,
food_7813b170,bubble tea,Bubble Tea,[],Beverage,,,,Veg,250.0,128.0,320.0,2.0,70.0,4.0,1.0,60.0,100.0,normal,True,Master Food Database,,
food_f21ff810,buckwheat pancake,Buckwheat pancake,['Khura'],,,,,Veg,150.0,175.53333333333333,263.3,2.91,27.28,16.43,0.56,0.64,69.97,normal,True,Master Food Database,,
food_5aee2775,bulgur,Bulgur,[],Grain,,,,Veg,150.0,30.333333333333336,45.5,1.6,10.1,0.1,2.4499999999999997,0.1,4.0,normal,True,Master Food Database,,
food_ec597a91,bun,Bun,[],Grain,,,,Veg,150.0,93.33333333333333,140.0,4.0,26.0,2.0,1.0,4.0,260.0,normal,True,Master Food Database,,
food_6350982b,burger,Burger,[],Meal/Processed,,,,Veg,150.0,366.66666666666663,550.0,30.0,40.0,30.0,3.0,7.0,1100.0,normal,True,Master Food Database,,
food_6a11c050,butter,Butter,[],Condiment/Dairy,,,,Veg,30.0,333.33333333333337,100.0,0.1,0.0,11.0,0.0,0.0,82.0,normal,True,Master Food Database,,
food_5843291e,butter chicken,Butter Chicken,[],Chicken,,,Punjab,Non-Veg,180.0,147.85833333333332,259.25,27.48,5.9350000000000005,15.675,1.83,0.0,0.0,normal,True,Master Food Database,,
food_a8c123e7,butter icing,Butter icing,[],,,,,Veg,150.0,333.81333333333333,500.72,0.19,71.64,25.37,0.0,71.64,5.98,normal,True,Master Food Database,,
food_1cd74f94,butterfly biscuit,Butterfly biscuit,[],,,,,Veg,150.0,227.6333333333333,341.45,9.98,25.33,22.11,1.02,2.44,572.05,normal,True,Master Food Database,,
food_7315941e,buttermilk biscuit,Buttermilk biscuit,[],,,,,Veg,250.0,129.016,322.54,5.76,34.93,17.5,1.18,3.44,323.74,normal,True,Master Food Database,,
food_a108a9cb,cabbage and peas,Cabbage and peas,['Pattagobhi aur matar'],,,,,Veg,150.0,42.586666666666666,63.88,3.24,6.24,2.64,3.99,0.97,253.73,normal,True,Master Food Database,,
food_eaf10d92,cabbage kheer,Cabbage kheer,['Pattagobhi ki kheer'],,,,,Veg,150.0,55.67333333333334,83.51,2.87,9.73,3.8,0.51,9.28,22.67,normal,True,Master Food Database,,
food_5e9207a9,cabbage kofta curry,Cabbage kofta curry,['Pattagobhi kofta curry'],,,,,Veg,200.0,319.905,639.81,0.98,2.87,69.4,0.9,0.89,92.85,normal,True,Master Food Database,,
food_a90e9a26,cabbage manchurian,Cabbage manchurian,['Pattagobhi manchurian'],,,,,Veg,150.0,149.50666666666666,224.26,0.64,4.85,22.48,0.37,0.33,75.02,normal,True,Master Food Database,,
food_2b29cd9e,cabbage raita,Cabbage raita,['Pattagobhi raita'],,,,,Veg,150.0,56.56,84.84,3.24,5.25,5.76,0.93,4.21,125.31,normal,True,Master Food Database,,
food_ac52cd31,cabbage rolls,Cabbage rolls,"['dry', 'curry']",,,,,Veg,150.0,89.03666666666666,133.555,6.985,6.5600000000000005,8.765,2.095,1.26,118.05,normal,True,Master Food Database,,
food_39caefa7,cabbage slaw,Cabbage Slaw,[],Vegetable,,,,Veg,150.0,40.0,60.0,1.0,8.0,3.0,2.0,5.0,120.0,normal,True,Master Food Database,,
food_ccf734ac,cacio e pepe,Cacio e Pepe,[],Meal/Pasta,,,,Veg,150.0,333.33333333333337,500.0,18.0,65.0,19.0,4.0,3.0,700.0,normal,True,Master Food Database,,
food_da854a01,caesar salad,Caesar Salad,[],Meal/Protein,,,,Veg,150.0,313.3333333333333,470.0,30.0,15.0,30.0,3.0,3.0,890.0,normal,True,Master Food Database,,
food_4a5c11da,cajun chicken,Cajun chicken,[],,,,,Non-Veg,150.0,123.29333333333332,184.94,12.69,1.94,13.99,0.89,1.1,1740.13,normal,True,Master Food Database,,
food_4376bf3e,calamari,Calamari,[],Meal/Seafood,,,,Veg,150.0,100.0,150.0,13.0,8.0,7.0,1.0,1.0,600.0,normal,True,Master Food Database,,
food_e2530fb2,campari,Campari,[],Beverage,,,,Veg,250.0,32.0,80.0,0.0,10.0,0.0,0.0,10.0,5.0,normal,True,Master Food Database,,
food_954eb04a,campari & soda,Campari & Soda,[],Beverage,,,,Veg,250.0,34.0,85.0,0.0,10.0,0.0,0.0,10.0,25.0,normal,True,Master Food Database,,
food_46e8a7c7,canadian bacon,Canadian Bacon,[],Protein/Meat,,,,Non-Veg,150.0,53.333333333333336,80.0,12.0,1.0,3.0,0.0,1.0,650.0,normal,True,Master Food Database,,
food_976b885e,candied fruit,Candied Fruit,[],Fruit,,,,Veg,150.0,20.0,30.0,0.0,8.0,0.0,0.5,8.0,5.0,normal,True,Master Food Database,,
food_147d463f,canjee,Canjee,[],,,,,Veg,150.0,4.406666666666667,6.61,0.24,0.44,0.42,0.36,0.21,43.03,normal,True,Master Food Database,,
food_79bbef8a,cannellini beans,Cannellini Beans,[],Legume,,,,Veg,150.0,70.0,105.0,7.0,20.0,0.5,6.0,1.0,230.0,normal,True,Master Food Database,,
food_00210fd8,cannoli,Cannoli,[],Dessert,,,,Veg,75.0,320.0,240.0,5.0,25.0,13.0,1.0,18.0,100.0,normal,True,Master Food Database,,
food_616592e6,capers,Capers,[],Condiment,,,,Veg,30.0,6.666666666666667,2.0,0.2,0.4,0.1,0.3,0.1,200.0,normal,True,Master Food Database,,
food_358a42ad,caponata,Caponata,[],Meal/Vegetable,,,,Veg,150.0,120.0,180.0,2.0,15.0,14.0,5.0,9.0,400.0,normal,True,Master Food Database,,
food_e9397a36,caprese salad,Caprese Salad,[],Meal/Vegetable,,,,Veg,150.0,160.0,240.0,10.0,8.0,18.0,2.0,5.0,350.0,normal,True,Master Food Database,,
food_ab6bdab2,caramel custard,Caramel custard,"['steamed', 'baked']",,,,,Veg,150.0,81.42666666666668,122.14,5.04,14.985,4.9399999999999995,0.0,14.98,43.57,normal,True,Master Food Database,,
food_8b540b61,caramel ice cream,Caramel ice cream,[],,,,,Veg,150.0,115.68,173.52,4.31,14.81,11.15,0.08,14.52,33.47,normal,True,Master Food Database,,
food_8847889d,caramel sauce,Caramel Sauce,[],Condiment,,,,Veg,30.0,200.0,60.0,0.0,13.0,1.0,0.0,12.0,30.0,normal,True,Master Food Database,,
food_5f635d64,carbonara,Carbonara,[],Meal/Pasta,,,,Veg,150.0,433.3333333333333,650.0,25.0,60.0,35.0,4.0,4.0,900.0,normal,True,Master Food Database,,
food_bbdf08e4,cardamom,Cardamom,[],Condiment,,,,Veg,30.0,3.3333333333333335,1.0,0.0,0.2,0.0,0.1,0.0,0.0,normal,True,Master Food Database,,
food_d928b8ba,cardamom cookies,Cardamom cookies,['Elaichi cookies'],,,,,Veg,150.0,266.99333333333334,400.49,5.1,53.99,19.12,2.79,38.99,98.45,normal,True,Master Food Database,,
food_c658790d,carrot,Carrot,[],Vegetable,,,,Veg,150.0,6.666666666666667,10.0,0.2,2.4,0.1,0.7,1.2,17.0,normal,True,Master Food Database,,
food_be2ee2c4,carrot and cabbage with coconut,Carrot and cabbage with coconut,['Nariyal ke saath pattagobhi aur gajar'],,,,,Veg,150.0,71.07333333333334,106.61,1.82,4.99,8.62,4.52,2.36,219.6,normal,True,Master Food Database,,
food_44784ebb,carrot and fenugreek leaves,Carrot and fenugreek leaves,['Gajar methi'],,,,,Veg,150.0,41.28,61.92,2.1,4.17,3.81,4.43,2.11,262.91,normal,True,Master Food Database,,
food_7419814a,carrot and spinach raita,Carrot and spinach raita,['Gajar aur palak ka raita'],,,,,Veg,150.0,37.88666666666666,56.83,4.0,5.83,1.99,1.39,4.93,180.79,normal,True,Master Food Database,,
food_b8ec487a,carrot apple sandwich,Carrot apple sandwich,['Gajar aur seb ka sandwich'],,,,,Veg,100.0,214.11,214.11,5.3,29.04,9.12,3.66,5.3,302.88,normal,True,Master Food Database,,
food_b8dbdae4,carrot cake,Carrot cake,['Gajar ka cake'],,,,,Veg,150.0,170.39333333333332,255.59,5.6,35.98,10.27,2.93,23.96,158.74,normal,True,Master Food Database,,
food_4a0fc6f3,carrot halwa,Carrot halwa,['Gajar ka halwa'],,,,,Veg,150.0,115.09333333333332,172.64,3.11,18.53,9.73,2.65,16.85,39.96,normal,True,Master Food Database,,
food_7c1b3b78,carrot kheer,Carrot kheer,['Gajar ki kheer'],,,,,Veg,150.0,56.89999999999999,85.35,2.81,10.09,3.85,0.73,9.63,28.54,normal,True,Master Food Database,,
food_79cca756,carrot murabba,Carrot murabba,['Gajar ka murabba'],,,,,Veg,150.0,116.82666666666668,175.24,0.32,45.6,0.16,1.39,44.83,19.53,normal,True,Master Food Database,,
food_c1f5aad7,carrot raita,Carrot raita,['Gajar ka raita'],,,,,Veg,150.0,43.18666666666667,64.78,4.14,7.19,2.19,1.69,5.99,274.46,normal,True,Master Food Database,,
food_caeffb20,carrot sticks,Carrot Sticks,[],Vegetable,,,,Veg,150.0,34.66666666666667,52.0,1.2,12.3,0.3,3.6,6.0,88.0,normal,True,Master Food Database,,
food_9b5dd951,cashewnut burfi,Cashewnut burfi,['Kaju burfi/Kaju katli'],,,,,Veg,150.0,281.15999999999997,421.74,5.48,37.92,28.46,1.12,31.43,4.23,normal,True,Master Food Database,,
food_6534554f,cashews,Cashews,[],Nut,,,,Veg,150.0,108.66666666666667,163.0,4.3,9.2,13.1,0.9,1.4,140.0,normal,True,Master Food Database,,
food_3541f61d,cauliflower au gratin,Cauliflower au gratin,[],,,,,Veg,150.0,97.26666666666667,145.9,4.45,9.13,10.2,1.44,3.01,164.96,normal,True,Master Food Database,,
food_fefb5f11,cauliflower basket,Cauliflower basket,[],,,,,Veg,150.0,60.63333333333334,90.95,5.21,3.97,5.88,2.4,1.47,194.22,normal,True,Master Food Database,,
food_5b61a412,cauliflower canjee,Cauliflower canjee,['Phoolgobhi ki canjee'],,,,,Veg,150.0,4.6,6.9,0.39,0.35,0.42,0.49,0.09,41.45,normal,True,Master Food Database,,
food_d2539a5a,cauliflower kheer,Cauliflower kheer,['Phoolgobhi ki kheer'],,,,,Veg,150.0,54.63333333333333,81.95,3.04,8.78,3.95,0.55,8.49,25.19,normal,True,Master Food Database,,
food_6143e217,cauliflower kofta curry,Cauliflower kofta curry,['Phoolgobhi kofta curry'],,,,,Veg,200.0,320.55,641.1,1.04,2.62,69.62,1.0,0.83,93.65,normal,True,Master Food Database,,
food_4ec52828,cauliflower musallam,Cauliflower musallam,['Phoolgobhi musallam'],,,,,Veg,150.0,39.22,58.83,1.89,4.48,3.55,3.06,1.71,123.36,normal,True,Master Food Database,,
food_e18b18c0,cauliflower pakora/pakoda,Cauliflower pakora/pakoda,['Phoolgobhi ke pakode'],,,,,Veg,150.0,447.75333333333333,671.63,1.98,4.52,71.86,1.26,0.23,66.54,normal,True,Master Food Database,,
food_8cc769c2,cauliflower parantha/paratha,Cauliflower parantha/paratha,['Phoolgobhi ka parantha/paratha'],,,,,Veg,80.0,222.58749999999998,178.07,3.73,18.84,9.47,4.68,1.15,190.03,normal,True,Master Food Database,,
food_d09d68f3,cauliflower potato canjee,Cauliflower potato canjee,[],,,,,Veg,150.0,11.193333333333333,16.79,0.57,2.63,0.39,0.69,0.13,35.58,normal,True,Master Food Database,,
food_14aa6d5c,cauliflower with coconut,Cauliflower with coconut,['Nariyal ke saath phoolgobhi'],,,,,Veg,150.0,88.07333333333335,132.11,2.64,3.99,11.56,5.27,1.71,286.06,normal,True,Master Food Database,,
food_74ec1084,"cauliflower, pea and potato bhujia","Cauliflower, pea and potato bhujia","['Phoolgobhi', 'matar aur aloo bhujia']",,,,,Veg,150.0,63.78,95.67,2.75,8.23,5.54,3.26,1.47,86.29,normal,True,Master Food Database,,
food_330c4bc5,celery,Celery,[],Vegetable,,,,Veg,150.0,2.666666666666667,4.0,0.2,0.8,0.05,0.4,0.5,32.0,normal,True,Master Food Database,,
food_6c7eec50,celery sticks,Celery Sticks,[],Vegetable,,,,Veg,150.0,9.333333333333334,14.0,0.6,3.0,0.2,1.4,1.2,77.0,normal,True,Master Food Database,,
food_4b9be161,century egg,Century Egg,[],Protein,,,,Eggetarian,150.0,66.66666666666666,100.0,7.0,1.0,7.0,0.0,0.5,300.0,normal,True,Master Food Database,,
food_3b66caa7,cereal,Cereal,[],Grain/Processed,,,,Veg,150.0,86.66666666666667,130.0,2.0,31.0,0.0,1.0,11.0,190.0,normal,True,Master Food Database,,
food_631ad096,cereal bar,Cereal Bar,[],Snack/Processed,,,,Veg,100.0,140.0,140.0,2.0,30.0,3.0,1.0,15.0,110.0,normal,True,Master Food Database,,
food_9816eb66,cereal mix,Cereal mix ,[],,,,,Veg,150.0,80.54,120.81,3.32,21.84,2.02,2.03,10.68,9.29,normal,True,Master Food Database,,
food_a15382a9,cereal pulse mix with amylase rice flour,Cereal pulse mix with amylase rice flour,[],,,,,Veg,250.0,60.62799999999999,151.57,4.27,27.8,2.74,3.47,8.84,1.03,normal,True,Master Food Database,,
food_67da7f62,ceviche,Ceviche,[],Meal/Fish,,,,Veg,150.0,120.0,180.0,25.0,15.0,2.0,3.0,4.0,700.0,normal,True,Master Food Database,,
food_a189474e,chaat,Chaat,[],Street Food,,North India,,Veg,180.0,194.4,350.0,8.0,45.0,15.0,5.0,0.0,0.0,normal,True,Master Food Database,,
food_5714af7e,chai latte,Chai Latte,[],Beverage,,,,Veg,250.0,76.0,190.0,7.0,32.0,4.0,1.0,30.0,105.0,normal,True,Master Food Database,,
food_25676b1c,chainsoo,Chainsoo,[],Curry,,,Uttarakhand,Veg,200.0,115.0,230.0,8.0,18.0,12.0,5.0,0.0,0.0,normal,True,Master Food Database,,
food_8e561b7e,chak hao,Chak Hao,[],Rice Dish,,,Manipur,Veg,250.0,120.0,300.0,8.0,48.0,8.0,3.0,0.0,0.0,normal,True,Master Food Database,,
food_1f4512e0,chak-hao kheer,Chak-Hao Kheer,[],Sweet,,North East India,,Veg,75.0,400.0,300.0,5.0,42.0,12.0,2.0,0.0,0.0,normal,True,Master Food Database,,
food_359eb8e0,chakhwi,Chakhwi,[],Main Dish,,,Tripura,Veg,200.0,140.0,280.0,9.0,30.0,12.0,6.0,0.0,0.0,normal,True,Master Food Database,,
food_2fb81e30,chakri,Chakri,[],Snack,,West India,,Veg,100.0,280.0,280.0,6.0,32.0,14.0,3.0,0.0,0.0,normal,True,Master Food Database,,
food_21595ac4,chamthong,Chamthong,[],Curry,,,Manipur,Veg,200.0,115.0,230.0,8.0,18.0,12.0,5.0,0.0,0.0,normal,True,Master Food Database,,
food_7ce3810a,chana dal fara,Chana Dal Fara,[],Snack,,,Chhattisgarh,Veg,100.0,280.0,280.0,6.0,32.0,14.0,3.0,0.0,0.0,normal,True,Master Food Database,,
food_844ea84e,chana ghugni,Chana Ghugni,[],Main Dish,,,Bihar,Veg,200.0,140.0,280.0,9.0,30.0,12.0,6.0,0.0,0.0,normal,True,Master Food Database,,
food_a2bc2e06,chana masala,Chana Masala,[],Curry,,North India,,Veg,200.0,115.0,230.0,8.0,18.0,12.0,5.0,0.0,0.0,normal,True,Master Food Database,,
food_dfd95d55,channa murmura premix,Channa murmura premix,[],,,,,Veg,150.0,226.05999999999997,339.09,10.59,72.59,3.28,8.21,1.52,206.28,normal,True,Master Food Database,,
food_096cfd3c,chapati,Chapati,[],Bread,,North India,,Veg,80.0,312.5,250.0,7.0,42.0,7.0,3.0,0.0,0.0,normal,True,Master Food Database,,
food_e1ebe936,chapati/roti,Chapati/Roti,[],,,,,Veg,80.0,252.88750000000002,202.31,5.88,35.65,3.56,6.31,1.0,1.16,normal,True,Master Food Database,,
food_4bc50a56,charlotte rousse,Charlotte rousse,[],,,,,Veg,150.0,125.52666666666666,188.29,3.95,34.08,4.78,1.01,20.48,56.45,normal,True,Master Food Database,,
food_debf837d,chat masala,Chat masala,[],,,,,Veg,150.0,148.38666666666666,222.58,8.19,23.87,9.91,18.62,0.79,11873.64,normal,True,Master Food Database,,
food_3e01a67f,chausela,Chausela,[],Bread,,,Chhattisgarh,Veg,80.0,312.5,250.0,7.0,42.0,7.0,3.0,0.0,0.0,normal,True,Master Food Database,,
food_3d315ca1,checker board sandwich,Checker board sandwich,[],,,,,Veg,100.0,348.37,348.37,7.37,25.94,24.65,2.22,2.9,358.25,normal,True,Master Food Database,,
food_bc87b9ab,cheddar cheese,Cheddar Cheese,[],Dairy,,,,Veg,150.0,76.66666666666667,115.0,7.0,1.0,9.5,0.0,0.5,180.0,normal,True,Master Food Database,,
food_813708dc,cheera doi,Cheera Doi,[],Breakfast,,East India,,Veg,180.0,122.2,220.0,7.0,32.0,7.0,3.0,0.0,0.0,normal,True,Master Food Database,,
food_6efdf30a,cheese and chilli sandwich,Cheese and chilli sandwich ,[],,,,,Veg,100.0,218.11,218.11,6.8,27.4,9.78,2.08,2.38,437.5,normal,True,Master Food Database,,
food_0872e59c,cheese and mushroom omelette/omlet,Cheese and mushroom omelette/omlet,[],,,,,Eggetarian,150.0,137.08666666666667,205.63,9.69,1.68,17.82,0.93,1.07,400.29,normal,True,Master Food Database,,
food_93f40e89,cheese and mushroom tart,Cheese and mushroom tart,[],,,,,Veg,150.0,164.06666666666666,246.1,5.51,21.43,15.28,1.18,3.16,212.42,normal,True,Master Food Database,,
food_1e9f509e,cheese and pineapple sandwich,Cheese and pineapple sandwich,['Cheese aur ananas ka sandwich'],,,,,Veg,100.0,257.71,257.71,8.2,29.1,12.8,2.33,4.1,571.96,normal,True,Master Food Database,,
food_546ae9b5,cheese and tomato pancake,Cheese and tomato pancake,[],,,,,Veg,150.0,98.25999999999999,147.39,5.15,10.66,9.28,1.06,3.48,281.62,normal,True,Master Food Database,,
food_c411e151,cheese and tomato sandwich,Cheese and tomato sandwich,"['Cheese aur tamatar ke sandwich', 'toasted']",,,,,Veg,100.0,233.95,233.95,7.37,24.17,12.61,1.875,2.85,549.71,normal,True,Master Food Database,,
food_52eba4e1,cheese balls,Cheese balls,[],,,,,Veg,150.0,454.18666666666667,681.28,2.21,4.81,72.57,0.18,0.63,120.7,normal,True,Master Food Database,,
food_b8a93d3e,cheese danish,Cheese Danish,[],Dessert,,,,Veg,75.0,453.3333333333333,340.0,7.0,38.0,18.0,2.0,16.0,300.0,normal,True,Master Food Database,,
food_3d643c2c,cheese noodle ring,Cheese noodle ring,[],,,,,Veg,150.0,89.11333333333332,133.67,6.22,13.96,6.12,1.27,2.84,241.96,normal,True,Master Food Database,,
food_d6e6d9a7,cheese open sandwich,Cheese open sandwich,[],,,,,Veg,100.0,274.07,274.07,9.84,28.42,14.24,1.74,3.24,504.41,normal,True,Master Food Database,,
food_d51900cc,cheese patties,Cheese patties,[],,,,,Veg,150.0,216.0066666666667,324.01,7.38,22.23,22.67,1.24,3.93,295.22,normal,True,Master Food Database,,
food_6a62d94b,cheese pizza,Cheese pizza,[],,,,,Veg,150.0,166.33333333333334,249.5,5.79,30.62,12.43,1.95,3.42,397.73,normal,True,Master Food Database,,
food_d002404f,cheese pudding,Cheese pudding,[],,,,,Veg,150.0,190.00666666666666,285.01,11.29,19.27,18.37,0.05,18.63,37.83,normal,True,Master Food Database,,
food_eef4bb72,cheese sauce,Cheese sauce,[],,,,,Veg,150.0,129.84,194.76,7.68,7.08,15.12,0.12,4.53,317.38,normal,True,Master Food Database,,
food_e006bb17,cheese soup,Cheese soup,[],,,,,Veg,250.0,16.451999999999998,41.13,12.39,1.87,17.07,1.8,0.84,13695.35,normal,True,Master Food Database,,
food_3ec9024b,cheese straws,Cheese straws,[],,,,,Veg,150.0,254.66666666666669,382.0,9.83,30.61,24.28,1.29,1.79,587.42,normal,True,Master Food Database,,
food_13b6f2cb,cheese toast,Cheese toast,[],,,,,Veg,150.0,523.58,785.37,1.98,5.49,84.11,0.31,0.53,121.05,normal,True,Master Food Database,,
food_24ecc98c,cheese whiz,Cheese Whiz,[],Condiment/Processed,,,,Veg,30.0,300.0,90.0,4.0,3.0,7.0,0.0,2.0,540.0,normal,True,Master Food Database,,
food_e263a9d2,cheesecake,Cheesecake,[],Dessert,,,,Veg,75.0,426.6666666666667,320.0,5.0,28.0,21.0,1.0,20.0,280.0,normal,True,Master Food Database,,
food_05da61e5,cheesy grits,Cheesy Grits,[],Meal/Grain,,,,Veg,150.0,140.0,210.0,6.0,34.0,6.0,2.0,1.0,550.0,normal,True,Master Food Database,,
food_5e827b20,chenna murki,Chenna murki,[],,,,,Veg,150.0,168.45999999999998,252.69,10.46,36.01,8.2,0.0,35.55,11.4,normal,True,Master Food Database,,
food_5342fc25,cherries,Cherries,[],Fruit,,,,Veg,150.0,51.33333333333333,77.0,1.6,19.0,0.5,2.5,15.0,0.0,normal,True,Master Food Database,,
food_377e3858,cherry and walnut cookies,Cherry and walnut cookies,[],,,,,Veg,150.0,281.73333333333335,422.6,5.63,59.35,18.75,1.3,30.37,114.62,normal,True,Master Food Database,,
food_c65a25d2,chettinad chicken,Chettinad Chicken,[],Chicken,,,Tamil Nadu,Non-Veg,180.0,166.7,300.0,33.0,5.0,18.0,2.0,0.0,0.0,normal,True,Master Food Database,,
food_a7d18989,chettinad mutton,Chettinad Mutton,[],Meat,,,Tamil Nadu,Non-Veg,180.0,194.4,350.0,32.0,3.0,25.0,2.0,0.0,0.0,normal,True,Master Food Database,,
food_0ad4c0e6,chettinadu chicken,Chettinadu Chicken,[],Chicken,,South India,,Non-Veg,180.0,166.7,300.0,33.0,10.0,18.0,2.0,0.0,0.0,normal,True,Master Food Database,,
food_101dbe07,chevdo,Chevdo,[],Snack,,West India,,Veg,100.0,280.0,280.0,6.0,32.0,14.0,3.0,0.0,0.0,normal,True,Master Food Database,,
food_4a806110,chha gosht,Chha Gosht,[],Meat,,,Himachal Pradesh,Non-Veg,180.0,194.4,350.0,32.0,3.0,25.0,2.0,0.0,0.0,normal,True,Master Food Database,,
food_7da8cc2e,chhena gaja,Chhena Gaja,[],Sweet,,,Odisha,Veg,75.0,400.0,300.0,5.0,42.0,12.0,2.0,0.0,0.0,normal,True,Master Food Database,,
food_4e53ec9d,chhena poda,Chhena Poda,[],Sweet,,,Odisha,Veg,75.0,314.8566666666667,322.28499999999997,9.34,37.82,14.97,1.7,0.0,0.0,normal,True,Master Food Database,,
food_a6a00046,chhenagaja,Chhenagaja,[],Sweet,,East India,,Veg,75.0,400.0,300.0,5.0,42.0,12.0,2.0,0.0,0.0,normal,True,Master Food Database,,
food_ff1a76a9,chhenapoda,Chhenapoda,[],Sweet,,East India,,Veg,75.0,400.0,300.0,5.0,42.0,12.0,2.0,0.0,0.0,normal,True,Master Food Database,,
food_c739013d,chhum han,Chhum Han,[],Vegetable,,,Mizoram,Veg,150.0,80.0,120.0,4.0,14.0,5.0,5.0,0.0,0.0,normal,True,Master Food Database,,
food_c64d6d6f,chhurpi,Chhurpi,[],Dairy,,,Sikkim,Veg,100.0,180.0,180.0,10.0,8.0,12.0,0.0,0.0,0.0,normal,True,Master Food Database,,
food_eefbef10,chicken & rice soup,Chicken & Rice Soup,[],Meal/Processed,,,,Non-Veg,250.0,52.0,130.0,7.0,18.0,3.0,2.0,2.0,850.0,normal,True,Master Food Database,,
food_cd76fece,chicken 65,Chicken 65,[],Chicken,,,Tamil Nadu,Non-Veg,180.0,166.7,300.0,33.0,6.666666666666667,18.0,2.0,0.0,0.0,normal,True,Master Food Database,,
food_ce2ed4f4,chicken alfredo,Chicken Alfredo,[],Meal/Pasta,,,,Non-Veg,150.0,453.3333333333333,680.0,35.0,45.0,38.0,4.0,5.0,980.0,normal,True,Master Food Database,,
food_9eacbe8f,chicken and cheese souffle,Chicken and cheese souffle,[],,,,,Non-Veg,150.0,121.56666666666666,182.35,9.07,3.47,14.74,0.26,2.46,120.93,normal,True,Master Food Database,,
food_86de4bf7,chicken and corn open sandwich,Chicken and corn open sandwich,[],,,,,Non-Veg,100.0,188.16,188.16,8.63,19.21,8.83,1.67,2.48,226.72,normal,True,Master Food Database,,
food_9edecd14,chicken and tomato towers,Chicken and tomato towers,[],,,,,Non-Veg,150.0,67.03333333333333,100.55,6.9,2.36,6.99,1.14,1.21,76.02,normal,True,Master Food Database,,
food_082328ef,chicken biryani,Chicken Biryani,[],Rice Dish,,,Gujarat,Non-Veg,250.0,120.0,300.0,16.0,48.0,8.0,3.0,0.0,0.0,normal,True,Master Food Database,,
food_def88537,chicken breast,Chicken Breast,[],Protein/Meat,,,,Non-Veg,150.0,123.33333333333334,185.0,35.0,0.0,4.0,0.0,0.0,80.0,normal,True,Master Food Database,,
food_ad757aef,chicken cafreal,Chicken Cafreal,[],Chicken,,,Goa,Non-Veg,180.0,166.7,300.0,33.0,5.0,18.0,2.0,0.0,0.0,normal,True,Master Food Database,,
food_757293a7,chicken chowmein,Chicken chowmein,[],,,,,Non-Veg,150.0,100.88666666666668,151.33,6.33,13.3,8.23,1.64,1.63,288.15,normal,True,Master Food Database,,
food_46695a87,chicken consomme,Chicken consomme,['Clear chicken soup'],,,,,Non-Veg,150.0,31.96,47.94,11.47,1.19,12.02,1.57,0.54,8953.64,normal,True,Master Food Database,,
food_b55b15c4,chicken curry,Chicken Curry,[],Chicken,,,Chhattisgarh,Non-Veg,180.0,146.28199999999998,265.844,28.758,4.676,15.913999999999998,1.8820000000000001,0.0,0.0,normal,True,Master Food Database,,
food_240c5ac7,chicken jhol,Chicken Jhol,[],Chicken,,,Jharkhand,Non-Veg,180.0,166.7,300.0,33.0,5.0,18.0,2.0,0.0,0.0,normal,True,Master Food Database,,
food_c3ce6dd7,chicken kebab,Chicken kebab,[],,,,,Non-Veg,150.0,336.46999999999997,504.705,16.855,4.555,46.445,1.605,0.24,69.76,normal,True,Master Food Database,,
food_a9a2c925,chicken korma,Chicken korma,[],,,,,Non-Veg,150.0,98.64,147.96,9.83,5.43,9.67,1.82,3.32,119.21,normal,True,Master Food Database,,
food_daf10085,chicken kosha,Chicken Kosha,[],Chicken,,,West Bengal,Non-Veg,180.0,166.7,300.0,33.0,5.0,18.0,2.0,0.0,0.0,normal,True,Master Food Database,,
food_071e65e8,chicken lasagne,Chicken lasagne,[],,,,,Non-Veg,150.0,124.99333333333334,187.49,10.45,13.9,10.36,0.11,2.74,238.55,normal,True,Master Food Database,,
food_6a99df6e,chicken liver,Chicken Liver,[],Protein/Meat,,,,Non-Veg,150.0,60.66666666666667,91.0,13.6,0.6,3.6,0.0,0.0,50.0,normal,True,Master Food Database,,
food_ab1c8f11,chicken manchurian,Chicken manchurian,[],,,,,Non-Veg,150.0,94.89333333333335,142.34,9.53,6.06,11.96,0.41,0.9,2414.77,normal,True,Master Food Database,,
food_b48f6612,chicken mcnuggets,Chicken McNuggets,[],Meal/Processed,,,,Non-Veg,150.0,180.0,270.0,15.0,16.0,16.0,1.0,0.0,500.0,normal,True,Master Food Database,,
food_3cdbd182,chicken milanesa,Chicken Milanesa,[],Meal/Meat,,,,Non-Veg,150.0,300.0,450.0,35.0,30.0,22.0,3.0,2.0,700.0,normal,True,Master Food Database,,
food_dc688f61,chicken momos,Chicken Momos,[],Snack,,,Arunachal Pradesh,Non-Veg,100.0,280.0,280.0,14.0,32.0,14.0,3.0,0.0,0.0,normal,True,Master Food Database,,
food_a883c7e9,chicken noodle soup,Chicken Noodle Soup,[],Meal/Processed,,,,Non-Veg,250.0,60.0,150.0,7.0,18.0,5.0,2.0,2.0,890.0,normal,True,Master Food Database,,
food_58338ece,chicken pakora/pakoda,Chicken pakora/pakoda,[],,,,,Non-Veg,150.0,393.3933333333334,590.09,6.03,4.55,60.98,0.96,0.22,103.23,normal,True,Master Food Database,,
food_57667577,chicken parm sandwich,Chicken Parm Sandwich,[],Meal/Processed,,,,Non-Veg,100.0,650.0,650.0,40.0,55.0,30.0,6.0,9.0,1400.0,normal,True,Master Food Database,,
food_f21d5dda,chicken piccata,Chicken Piccata,[],Meal/Meat,,,,Non-Veg,150.0,233.33333333333334,350.0,30.0,10.0,20.0,1.0,2.0,600.0,normal,True,Master Food Database,,
food_0a5c01c0,chicken pulao,Chicken pulao,[],,,,,Non-Veg,250.0,43.29599999999999,108.24,6.07,11.17,8.48,1.64,0.99,3093.47,normal,True,Master Food Database,,
food_7e82ae80,chicken rezala,Chicken Rezala,[],Chicken,,North India,,Non-Veg,180.0,166.7,300.0,33.0,10.0,18.0,2.0,0.0,0.0,normal,True,Master Food Database,,
food_59f63e7e,chicken salad,Chicken salad,[],,,,,Non-Veg,150.0,225.45999999999998,338.19,15.33,1.3,30.26,2.0,0.96,50.62,normal,True,Master Food Database,,
food_b5b20d98,chicken salad sandwich,Chicken Salad Sandwich,[],Meal/Processed,,,,Non-Veg,100.0,420.0,420.0,20.0,35.0,20.0,3.0,5.0,850.0,normal,True,Master Food Database,,
food_a6317d5f,chicken sandwich,Chicken sandwich,['toasted'],,,,,Non-Veg,100.0,210.32,210.32,12.6,22.1,8.535,1.64,1.6,389.67,normal,True,Master Food Database,,
food_cc806b16,chicken stew,Chicken stew,[],,,,,Non-Veg,150.0,85.03333333333333,127.55,7.19,4.44,8.91,1.82,1.43,79.62,normal,True,Master Food Database,,
food_5d404ba4,chicken stock,Chicken stock,[],,,,,Non-Veg,150.0,19.919999999999998,29.88,3.69,0.37,1.51,0.1,0.2,58.58,normal,True,Master Food Database,,
food_7fa4e484,chicken sukka,Chicken Sukka,[],Chicken,,,Karnataka,Non-Veg,180.0,166.7,300.0,33.0,5.0,18.0,2.0,0.0,0.0,normal,True,Master Food Database,,
food_b769a46e,chicken sweet and sour,Chicken sweet and sour,[],,,,,Non-Veg,75.0,593.4533333333334,445.09,6.92,2.67,47.59,0.58,0.89,1809.94,normal,True,Master Food Database,,
food_856e471c,chicken sweet corn soup,Chicken sweet corn soup,[],,,,,Non-Veg,75.0,37.76,28.32,14.48,1.63,12.59,0.47,0.27,12205.33,normal,True,Master Food Database,,
food_0331a630,chicken thigh,Chicken Thigh,[],Protein/Meat,,,,Non-Veg,150.0,140.0,210.0,24.0,0.0,13.0,0.0,0.0,90.0,normal,True,Master Food Database,,
food_cae03818,chicken thukpa,Chicken Thukpa,[],Noodles,,,Sikkim,Non-Veg,250.0,120.0,300.0,17.0,45.0,9.0,3.0,0.0,0.0,normal,True,Master Food Database,,
food_276cd6fc,chicken tikka,Chicken Tikka,[],Chicken,,,Gujarat,Non-Veg,180.0,166.7,300.0,33.0,6.25,18.0,2.0,0.0,0.0,normal,True,Master Food Database,,
food_e1e09c91,chicken tikka masala,Chicken Tikka Masala,[],Meal/Meat,,,,Non-Veg,150.0,243.35,390.0,31.5,15.0,24.0,3.5,8.0,900.0,normal,True,Master Food Database,,
food_6c952c23,chicken walnut sandwich,Chicken walnut sandwich,['Chicken aur akhrot ke sandwich'],,,,,Non-Veg,100.0,285.78,285.78,12.58,22.62,16.77,1.53,1.77,287.39,normal,True,Master Food Database,,
food_1bc00e76,chicken wrap,Chicken Wrap,[],Meal/Processed,,,,Non-Veg,150.0,273.3333333333333,410.0,25.0,38.0,17.0,5.0,3.0,780.0,normal,True,Master Food Database,,
food_8e45c283,chicken yakhni,Chicken yakhni,[],,,,,Non-Veg,150.0,66.0,99.0,10.66,0.78,6.1,0.62,0.12,97.38,normal,True,Master Food Database,,
food_3a4fc10b,chickpea flour cookies,Chickpea flour cookies,['Sweet besan rounds/cookies'],,,,,Veg,150.0,138.00666666666666,207.01,4.29,39.64,3.42,2.56,30.66,22.29,normal,True,Master Food Database,,
food_d81face4,chickpeas,Chickpeas,[],Legume,,,,Veg,150.0,90.0,135.0,7.0,22.0,2.0,6.0,3.0,250.0,normal,True,Master Food Database,,
food_d2ba968e,chickpeas curry,Chickpeas curry,['Safed channa curry'],,,,,Veg,200.0,81.715,163.43,6.1,19.98,6.84,4.73,4.78,357.99,normal,True,Master Food Database,,
food_dfa1acbd,chila,Chila,[],Breakfast,,,Chhattisgarh,Veg,180.0,122.2,220.0,7.0,32.0,7.0,3.0,0.0,0.0,normal,True,Master Food Database,,
food_4018db29,chili powder,Chili Powder,[],Condiment,,,,Veg,30.0,26.666666666666668,8.0,0.3,1.4,0.4,0.9,0.2,10.0,normal,True,Master Food Database,,
food_58ff7e53,chilka roti,Chilka Roti,[],Bread,,,Jharkhand,Veg,80.0,312.5,250.0,7.0,42.0,7.0,3.0,0.0,0.0,normal,True,Master Food Database,,
food_78e4266e,chilli chicken,Chilli chicken,[],,,,,Non-Veg,150.0,132.55333333333334,198.83,9.57,2.86,16.56,0.99,0.93,223.75,normal,True,Master Food Database,,
food_28ff6515,chilli paneer,Chilli paneer,[],,,,,Veg,150.0,518.34,777.51,2.1,3.31,84.01,0.5,1.5,89.04,normal,True,Master Food Database,,
food_0f62b013,chimichurri,Chimichurri,[],Condiment,,,,Veg,30.0,150.0,45.0,0.1,0.5,4.5,0.2,0.1,100.0,normal,True,Master Food Database,,
food_53ae8201,chinese cabbage and meat ball soup,Chinese cabbage and meat ball soup,[],,,,,Non-Veg,250.0,193.72400000000002,484.31,5.21,1.43,56.57,0.57,0.37,4249.41,normal,True,Master Food Database,,
food_a0400ddb,chinese fried rice,Chinese fried rice,[],,,,,Veg,250.0,48.232,120.58,4.05,13.4,5.43,2.31,1.47,248.36,normal,True,Master Food Database,,
food_995cb49c,chingri malai curry,Chingri Malai Curry,[],Seafood,,,West Bengal,Non-Veg,180.0,122.2,220.0,30.0,3.5,11.0,1.0,0.0,0.0,normal,True,Master Food Database,,
food_13fdf4af,chingudi malai,Chingudi Malai,[],Seafood,,,Odisha,Non-Veg,180.0,122.2,220.0,30.0,1.0,11.0,1.0,0.0,0.0,normal,True,Master Food Database,,
food_5c4648d5,chitranna,Chitranna,[],Rice Dish,,,Karnataka,Veg,250.0,120.0,300.0,8.0,48.0,8.0,3.0,0.0,0.0,normal,True,Master Food Database,,
food_10bcd78c,chocochip ice cream,Chocochip ice cream,[],,,,,Veg,150.0,160.96666666666667,241.45,4.23,16.75,17.93,0.0,16.08,34.84,normal,True,Master Food Database,,
food_264f48a9,chocolate,Chocolate,[],Dessert,,,,Veg,75.0,33.33333333333333,25.0,0.3,3.0,1.5,0.2,2.8,4.0,normal,True,Master Food Database,,
food_461694e1,chocolate biscuit,Chocolate biscuit,[],,,,,Veg,150.0,253.17333333333335,379.76,5.88,51.56,17.09,1.01,24.16,127.02,normal,True,Master Food Database,,
food_79044358,chocolate burfi,Chocolate burfi,[],,,,,Veg,150.0,226.22,339.33,13.0,33.15,17.86,0.0,32.38,39.32,normal,True,Master Food Database,,
food_32bb7057,chocolate butter icing,Chocolate butter icing,[],,,,,Veg,150.0,313.06,469.59,3.21,61.72,24.77,0.0,59.82,4.99,normal,True,Master Food Database,,
food_1447dbf4,chocolate cake,Chocolate cake,[],,,,,Veg,150.0,223.74,335.61,6.01,45.14,15.18,0.64,27.58,241.93,normal,True,Master Food Database,,
food_72b97036,chocolate chiffon cake,Chocolate chiffon cake,[],,,,,Veg,150.0,207.80666666666664,311.71,5.76,37.87,15.8,0.7,24.25,188.59,normal,True,Master Food Database,,
food_52cbf738,chocolate chip cookie,Chocolate Chip Cookie,[],Dessert,,,,Veg,75.0,293.3333333333333,220.0,2.5,30.0,11.0,1.5,19.0,160.0,normal,True,Master Food Database,,
food_3eaffe92,chocolate chip cookies,Chocolate chip cookies,[],,,,,Veg,150.0,283.52666666666664,425.29,5.79,57.98,19.38,1.05,30.29,278.29,normal,True,Master Food Database,,
food_a14fb75b,chocolate cream shells,Chocolate cream shells,[],,,,,Veg,150.0,284.78,427.17,5.1,59.26,19.34,0.9,34.72,126.84,normal,True,Master Food Database,,
food_577989d7,chocolate croissant,Chocolate Croissant,[],Dessert,,,,Veg,75.0,466.6666666666667,350.0,6.0,40.0,19.0,3.0,15.0,300.0,normal,True,Master Food Database,,
food_cc1af00a,chocolate donut,Chocolate Donut,[],Dessert,,,,Veg,75.0,400.0,300.0,4.0,35.0,17.0,2.0,18.0,230.0,normal,True,Master Food Database,,
food_a478f141,chocolate eclairs,Chocolate eclairs,[],,,,,Veg,150.0,159.61333333333332,239.42,4.24,26.22,13.5,0.33,17.34,85.88,normal,True,Master Food Database,,
food_652b9bc6,chocolate eggless cake,Chocolate eggless cake,[],,,,,Eggetarian,150.0,208.00666666666666,312.01,6.66,43.45,13.19,0.32,34.2,196.61,normal,True,Master Food Database,,
food_686488f0,chocolate glace icing,Chocolate glace icing,[],,,,,Veg,150.0,290.86,436.29,3.22,62.43,20.8,0.0,59.88,8.66,normal,True,Master Food Database,,
food_8cdf0af1,chocolate ice cream,Chocolate ice cream,[],,,,,Veg,150.0,118.46666666666665,177.7,4.47,15.41,11.25,0.0,15.33,36.79,normal,True,Master Food Database,,
food_06250c84,chocolate meringue pie,Chocolate meringue pie,[],,,,,Veg,150.0,143.17333333333332,214.76,4.98,28.8,9.17,0.37,15.03,80.77,normal,True,Master Food Database,,
food_d8897164,chocolate milk,Chocolate Milk,[],Beverage/Dairy,,,,Veg,250.0,80.0,200.0,8.0,26.0,8.0,1.0,24.0,160.0,normal,True,Master Food Database,,
food_4dd18afc,chocolate pastry,Chocolate pastry,[],,,,,Veg,150.0,162.24666666666667,243.37,7.05,32.24,10.12,0.32,22.34,46.54,normal,True,Master Food Database,,
food_01f24b2b,chocolate pudding,Chocolate pudding,[],,,,,Veg,150.0,170.65333333333334,180.98000000000002,2.775,28.795,6.74,1.2650000000000001,20.68,171.36,normal,True,Master Food Database,,
food_15f26e82,chocolate sauce,Chocolate sauce,[],,,,,Veg,150.0,171.06666666666666,156.6,1.205,26.605,5.945,0.5,42.06,2.8,normal,True,Master Food Database,,
food_577a4604,chocolate souffle,Chocolate souffle,[],,,,,Veg,150.0,126.21333333333334,189.32,7.88,14.74,11.36,0.0,12.69,56.07,normal,True,Master Food Database,,
food_14f41e55,chocolate sponge cake,Chocolate sponge cake,[],,,,,Veg,150.0,159.9066666666667,239.86,9.13,39.54,5.51,0.52,25.0,61.47,normal,True,Master Food Database,,
food_ae286dc0,chocolate swiss roll,Chocolate swiss roll,[],,,,,Veg,150.0,204.05333333333334,306.08,6.01,26.97,19.76,0.29,18.83,44.53,normal,True,Master Food Database,,
food_a26aac8f,chocolate walnut cookies,Chocolate walnut cookies,['Chocolate aur akhrot ke cookies'],,,,,Veg,150.0,283.20000000000005,424.8,6.56,47.1,23.62,1.54,22.58,280.44,normal,True,Master Food Database,,
food_1f6a1002,choconut ice cream,Choconut ice cream,[],,,,,Veg,150.0,182.64,273.96,5.04,23.13,18.49,0.51,21.02,29.83,normal,True,Master Food Database,,
food_c4ba8d9c,cholafali,Cholafali,[],Snack,,West India,,Veg,100.0,280.0,280.0,6.0,32.0,14.0,3.0,0.0,0.0,normal,True,Master Food Database,,
food_bf788aa1,cholar dal,Cholar Dal,[],Curry,,,West Bengal,Veg,200.0,115.0,230.0,8.0,18.0,12.0,5.0,0.0,0.0,normal,True,Master Food Database,,
food_cdb52753,chole bhature,Chole Bhature,[],Street Food,,,Punjab,Veg,180.0,194.4,350.0,8.0,45.0,15.0,5.0,0.0,0.0,normal,True,Master Food Database,,
food_2007ffbe,chole kulche,Chole Kulche,[],Street Food,,,Delhi,Veg,180.0,194.4,350.0,8.0,45.0,15.0,5.0,0.0,0.0,normal,True,Master Food Database,,
food_b1e4202d,chorafali,Chorafali,[],Snack,,West India,,Veg,100.0,280.0,280.0,6.0,32.0,14.0,3.0,0.0,0.0,normal,True,Master Food Database,,
food_28c3269c,choripan,Choripan,[],Meal/Processed,,,,Veg,150.0,366.66666666666663,550.0,20.0,40.0,35.0,3.0,4.0,1100.0,normal,True,Master Food Database,,
food_5b2c9221,chorizo,Chorizo,[],Protein/Meat,,,,Veg,150.0,86.66666666666667,130.0,6.0,1.0,11.0,0.0,0.5,350.0,normal,True,Master Food Database,,
food_6b7c69b8,choux pastry,Choux pastry,[],,,,,Veg,150.0,148.24666666666667,222.37,5.55,16.2,14.96,0.56,1.5,132.28,normal,True,Master Food Database,,
food_bbe3465e,choux swans,Choux swans,[],,,,,Veg,150.0,144.22666666666666,216.34,4.35,14.92,15.6,0.35,6.13,145.08,normal,True,Master Food Database,,
food_f7c31854,christmas bell biscuit,Christmas bell biscuit,[],,,,,Veg,150.0,269.90000000000003,404.85,5.66,60.79,15.84,2.33,25.94,127.01,normal,True,Master Food Database,,
food_7d613ee2,christmas biscuit,Christmas biscuit,[],,,,,Veg,150.0,270.7133333333333,406.07,5.67,60.97,15.88,2.17,26.01,127.36,normal,True,Master Food Database,,
food_b85efc68,christmas cake,Christmas cake,[],,,,,Veg,150.0,248.6333333333333,372.95,5.49,48.29,16.88,1.49,27.45,64.84,normal,True,Master Food Database,,
food_018e8dab,christmas star biscuit,Christmas star biscuit,[],,,,,Veg,150.0,261.35333333333335,392.03,3.54,74.54,10.04,1.47,53.05,76.09,normal,True,Master Food Database,,
food_38cadd43,christmas tree biscuit,Christmas tree biscuit,[],,,,,Veg,150.0,257.0866666666667,385.63,5.43,58.41,15.0,2.65,24.77,120.45,normal,True,Master Food Database,,
food_b366d133,christmas wreath biscuit,Christmas wreath biscuit,[],,,,,Veg,150.0,257.3666666666667,386.05,5.43,58.07,15.01,2.28,24.89,120.2,normal,True,Master Food Database,,
food_c95956c8,chum chum,Chum chum,[],,,,,Veg,150.0,86.70000000000002,130.05,1.52,28.27,1.92,0.02,27.84,16.65,normal,True,Master Food Database,,
food_94008fec,chura sabzi,Chura Sabzi,[],Main Dish,,,Arunachal Pradesh,Veg,200.0,140.0,280.0,9.0,30.0,12.0,6.0,0.0,0.0,normal,True,Master Food Database,,
food_ddd55962,churma,Churma,[],Sweet,,,Rajasthan,Veg,75.0,400.0,300.0,5.0,42.0,12.0,2.0,0.0,0.0,normal,True,Master Food Database,,
food_82fc4f25,churma ladoo,Churma Ladoo,[],Sweet,,West India,,Veg,75.0,400.0,300.0,5.0,42.0,12.0,2.0,0.0,0.0,normal,True,Master Food Database,,
food_f97e11cc,churros,Churros,[],Dessert,,,,Veg,75.0,320.0,240.0,3.0,30.0,12.0,1.5,10.0,200.0,normal,True,Master Food Database,,
food_3f83e2ee,chutney,Chutney,[],Condiment,,,,Veg,50.0,90.0,45.0,0.1,11.0,0.1,0.5,10.0,180.0,normal,True,Master Food Database,,
food_4d4eed3c,cilantro,Cilantro,[],Condiment,,,,Veg,30.0,3.3333333333333335,1.0,0.1,0.0,0.0,0.1,0.0,0.0,normal,True,Master Food Database,,
food_c41374b5,cinnamon sugar,Cinnamon Sugar,[],Condiment,,,,Veg,30.0,66.66666666666666,20.0,0.0,5.0,0.0,0.0,5.0,0.0,normal,True,Master Food Database,,
food_ba4edf9e,clam chowder,Clam Chowder,[],Meal/Seafood,,,,Veg,150.0,133.33333333333331,200.0,10.0,18.0,9.0,1.0,2.0,870.0,normal,True,Master Food Database,,
food_611e0e11,classic club sandwich,Classic club sandwich,[],,,,,Veg,250.0,80.33200000000001,200.83,6.74,18.49,11.56,1.62,1.86,277.49,normal,True,Master Food Database,,
food_dfb627da,classic italian pasta,Classic italian pasta,[],,,,,Veg,250.0,16.848,42.12,0.57,4.4,2.45,1.36,2.94,49.04,normal,True,Master Food Database,,
food_83a862cf,classic seasoned black beans,Classic seasoned black beans,[],,,,,Veg,250.0,11.512,28.78,8.01,7.66,8.28,3.51,0.44,7989.07,normal,True,Master Food Database,,
food_a22684aa,clear tomato soup,Clear tomato soup,['Tamatar ka soup'],,,,,Veg,250.0,32.028,80.07,4.79,3.45,12.22,1.96,1.44,5135.74,normal,True,Master Food Database,,
food_a0215c87,club sandwich,Club sandwich ,[],,,,,Veg,100.0,407.65999999999997,407.65999999999997,21.155,29.255000000000003,22.56,3.4050000000000002,2.01,461.66,normal,True,Master Food Database,,
food_623160e6,club soda,Club Soda,[],Beverage,,,,Veg,250.0,0.0,0.0,0.0,0.0,0.0,0.0,0.0,20.0,normal,True,Master Food Database,,2026-09-22T11:42:33.494752
food_a6da1c77,coarse salt,Coarse Salt,[],Condiment,,,,Veg,30.0,0.0,0.0,0.0,0.0,0.0,0.0,0.0,200.0,normal,True,Master Food Database,,
food_c8ff6da9,cobb salad,Cobb Salad,[],Meal/Protein,,,,Veg,150.0,340.0,510.0,30.0,12.0,38.0,7.0,6.0,800.0,normal,True,Master Food Database,,
food_4ceaf758,cocktail sauce,Cocktail Sauce,[],Condiment,,,,Veg,30.0,100.0,30.0,0.5,7.0,0.0,0.5,5.0,450.0,normal,True,Master Food Database,,
food_ad63075e,coco pine cooler,Coco pine cooler,[],,,,,Veg,150.0,21.833333333333332,32.75,0.56,5.72,1.0,0.26,5.52,23.2,normal,True,Master Food Database,,
food_94333352,coconut,Coconut,[],Fruit,,,,Veg,150.0,40.0,60.0,0.55,2.5,5.75,1.1,1.5,3.0,normal,True,Master Food Database,,
food_099a91a6,coconut biscuit,Coconut biscuit,['Nariyal ke biscuit'],,,,,Veg,150.0,289.9866666666667,434.98,5.78,42.9,27.16,3.64,20.76,105.76,normal,True,Master Food Database,,
food_d672d1c4,coconut burfi,Coconut burfi,['Nariyal ki burfi'],,,,,Veg,150.0,311.76,467.64,8.81,32.15,34.63,3.5,31.5,27.63,normal,True,Master Food Database,,
food_4f191d66,coconut chutney,Coconut chutney,['Nariyal ki chutney'],,,,,Veg,50.0,531.84,265.92,3.59,8.29,25.0,6.73,3.79,428.28,normal,True,Master Food Database,,
food_87607a74,coconut finger,Coconut finger,[],,,,,Veg,150.0,183.24,274.86,7.09,42.56,8.86,1.87,28.55,46.86,normal,True,Master Food Database,,
food_5a07b8a0,coconut flakes,Coconut Flakes,[],Fruit,,,,Veg,150.0,23.333333333333332,35.0,0.3,1.5,3.3,0.7,0.5,1.0,normal,True,Master Food Database,,
food_01b7554f,coconut kheer,Coconut kheer,['Nariyal ki kheer'],,,,,Veg,150.0,108.40666666666667,162.61,3.4,14.42,10.55,1.53,13.73,45.97,normal,True,Master Food Database,,
food_077dfaa1,coconut milk,Coconut Milk,[],Condiment,,,,Veg,250.0,44.4,111.0,1.1,2.9,11.6,0.5,1.5,8.0,normal,True,Master Food Database,,
food_d50a7572,coconut pickle,Coconut pickle,['Nariyal ka aachar'],,,,,Veg,30.0,1724.2,517.26,3.02,11.53,51.71,6.35,8.98,176.54,normal,True,Master Food Database,,
food_6188290e,coconut shrimp,Coconut Shrimp,[],Meal/Seafood,,,,Non-Veg,150.0,213.33333333333334,320.0,10.0,25.0,20.0,3.0,8.0,600.0,normal,True,Master Food Database,,
food_52179bb8,coconut water,Coconut Water,[],Beverage,,,,Veg,250.0,19.0,47.5,0.7,3.7,0.2,1.1,6.3,252.0,normal,True,Master Food Database,,2026-09-22T11:42:33.494752
food_5677dbd9,cod,Cod,[],Protein/Fish,,,,Non-Veg,150.0,63.33333333333333,95.0,20.0,0.0,0.8,0.0,0.0,95.0,normal,True,Master Food Database,,
food_2f05b2e8,coffee,Coffee,[],Beverage,,,,Veg,250.0,14.0,35.0,0.43333333333333335,3.3333333333333335,2.033333333333333,0.0,0.0,5.0,normal,True,Master Food Database,,
food_1ab2ada8,coffee beans,Coffee Beans,[],Snack,,,,Veg,250.0,0.8,2.0,0.1,0.3,0.0,0.1,0.0,0.0,normal,True,Master Food Database,,
food_b147c329,coffee biscuit,Coffee biscuit,[],,,,,Veg,250.0,166.628,416.57,6.9,46.55,23.0,1.59,21.69,112.53,normal,True,Master Food Database,,
food_0717bb42,coffee drops,Coffee drops,[],,,,,Veg,250.0,177.228,443.07,7.57,43.06,27.16,1.88,18.27,88.17,normal,True,Master Food Database,,
food_6cea188b,coffee ice cream,Coffee ice cream,[],,,,,Veg,250.0,60.248000000000005,150.62,3.15,14.09,9.43,0.0,13.35,42.09,normal,True,Master Food Database,,
food_68e28492,coffee liqueur,Coffee Liqueur,[],Beverage,,,,Veg,250.0,40.0,100.0,0.0,15.0,0.0,0.0,15.0,2.0,normal,True,Master Food Database,,
food_bd7e1121,coffee pear alaska,Coffee pear alaska,[],,,,,Veg,250.0,81.596,203.99,2.88,19.36,13.22,0.15,16.88,51.11,normal,True,Master Food Database,,
food_c343de52,cold chocolate souffle,Cold chocolate souffle,[],,,,,Veg,150.0,125.02,187.53,6.37,17.22,10.86,0.0,15.31,47.77,normal,True,Master Food Database,,
food_81232ad9,cold coffee,Cold coffee,['with cream'],,,,,Veg,250.0,85.0,212.5,2.8,12.0,2.9,0.0,11.91,15.35,normal,True,Master Food Database,,2026-09-22T11:42:33.494752
food_a32173ad,cold coffee with ice cream,Cold coffee with ice cream,[],,,,,Veg,250.0,27.139999999999997,67.85,1.57,11.24,2.11,0.01,11.18,13.84,normal,True,Master Food Database,,
food_365f4731,cold cucumber cream soup,Cold cucumber cream soup ,[],,,,,Veg,250.0,4.752,11.88,0.34,1.76,0.34,0.73,0.51,207.89,normal,True,Master Food Database,,
food_4cc62226,cold cucumber soup,Cold cucumber soup,['Thanda kheere ka soup'],,,,,Veg,250.0,19.212,48.03,2.99,4.58,1.99,0.88,3.34,121.32,normal,True,Master Food Database,,
food_76bfc23b,cold lemon souffle,Cold lemon souffle,[],,,,,Veg,150.0,113.24666666666667,169.87,5.89,15.62,9.78,0.0,13.88,46.35,normal,True,Master Food Database,,
food_5fc442cd,cold orange souffle,Cold orange souffle,[],,,,,Veg,150.0,115.46000000000001,173.19,5.94,16.27,9.82,0.11,14.42,46.53,normal,True,Master Food Database,,
food_d24d39cb,cold pineapple souffle,Cold pineapple souffle,[],,,,,Veg,150.0,120.81333333333333,181.22,6.23,16.85,10.39,0.0,14.99,49.38,normal,True,Master Food Database,,
food_551cc20f,cold summer garden soup,Cold summer garden soup,[],,,,,Veg,250.0,19.676,49.19,8.57,2.65,14.08,1.86,0.46,9919.62,normal,True,Master Food Database,,
food_fdb572f0,cold tomato soup,Cold tomato soup,[],,,,,Veg,250.0,6.76,16.9,0.11,0.59,1.56,0.16,0.22,287.15,normal,True,Master Food Database,,
food_97da20a3,cold vanilla souffle,Cold vanilla souffle,[],,,,,Veg,150.0,119.69333333333331,179.54,6.22,16.29,10.32,0.0,14.49,49.09,normal,True,Master Food Database,,
food_3c1454dd,coleslaw,Coleslaw,[],,,,,Veg,150.0,51.13999999999999,76.71,1.24,5.59,5.32,2.34,3.62,29.87,normal,True,Master Food Database,,
food_0f9d20a1,collard greens,Collard Greens,[],Vegetable,,,,Veg,150.0,80.0,120.0,7.5,12.5,5.0,7.5,1.0,40.0,normal,True,Master Food Database,,
food_e6f4a28b,congee,Congee,[],Meal/Grain,,,,Veg,150.0,86.66666666666667,130.0,2.5,28.0,1.0,1.0,0.5,300.0,normal,True,Master Food Database,,
food_cabd6d28,consomme au julienne,Consomme au julienne,[],,,,,Veg,150.0,18.506666666666668,27.76,12.49,1.49,10.66,1.38,0.83,10208.47,normal,True,Master Food Database,,
food_c898cd34,consomme au vermicelli,Consomme au vermicelli,[],,,,,Veg,150.0,19.96,29.94,15.23,1.3,12.98,0.81,0.27,12524.61,normal,True,Master Food Database,,
food_009757af,coriander,Coriander,[],Condiment,,,,Eggetarian,30.0,16.666666666666664,5.0,0.1,1.0,0.2,0.5,0.0,1.0,normal,True,Master Food Database,,
food_8696416e,coriander chutney,Coriander chutney,['Hare dhaniye ki chutney'],,,,,Eggetarian,50.0,85.72,42.86,1.38,8.16,0.37,2.47,5.5,186.64,normal,True,Master Food Database,,
food_483ac450,corn,Corn,[],Vegetable,,,,Veg,150.0,88.0,132.0,4.7,30.0,1.8,3.6,8.9,2.0,normal,True,Master Food Database,,
food_594a568f,corn flakes,Corn Flakes,[],Grain,,,,Veg,150.0,66.66666666666666,100.0,2.0,24.0,0.0,1.0,3.0,200.0,normal,True,Master Food Database,,
food_6ff2b980,corn nuts,Corn Nuts,[],Snack/Processed,,,,Veg,100.0,130.0,130.0,2.0,23.0,4.0,2.0,0.0,180.0,normal,True,Master Food Database,,
food_49f3a795,corn omelette/omlet,Corn omelette/omlet,[],,,,,Eggetarian,150.0,111.28666666666666,166.93,11.37,1.57,12.89,0.02,0.41,166.42,normal,True,Master Food Database,,
food_633ef6f5,corn on the cob,Corn on the Cob,[],Vegetable,,,,Veg,150.0,83.33333333333334,125.0,5.0,29.0,1.5,3.0,5.0,2.0,normal,True,Master Food Database,,
food_911e269e,corn tortilla,Corn Tortilla,[],Grain,,,,Veg,150.0,34.66666666666667,52.0,1.4,11.2,0.7,1.5,0.2,4.0,normal,True,Master Food Database,,
food_f3561f3f,cornflakes with milk,Cornflakes with milk,[],,,,,Veg,250.0,46.932,117.33,3.59,14.95,5.12,0.78,9.97,26.55,normal,True,Master Food Database,,
food_74127256,cottage cheese,Cottage Cheese,[],Dairy,,,,Veg,150.0,83.33333333333334,125.0,20.0,5.5,2.75,0.0,4.0,400.0,normal,True,Master Food Database,,
food_b03ea636,cottage cheese pie,Cottage cheese pie,[],,,,,Veg,150.0,159.32,238.98,7.45,20.66,13.83,2.21,3.62,103.29,normal,True,Master Food Database,,
food_f6344f16,crab cakes,Crab Cakes,[],Meal/Seafood,,,,Non-Veg,150.0,226.66666666666666,340.0,20.0,18.0,20.0,1.0,2.0,700.0,normal,True,Master Food Database,,
food_8c868dcc,cracked wheat and green gram dal premix,Cracked wheat and green gram dal premix,['Dalia moong dal premix'],,,,,Veg,200.0,181.08,362.16,15.89,64.75,5.11,11.66,0.63,3.25,normal,True,Master Food Database,,
food_54bf9ca5,cracked wheat khichri/khichdi,Cracked wheat khichri/khichdi,['Dalia khichri/khichdi'],,,,,Veg,150.0,111.63333333333331,167.45,7.56,22.35,5.52,3.74,3.79,224.95,normal,True,Master Food Database,,
food_eb273cd4,cracked wheat porridge,Cracked wheat porridge,['Meetha daliya'],,,,,Veg,150.0,54.379999999999995,81.57,2.64,8.87,4.08,0.62,5.12,15.89,normal,True,Master Food Database,,
food_07d4fbb2,crackers,Crackers,[],Grain/Processed,,,,Veg,150.0,60.0,90.0,2.0,14.0,3.0,2.0,0.0,180.0,normal,True,Master Food Database,,
food_f8360882,cranberry cookies,Cranberry cookies,[],,,,,Veg,150.0,181.65333333333336,272.48,3.92,36.39,12.66,1.13,19.96,58.25,normal,True,Master Food Database,,
food_fc0b0515,cranberry juice,Cranberry Juice,[],Beverage,,,,Veg,250.0,52.0,130.0,0.0,33.0,0.0,0.0,30.0,10.0,normal,True,Master Food Database,,
food_c9f91dd5,cream buns,Cream buns,[],,,,,Veg,150.0,143.82666666666668,215.74,4.45,14.16,15.81,0.31,5.95,45.49,normal,True,Master Food Database,,
food_0e39b15b,cream cheese,Cream Cheese,[],Dairy,,,,Veg,150.0,66.66666666666666,100.0,2.0,2.0,10.0,0.0,1.0,90.0,normal,True,Master Food Database,,
food_91fa7588,cream horns,Cream horns,[],,,,,Veg,150.0,272.1533333333333,408.23,3.42,23.12,33.55,0.6,7.12,57.11,normal,True,Master Food Database,,
food_f702af8b,cream of broccoli soup,Cream of broccoli soup,[],,,,,Veg,250.0,22.456,56.14,8.97,3.72,12.75,1.89,1.59,8792.43,normal,True,Master Food Database,,
food_713f3b93,cream of carrot soup,Cream of carrot soup,[],,,,,Veg,250.0,23.908,59.77,8.27,5.69,12.35,1.98,1.77,8694.79,normal,True,Master Food Database,,
food_c307f197,cream of green peas soup,Cream of green peas soup,[],,,,,Veg,250.0,51.136,127.84,7.13,6.75,14.78,2.95,1.61,4999.7,normal,True,Master Food Database,,
food_12faf41e,cream of mixed vegetable soup,Cream of mixed vegetable soup,[],,,,,Veg,150.0,39.766666666666666,59.65,6.84,4.93,9.05,2.14,2.1,5655.45,normal,True,Master Food Database,,
food_eec4140a,cream of mushroom soup,Cream of mushroom soup,[],,,,,Veg,250.0,46.912,117.28,6.64,3.74,15.5,1.34,1.93,5276.06,normal,True,Master Food Database,,
food_64eaea4a,cream of potato soup,Cream of potato soup,[],,,,,Veg,250.0,24.080000000000002,60.2,8.1,6.14,12.05,1.51,1.24,8503.99,normal,True,Master Food Database,,
food_54e214e5,cream of spinach soup,Cream of spinach soup,[],,,,,Veg,250.0,40.216,100.54,5.21,3.45,13.31,1.74,1.13,4429.81,normal,True,Master Food Database,,
food_cdfdbe83,cream of tomato soup,Cream of tomato soup,[],,,,,Veg,250.0,39.124,97.81,4.61,3.93,13.12,1.38,1.81,4461.22,normal,True,Master Food Database,,
food_920f5375,cream puffs,Cream puffs,[],,,,,Veg,150.0,147.55333333333334,221.33,4.7,16.0,15.48,0.38,5.94,98.76,normal,True,Master Food Database,,
food_b32793e3,creamed spinach,Creamed spinach,[],,,,,Veg,150.0,95.63666666666666,143.45499999999998,5.09,6.220000000000001,11.195,2.165,1.59,156.02,normal,True,Master Food Database,,
food_013bf3c7,creamed spinach and mushroom,Creamed spinach and mushroom,[],,,,,Veg,150.0,279.74666666666667,419.62,2.28,3.17,44.14,1.02,1.17,90.21,normal,True,Master Food Database,,
food_6a5735da,creamy chicken,Creamy chicken,[],,,,,Non-Veg,150.0,101.91333333333334,152.87,13.52,3.13,9.57,0.69,2.11,97.08,normal,True,Master Food Database,,
food_3ba9fb4d,creamy chocolate mousse,Creamy chocolate mousse,[],,,,,Veg,150.0,153.68,230.52,6.85,9.53,18.16,0.0,8.99,48.64,normal,True,Master Food Database,,
food_89a22a59,crepe,Crepe,[],Grain,,,,Veg,150.0,60.0,90.0,3.5,14.0,2.0,0.5,3.0,100.0,normal,True,Master Food Database,,
food_926c24a9,crispy baked fish,Crispy baked fish,[],,,,,Non-Veg,150.0,92.26666666666668,138.4,10.95,9.59,6.41,1.21,1.53,192.42,normal,True,Master Food Database,,
food_55e6bf0f,crispy okra/crispy lady's fingers,Crispy okra/Crispy lady's fingers,['Karare bhindi'],,,,,Veg,150.0,438.50666666666666,657.76,1.91,4.35,70.4,1.75,0.26,40.42,normal,True,Master Food Database,,
food_b7dda908,croutons,Croutons,[],Grain,,,,Veg,150.0,33.33333333333333,50.0,1.5,7.0,2.0,0.5,0.5,140.0,normal,True,Master Food Database,,
food_1c4db41c,crunchy butterscotch,Crunchy butterscotch,[],,,,,Veg,150.0,184.88,277.32,3.11,19.92,20.99,0.47,17.73,22.24,normal,True,Master Food Database,,
food_400b8498,crushed tomatoes,Crushed Tomatoes,[],Vegetable,,,,Veg,150.0,13.333333333333334,20.0,1.0,4.0,0.0,1.5,3.0,200.0,normal,True,Master Food Database,,
food_6428a52d,cucumber,Cucumber,[],Vegetable,,,,Veg,150.0,5.333333333333334,8.0,0.3,1.8,0.0,0.2,0.8,1.0,normal,True,Master Food Database,,
food_59dc426b,cucumber and yogurt salad,Cucumber and yogurt salad,['Kheere aur dahi ka salad'],,,,,Veg,150.0,24.086666666666666,36.13,2.09,4.72,0.93,1.66,2.28,141.73,normal,True,Master Food Database,,
food_b9cf5949,cucumber raita,Cucumber raita,['Kheere ka raita'],,,,,Veg,150.0,39.42,59.13,4.04,6.35,2.08,0.86,5.22,189.96,normal,True,Master Food Database,,
food_6be542e4,cucumber salad,Cucumber Salad,[],Vegetable,,,,Veg,150.0,26.666666666666668,40.0,1.0,5.0,2.0,1.0,4.0,200.0,normal,True,Master Food Database,,
food_86d81dec,cucumber sandwich,Cucumber sandwich,['Kheere ka sandwich'],,,,,Veg,100.0,188.6,188.6,4.8,25.77,8.0,2.45,1.64,362.64,normal,True,Master Food Database,,
food_5485b995,cucumber sharbat,Cucumber sharbat,['Kheere ka sharbat'],,,,,Veg,150.0,18.186666666666667,27.28,0.26,6.64,0.06,0.78,5.46,2.57,normal,True,Master Food Database,,
food_f6bc0b24,cucumber slices,Cucumber Slices,[],Vegetable,,,,Veg,150.0,10.666666666666668,16.0,0.7,3.6,0.1,0.5,1.7,2.0,normal,True,Master Food Database,,
food_6e33525c,cumin,Cumin,[],Condiment,,,,Veg,30.0,26.666666666666668,8.0,0.3,1.5,0.5,0.4,0.1,3.0,normal,True,Master Food Database,,
food_1b58c4bd,cumin infused water,Cumin infused water,['Jeere/Zeere ka pani'],,,,,Veg,150.0,6.0600000000000005,9.09,0.17,1.86,0.11,0.46,1.46,189.6,normal,True,Master Food Database,,
food_cc2ff545,cumin pulao,Cumin pulao,['Jeera/Zeera pulao'],,,,,Veg,250.0,54.096,135.24,2.47,23.61,3.2,1.4,0.64,219.73,normal,True,Master Food Database,,
food_f302fca2,cumin seeds baghar,Cumin seeds baghar,['Jeera baghar/tadka'],,,,,Veg,150.0,491.2066666666666,736.81,3.34,5.22,78.77,6.01,0.49,177.58,normal,True,Master Food Database,,
food_6c991947,cupcake,Cupcake,[],Dessert,,,,Veg,75.0,320.0,240.0,2.0,35.0,11.0,1.0,25.0,200.0,normal,True,Master Food Database,,
food_975b5f2e,curd dip,Curd dip,[],,,,,Veg,150.0,53.300000000000004,79.95,5.04,7.95,3.36,0.1,7.12,301.07,normal,True,Master Food Database,,
food_2fa54acf,curd dressing,Curd dressing ,[],,,,,Veg,150.0,52.53333333333333,78.8,5.59,8.03,2.9,0.22,7.57,204.62,normal,True,Master Food Database,,
food_01a63f63,curd mint dip,Curd mint dip ,[],,,,,Veg,150.0,50.75333333333333,76.13,4.82,9.11,2.44,0.77,7.83,222.77,normal,True,Master Food Database,,
food_79446515,curd rice,Curd Rice,['Dahi bhaat/Dahi chawal/ Perugu annam/Daddojanam/Thayir saadam'],Rice Dish,,,Tamil Nadu,Veg,250.0,99.148,247.87,6.875,40.465,6.16,2.565,0.0,0.0,normal,True,Master Food Database,,
food_b513358d,curd vegetable dip,Curd vegetable dip,[],,,,,Veg,150.0,37.473333333333336,56.21,3.88,6.04,1.94,0.63,5.42,132.48,normal,True,Master Food Database,,
food_0431d464,curd with potatoes,Curd with potatoes,['Dahi aloo'],,,,,Veg,150.0,39.93333333333333,59.9,1.56,7.15,2.72,1.19,1.82,51.99,normal,True,Master Food Database,,
food_599416b6,curried cauliflower soup,Curried Cauliflower soup,[],,,,,Veg,250.0,14.927999999999999,37.32,6.72,3.12,9.77,2.34,1.79,7311.44,normal,True,Master Food Database,,
food_69d6c0d9,currivepillai sadam,Currivepillai Sadam,[],Rice Dish,,South India,,Veg,250.0,120.0,300.0,8.0,48.0,8.0,3.0,0.0,0.0,normal,True,Master Food Database,,
food_6094d3ca,custard,Custard,[],Condiment,,,,Veg,30.0,266.66666666666663,80.0,3.0,10.0,3.0,0.0,8.0,40.0,normal,True,Master Food Database,,
food_37f38a13,custard tart,Custard tart,[],,,,,Veg,150.0,150.4,225.6,3.72,28.66,10.73,0.91,9.31,59.74,normal,True,Master Food Database,,
food_e6a04d06,daab chingri,Daab Chingri,[],Seafood,,East India,,Non-Veg,180.0,122.2,220.0,30.0,6.0,11.0,1.0,0.0,0.0,normal,True,Master Food Database,,
food_f2d9efa9,daal baati churma,Daal Baati Churma,[],Main Dish,,North India,,Veg,250.0,120.0,300.0,10.0,40.0,10.0,6.0,0.0,0.0,normal,True,Master Food Database,,
food_2d7fe498,daal dhokli,Daal Dhokli,[],Main Dish,,West India,,Veg,250.0,120.0,300.0,10.0,40.0,10.0,6.0,0.0,0.0,normal,True,Master Food Database,,
food_df9cdd56,dabeli,Dabeli,[],Street Food,,,Gujarat,Veg,180.0,194.4,350.0,8.0,45.0,15.0,5.0,0.0,0.0,normal,True,Master Food Database,,
food_54c35be0,dahi bhalla,Dahi Bhalla,[],Street Food,,,Delhi,Veg,180.0,194.4,350.0,8.0,45.0,15.0,5.0,0.0,0.0,normal,True,Master Food Database,,
food_f575814e,dahi pakhala,Dahi Pakhala,[],Rice Dish,,,Odisha,Veg,250.0,120.0,300.0,8.0,48.0,8.0,3.0,0.0,0.0,normal,True,Master Food Database,,
food_f34ae28a,dahi vada,Dahi Vada,[],Snack,,West India,,Veg,100.0,280.0,280.0,6.0,32.0,14.0,3.0,0.0,0.0,normal,True,Master Food Database,,
food_872bf55a,dahi vadas/dahi bhalla,Dahi vadas/Dahi bhalla,[],,,,,Veg,150.0,445.15333333333336,667.73,2.96,5.49,70.4,0.97,1.78,79.0,normal,True,Master Food Database,,
food_a6ba7bd0,dahibara aloodum,Dahibara Aloodum,[],Street Food,,,Odisha,Veg,180.0,194.4,350.0,8.0,45.0,15.0,5.0,0.0,0.0,normal,True,Master Food Database,,
food_c4f80c17,dal,Dal,[],Curry,,East India,,Veg,200.0,115.0,230.0,8.0,18.0,12.0,5.0,0.0,0.0,normal,True,Master Food Database,,
food_53b0c9a2,dal baati,Dal Baati,[],Main Dish,,,Rajasthan,Veg,200.0,140.0,280.0,9.0,30.0,12.0,6.0,0.0,0.0,normal,True,Master Food Database,,
food_c4ac2417,dal baati churma,Dal Baati Churma,[],Main Dish,,,Rajasthan,Veg,200.0,140.0,280.0,9.0,30.0,12.0,6.0,0.0,0.0,normal,True,Master Food Database,,
food_6a57bf71,dal bafla,Dal Bafla,[],Main Dish,,,Madhya Pradesh,Veg,200.0,140.0,280.0,9.0,30.0,12.0,6.0,0.0,0.0,normal,True,Master Food Database,,
food_43691976,dal dhokli,Dal Dhokli,[],Main Dish,,,Gujarat,Veg,200.0,87.185,174.37,5.98,19.275,7.235,3.93,0.0,0.0,normal,True,Master Food Database,,
food_3c815f71,dal fara,Dal Fara,[],Snack,,North India,,Veg,100.0,280.0,280.0,6.0,32.0,14.0,3.0,0.0,0.0,normal,True,Master Food Database,,
food_2a674be3,dal makhani,Dal Makhani,[],Curry,,,Punjab,Veg,200.0,89.00666666666666,178.01333333333332,6.44,14.653333333333334,9.02,4.09,0.0,0.0,normal,True,Master Food Database,,
food_46899700,dal moong,Dal moong,[],,,,,Veg,200.0,21.845,43.69,2.2,4.92,1.62,1.08,0.13,117.74,normal,True,Master Food Database,,
food_333352bf,dal pakwan,Dal Pakwan,[],Breakfast,,,Gujarat,Veg,180.0,122.2,220.0,7.0,32.0,7.0,3.0,0.0,0.0,normal,True,Master Food Database,,
food_9d4b226e,dal parantha/paratha,Dal parantha/paratha,[],,,,,Veg,80.0,335.3,268.24,6.78,30.03,13.05,6.46,1.43,156.13,normal,True,Master Food Database,,
food_3954889e,dal pitha,Dal Pitha,[],Snack,,,Bihar,Veg,100.0,280.0,280.0,6.0,32.0,14.0,3.0,0.0,0.0,normal,True,Master Food Database,,
food_773313bd,dal stuffed poori,Dal stuffed poori,[],,,,,Veg,200.0,392.58,785.16,2.08,10.14,81.69,1.96,0.29,128.18,normal,True,Master Food Database,,
food_6bbf954f,dal tadka,Dal Tadka,[],Curry,,North India,,Veg,200.0,115.0,230.0,8.0,18.0,12.0,5.0,0.0,0.0,normal,True,Master Food Database,,
food_18f87686,dalithoy,Dalithoy,[],Soup,,West India,,Veg,250.0,44.0,110.0,6.0,12.0,4.0,3.0,0.0,0.0,normal,True,Master Food Database,,
food_175c4c0f,dalma,Dalma,[],Main Dish,,,Odisha,Veg,200.0,99.7325,199.465,6.955,22.52,8.29,4.08,0.0,0.0,normal,True,Master Food Database,,
food_faf06eea,dalpuri,Dalpuri,[],Bread,,North India,,Veg,80.0,312.5,250.0,7.0,42.0,7.0,3.0,0.0,0.0,normal,True,Master Food Database,,
food_9c560948,danedar burfi,Danedar burfi,[],,,,,Veg,150.0,68.45333333333333,102.68,3.24,12.33,4.72,0.09,11.98,23.31,normal,True,Master Food Database,,
food_d6be94c8,danish,Danish,[],Dessert,,,,Veg,75.0,453.3333333333333,340.0,7.0,38.0,18.0,2.0,16.0,300.0,normal,True,Master Food Database,,
food_735cd88f,danish cookies,Danish cookies,[],,,,,Veg,150.0,316.88666666666666,475.33,5.33,58.0,24.92,1.37,21.73,201.06,normal,True,Master Food Database,,
food_1b92b9a4,danish luncheon sandwich,Danish luncheon sandwich,[],,,,,Veg,100.0,193.82,193.82,9.03,17.77,10.1,1.52,1.13,365.63,normal,True,Master Food Database,,
food_d691bf02,dark chocolate,Dark Chocolate,[],Dessert,,,,Veg,75.0,226.66666666666666,170.0,2.2,13.0,12.0,3.0,7.0,5.0,normal,True,Master Food Database,,
food_e072d914,date and nut pie,Date and nut pie,[],,,,,Veg,150.0,214.94666666666666,322.42,3.93,46.86,13.31,4.13,31.18,3.87,normal,True,Master Food Database,,
food_6a2e3234,date pickle,Date pickle,['Khajoor ka achaar'],,,,,Veg,30.0,607.6333333333333,182.29,1.68,34.66,4.21,5.2,30.47,138.86,normal,True,Master Food Database,,
food_a5377a10,dates,Dates,[],Fruit,,,,Veg,150.0,88.66666666666667,133.0,0.8,36.0,0.1,3.2,32.0,1.0,normal,True,Master Food Database,,
food_1280ef22,dates chutney,Dates chutney,['Khajoor ki chutney'],,,,,Veg,50.0,207.13999999999996,103.57,1.07,21.69,1.12,3.41,18.68,76.77,normal,True,Master Food Database,,
food_5ece984d,daulat ki chaat,Daulat Ki Chaat,[],Sweet,,,Delhi,Veg,75.0,400.0,300.0,5.0,42.0,12.0,2.0,0.0,0.0,normal,True,Master Food Database,,
food_fd7a6d1c,dehrori,Dehrori,[],Sweet,,,Chhattisgarh,Veg,75.0,400.0,300.0,5.0,42.0,12.0,2.0,0.0,0.0,normal,True,Master Food Database,,
food_e43a6713,dessicated coconut chutney,Dessicated coconut chutney,['Sookhe kase nariyal ki chutney'],,,,,Veg,50.0,692.72,346.36,12.88,36.72,15.88,13.16,10.41,321.07,normal,True,Master Food Database,,
food_d8959a81,deviled egg,Deviled egg,[],,,,,Eggetarian,150.0,65.70666666666666,98.56,4.97,2.23,7.72,1.15,0.82,117.29,normal,True,Master Food Database,,
food_b2c582f5,dhaam mutton,Dhaam Mutton,[],Meat,,,Himachal Pradesh,Non-Veg,180.0,194.4,350.0,32.0,3.0,25.0,2.0,0.0,0.0,normal,True,Master Food Database,,
food_481de7ac,dham,Dham,[],Thali,,,Himachal Pradesh,Veg,400.0,125.0,500.0,16.0,65.0,18.0,9.0,0.0,0.0,normal,True,Master Food Database,,
food_e8cc3324,dhansak,Dhansak,['vegetarian'],,,,,Veg,150.0,55.199999999999996,82.8,3.32,7.28,4.18,4.17,0.91,34.18,normal,True,Master Food Database,,
food_db842f83,dharwad peda,Dharwad Peda,[],Sweet,,,Karnataka,Veg,75.0,400.0,300.0,5.0,42.0,12.0,2.0,0.0,0.0,normal,True,Master Food Database,,
food_3d967f27,dhokla,Dhokla,[],Snack,,,Gujarat,Veg,100.0,234.77555555555557,258.83,8.483333333333333,31.560000000000002,11.093333333333334,3.65,0.0,0.0,normal,True,Master Food Database,,
food_19aef351,dhoper chop,Dhoper Chop,[],Snack,,Unsorted,,Veg,100.0,280.0,280.0,6.0,32.0,14.0,3.0,0.0,0.0,normal,True,Master Food Database,,
food_27d5dc06,dhup pitha,Dhup Pitha,[],Sweet,,East India,,Veg,75.0,400.0,300.0,5.0,42.0,12.0,2.0,0.0,0.0,normal,True,Master Food Database,,
food_dc33a004,dhuska,Dhuska,[],Snack,,,Jharkhand,Veg,100.0,280.0,280.0,6.0,32.0,14.0,3.0,0.0,0.0,normal,True,Master Food Database,,
food_2dabd7d8,dibba rotti,Dibba Rotti,[],Bread,,South India,,Veg,80.0,312.5,250.0,7.0,42.0,7.0,3.0,0.0,0.0,normal,True,Master Food Database,,
food_85354f77,diet soda,Diet Soda,[],Beverage,,,,Veg,250.0,0.0,0.0,0.0,0.0,0.0,0.0,0.0,40.0,normal,True,Master Food Database,,
food_99685ddb,dil bahar,Dil bahar,[],,,,,Veg,150.0,86.70000000000002,130.05,1.52,28.27,1.92,0.02,27.84,16.65,normal,True,Master Food Database,,
food_05dd10a3,dim sum,Dim Sum,[],Meal/Processed,,,,Veg,150.0,120.0,180.0,12.0,10.0,10.0,2.0,1.0,550.0,normal,True,Master Food Database,,
food_6bfb2afa,dodol,Dodol,[],Sweet,,,Goa,Veg,75.0,400.0,300.0,5.0,42.0,12.0,2.0,0.0,0.0,normal,True,Master Food Database,,
food_805f434d,dohjem,Dohjem,[],Meat,,,Meghalaya,Non-Veg,180.0,194.4,350.0,32.0,3.0,25.0,2.0,0.0,0.0,normal,True,Master Food Database,,
food_f59a4716,dohkhlieh,Dohkhlieh,[],Meat,,,Meghalaya,Non-Veg,180.0,194.4,350.0,32.0,3.0,25.0,2.0,0.0,0.0,normal,True,Master Food Database,,
food_9fca07a7,dohneiihong,Dohneiihong,[],Meat,,,Meghalaya,Non-Veg,180.0,194.4,350.0,32.0,3.0,25.0,2.0,0.0,0.0,normal,True,Master Food Database,,
food_7e7232bf,doi maach,Doi Maach,[],Fish,,,West Bengal,Non-Veg,180.0,133.3,240.0,33.0,0.0,13.0,1.0,0.0,0.0,normal,True,Master Food Database,,
food_cadbd68b,doodhpak,Doodhpak,[],Sweet,,West India,,Veg,75.0,400.0,300.0,5.0,42.0,12.0,2.0,0.0,0.0,normal,True,Master Food Database,,
food_47690408,dosa,Dosa,[],Breakfast,,,Tamil Nadu,Veg,180.0,122.2,220.0,7.0,32.0,7.0,3.0,0.0,0.0,normal,True,Master Food Database,,
food_efa288d5,double ka meetha,Double Ka Meetha,[],Sweet,,,Telangana,Veg,75.0,340.0,290.0,5.0,38.5,12.0,2.0,0.0,0.0,normal,True,Master Food Database,,
food_f301c54c,dry arbi,Dry arbi,['Sookhi arbi'],,,,,Veg,150.0,89.96666666666667,134.95,2.12,11.11,8.97,2.47,1.55,81.25,normal,True,Master Food Database,,
food_e7fcac0a,dry mango chutney,Dry mango chutney,['Sookhe aam ki chutney'],,,,,Veg,50.0,596.26,298.13,2.43,69.17,0.7,3.74,61.86,437.91,normal,True,Master Food Database,,
food_39e65ba7,dry masala chops,Dry masala chops,[],,,,,Veg,150.0,90.04666666666667,135.07,9.08,3.3,9.54,0.86,2.27,83.47,normal,True,Master Food Database,,
food_81311948,dry potato,Dry potato,['Sookhe aloo'],,,,,Veg,150.0,68.76666666666668,103.15,1.62,14.38,4.18,1.88,0.33,199.99,normal,True,Master Food Database,,
food_3b062963,dry washed urad,Dry washed urad,[],,,,,Veg,150.0,83.13999999999999,124.71,6.85,15.66,3.5,4.06,0.73,295.79,normal,True,Master Food Database,,
food_da5a265c,dubki kadhi,Dubki Kadhi,[],Curry,,,Chhattisgarh,Veg,200.0,115.0,230.0,8.0,18.0,12.0,5.0,0.0,0.0,normal,True,Master Food Database,,
food_3824d34b,ducheese potato,Ducheese potato,[],,,,,Veg,150.0,93.69333333333333,140.54,3.6,10.94,9.01,1.29,0.29,103.85,normal,True,Master Food Database,,
food_5b83601e,duck,Duck,[],Protein/Meat,,,,Non-Veg,150.0,190.0,285.0,16.0,0.0,24.0,0.0,0.0,65.0,normal,True,Master Food Database,,
food_b3a14cf7,duck curry,Duck Curry,[],Meat,,,Assam,Non-Veg,180.0,194.4,350.0,32.0,3.0,25.0,2.0,0.0,0.0,normal,True,Master Food Database,,
food_75ea649b,duck with black sesame,Duck With Black Sesame,[],Meat,,,Assam,Non-Veg,180.0,194.4,350.0,32.0,3.0,25.0,2.0,0.0,0.0,normal,True,Master Food Database,,
food_f37ec63e,dudhi muthiya,Dudhi Muthiya,[],Snack,,West India,,Veg,100.0,280.0,280.0,6.0,32.0,14.0,3.0,0.0,0.0,normal,True,Master Food Database,,
food_ba94d96b,dudhi no halwo,Dudhi No Halwo,[],Sweet,,West India,,Veg,75.0,400.0,300.0,5.0,42.0,12.0,2.0,0.0,0.0,normal,True,Master Food Database,,
food_fd6b9697,dulce de leche,Dulce de Leche,[],Condiment,,,,Veg,30.0,216.66666666666666,65.0,1.0,12.0,1.5,0.0,10.0,30.0,normal,True,Master Food Database,,
food_afcf47d8,dum aaloo,Dum Aaloo,[],Curry,,West India,,Veg,200.0,115.0,230.0,8.0,18.0,12.0,5.0,0.0,0.0,normal,True,Master Food Database,,
food_36834678,dum aloo,Dum Aloo,[],Curry,,,Jammu and Kashmir,Veg,200.0,228.29555555555558,380.77666666666664,5.566666666666666,13.11,32.67,3.56,0.0,0.0,normal,True,Master Food Database,,
food_182fb57c,dundee cake,Dundee cake,[],,,,,Veg,150.0,264.41333333333336,396.62,7.78,41.4,22.7,1.81,21.3,182.74,normal,True,Master Food Database,,
food_4b1a6d18,edamame,Edamame,[],Legume,,,,Veg,150.0,80.0,120.0,11.0,9.0,5.0,5.0,2.0,9.0,normal,True,Master Food Database,,
food_d83c1afd,egg and tomato sandwich,Egg and tomato sandwich,['Ande aur tamatar ka sandwich'],,,,,Eggetarian,100.0,222.11000000000004,222.11,7.66,25.9,10.51,1.77,2.09,423.26,normal,True,Master Food Database,,
food_2764a35d,egg curry,Egg Curry,['Anda curry'],Egg,,,Haryana,Non-Veg,100.0,139.38,168.76,14.19,2.015,11.905000000000001,1.545,0.0,0.0,normal,True,Master Food Database,,
food_7c146fa0,egg cutlet,Egg cutlet,['Anda cutlet'],,,,,Eggetarian,150.0,383.34666666666664,575.02,2.45,5.77,60.25,0.58,0.2,79.4,normal,True,Master Food Database,,
food_f9f62414,egg drop soup,Egg drop soup,[],,,,,Eggetarian,250.0,26.994666666666667,45.82,8.965,3.55,7.76,0.655,0.6,12418.84,normal,True,Master Food Database,,
food_340347da,egg halwa,Egg halwa,['Ande ka halwa'],,,,,Eggetarian,150.0,199.82666666666665,299.74,7.85,39.59,13.41,0.49,37.85,83.04,normal,True,Master Food Database,,
food_eb6a9934,egg in a pepper,Egg in a pepper,[],,,,,Eggetarian,150.0,85.85333333333334,128.78,12.64,0.17,8.68,0.17,0.05,183.89,normal,True,Master Food Database,,
food_d3d461a5,egg kothu parotta,Egg Kothu Parotta,[],Egg,,,Tamil Nadu,Non-Veg,100.0,220.0,220.0,23.0,0.0,15.0,1.0,0.0,0.0,normal,True,Master Food Database,,
food_b04e8059,egg nog,Egg nog,[],,,,,Eggetarian,150.0,64.75999999999999,97.14,4.78,8.15,5.11,0.02,8.06,40.65,normal,True,Master Food Database,,
food_88925974,egg noodles,Egg Noodles,[],Grain,,,,Eggetarian,150.0,146.66666666666666,220.0,8.0,40.0,3.0,2.0,2.0,20.0,normal,True,Master Food Database,,
food_2a2a46c9,egg pakora/pakoda,Egg pakora/pakoda,['Ande ke pakode'],,,,,Eggetarian,150.0,473.67333333333335,710.51,2.83,4.48,75.86,0.86,0.19,75.37,normal,True,Master Food Database,,
food_d503fe12,egg sandwich,Egg sandwich,['Ande ka sandwich'],,,,,Eggetarian,100.0,285.96,285.96,8.69,29.16,15.8,1.88,1.86,461.67,normal,True,Master Food Database,,
food_e7bd5c2e,egg sauce,Egg sauce,[],,,,,Eggetarian,150.0,97.89999999999999,146.85,5.97,5.88,11.08,0.12,3.19,51.54,normal,True,Master Food Database,,
food_b61e2edf,egg white,Egg White,[],Condiment,,,,Eggetarian,30.0,56.666666666666664,17.0,3.6,0.2,0.0,0.0,0.2,55.0,normal,True,Master Food Database,,
food_75b50583,egg yolk,Egg Yolk,[],Protein,,,,Eggetarian,150.0,36.666666666666664,55.0,2.7,0.6,4.5,0.0,0.3,8.0,normal,True,Master Food Database,,
food_e30cd01f,eggless cake,Eggless cake,[],,,,,Eggetarian,150.0,212.05333333333334,318.08,8.12,46.14,11.75,0.68,27.7,310.5,normal,True,Master Food Database,,
food_28425544,eggo waffle,Eggo Waffle,[],Grain/Processed,,,,Eggetarian,150.0,120.0,180.0,4.0,30.0,5.0,1.0,4.0,400.0,normal,True,Master Food Database,,
food_a535c56c,eggplant,Eggplant,[],Vegetable,,,,Eggetarian,150.0,26.666666666666668,40.0,0.5,6.0,2.0,2.0,3.0,150.0,normal,True,Master Food Database,,
food_1410e889,eggplant/brinjal rice,Eggplant/Brinjal rice,['Vangi bhat'],,,,,Eggetarian,250.0,73.92,184.8,5.28,31.74,3.67,4.44,4.36,59.06,normal,True,Master Food Database,,
food_ff4883a4,eggs benedict,Eggs Benedict,[],Meal/Protein,,,,Eggetarian,150.0,400.0,600.0,25.0,30.0,40.0,3.0,4.0,1100.0,normal,True,Master Food Database,,
food_3403bca2,empanada,Empanada,[],Meal/Processed,,,,Veg,150.0,193.33333333333334,290.0,10.0,28.0,16.0,3.0,3.0,550.0,normal,True,Master Food Database,,
food_8eec77d7,english muffin,English Muffin,[],Grain,,,,Veg,150.0,89.33333333333333,134.0,6.0,26.0,1.0,4.4,1.0,210.0,normal,True,Master Food Database,,
food_731b726f,ennai kathirikkai,Ennai Kathirikkai,[],Vegetable,,South India,,Veg,150.0,86.7,130.0,4.0,15.0,5.0,5.0,0.0,0.0,normal,True,Master Food Database,,
food_8acfd32c,eromba,Eromba,[],Main Dish,,,Manipur,Veg,200.0,140.0,280.0,9.0,30.0,12.0,6.0,0.0,0.0,normal,True,Master Food Database,,
food_f611ea2b,espreso coffee,Espreso coffee,[],,,,,Veg,250.0,20.616,51.54,1.75,6.62,2.14,0.0,6.53,13.98,normal,True,Master Food Database,,
food_c3a59461,espresso,Espresso,[],Beverage,,,,Veg,250.0,1.3333333333333333,3.3333333333333335,0.3333333333333333,0.0,0.06666666666666667,0.0,0.0,1.0,normal,True,Master Food Database,,
food_48f1fce9,espresso martini,Espresso Martini,[],Beverage,,,,Veg,250.0,112.00000000000001,280.0,0.5,25.0,0.0,0.0,25.0,5.0,normal,True,Master Food Database,,
food_1dfd9a1f,fafda,Fafda,[],Snack,,,Gujarat,Veg,100.0,280.0,280.0,6.0,32.0,14.0,3.0,0.0,0.0,normal,True,Master Food Database,,
food_b18ae2ea,fafda jalebi,Fafda Jalebi,[],Street Food,,,Gujarat,Veg,180.0,194.4,350.0,8.0,45.0,15.0,5.0,0.0,0.0,normal,True,Master Food Database,,
food_62ca8dd6,falafel,Falafel,[],Meal/Vegetarian,,,,Veg,150.0,120.0,180.0,6.0,18.0,9.0,4.0,1.0,320.0,normal,True,Master Food Database,,
food_52c4491f,fara,Fara,[],Snack,,,Chhattisgarh,Veg,100.0,280.0,280.0,6.0,32.0,14.0,3.0,0.0,0.0,normal,True,Master Food Database,,
food_4e55d8aa,farsi puri,Farsi Puri,[],Snack,,West India,,Veg,100.0,280.0,280.0,6.0,32.0,14.0,3.0,0.0,0.0,normal,True,Master Food Database,,
food_c0a41738,fattoush salad,Fattoush Salad,[],Meal/Vegetarian,,,,Veg,150.0,166.66666666666669,250.0,5.0,25.0,15.0,6.0,5.0,500.0,normal,True,Master Food Database,,
food_24800973,fermented bamboo shoot pickle,Fermented bamboo shoot pickle,['Mesu pickle'],,,,,Veg,30.0,199.43333333333334,59.83,1.58,1.73,5.59,2.24,0.29,161.31,normal,True,Master Food Database,,
food_8d0216ec,fermented bengal gram vada,Fermented bengal gram vada,['Khameerikrit/Ufna hua channa dal ka vada'],,,,,Veg,150.0,438.38,657.57,4.05,8.68,67.19,2.65,0.35,63.87,normal,True,Master Food Database,,
food_6e7edc5c,feta cheese,Feta Cheese,[],Dairy,,,,Veg,150.0,50.0,75.0,4.0,1.2,6.1,0.0,0.7,316.0,normal,True,Master Food Database,,
food_5413c895,fettuccine with spinach sauce,Fettuccine with spinach sauce,[],,,,,Veg,150.0,86.14,129.21,3.1,12.19,7.83,0.77,1.18,153.59,normal,True,Master Food Database,,
food_245e85da,figs,Figs,[],Fruit,,,,Veg,150.0,49.333333333333336,74.0,0.6,19.2,0.3,2.9,16.2,2.0,normal,True,Master Food Database,,
food_485f54d1,finger millet biscuit,Finger millet biscuit,['Ragi biscuit'],,,,,Veg,150.0,305.70666666666665,458.56,4.03,52.69,25.79,5.97,16.9,98.24,normal,True,Master Food Database,,
food_1b610560,finger millet cake,Finger millet cake,['Ragi cake'],,,,,Veg,150.0,186.30666666666664,279.46,3.96,38.93,12.27,2.35,24.76,98.26,normal,True,Master Food Database,,
food_1e85fbb8,fiorentina steak,Fiorentina Steak,[],Protein/Meat,,,,Veg,250.0,92.0,230.0,24.0,0.0,15.0,0.0,0.0,60.0,normal,True,Master Food Database,,
food_c3f23bb7,fish curry,Fish Curry,['Machli curry'],Fish,,,Chhattisgarh,Non-Veg,180.0,107.38833333333334,197.04333333333332,24.92,1.2566666666666666,10.896666666666667,1.2966666666666666,0.0,0.0,normal,True,Master Food Database,,
food_ddd93ed5,fish cutlet,Fish cutlet,['Machli ka cutlet'],,,,,Non-Veg,150.0,436.4266666666667,654.64,2.77,3.13,70.11,0.54,0.29,75.33,normal,True,Master Food Database,,
food_91cbc6f2,fish finger,Fish finger,[],,,,,Non-Veg,150.0,361.9333333333333,542.9,5.66,4.47,55.82,0.34,0.17,103.55,normal,True,Master Food Database,,
food_fff7e1c6,fish fry,Fish Fry,[],Fish,,,Gujarat,Non-Veg,180.0,133.3,240.0,33.0,0.0,13.0,1.0,0.0,0.0,normal,True,Master Food Database,,
food_d93be601,fish in coconut milk,Fish in coconut milk,['Nariyal ke doodh ke saath machli'],,,,,Non-Veg,250.0,34.483999999999995,86.21,8.66,2.73,4.43,1.52,1.55,73.93,normal,True,Master Food Database,,
food_46242695,fish orly,Fish orly,[],,,,,Non-Veg,150.0,375.80000000000007,563.7,5.87,4.27,58.18,0.33,0.24,136.37,normal,True,Master Food Database,,
food_a1a05ef2,fish pakora/pakoda,Fish pakora/pakoda,[],,,,,Non-Veg,150.0,384.68666666666667,577.03,5.97,4.55,59.52,0.96,0.22,112.24,normal,True,Master Food Database,,
food_ef0e5609,fish pie,Fish pie,[],,,,,Non-Veg,150.0,80.60000000000001,120.9,9.25,7.74,5.77,0.76,1.13,101.8,normal,True,Master Food Database,,
food_09a385a6,fish recheado,Fish Recheado,[],Fish,,,Goa,Non-Veg,180.0,133.3,240.0,33.0,0.0,13.0,1.0,0.0,0.0,normal,True,Master Food Database,,
food_82352a76,fish sandwich,Fish sandwich ,[],,,,,Non-Veg,100.0,150.2,150.2,4.72,10.09,10.37,1.23,1.04,161.88,normal,True,Master Food Database,,
food_751fca09,fish sauce,Fish Sauce,[],Condiment,,,,Non-Veg,30.0,16.666666666666664,5.0,0.4,0.5,0.0,0.0,0.4,450.0,normal,True,Master Food Database,,
food_fd6e9061,fish souffle,Fish souffle,[],,,,,Non-Veg,150.0,93.14,139.71,10.51,5.14,8.55,0.19,2.09,92.45,normal,True,Master Food Database,,
food_f4f854d4,fish tacos,Fish Tacos,[],Meal/Fish,,,,Non-Veg,150.0,280.0,420.0,25.0,40.0,18.0,6.0,5.0,700.0,normal,True,Master Food Database,,
food_5bb63877,fish tikka,Fish tikka,[],,,,,Non-Veg,150.0,78.22,117.33,16.0,3.91,4.15,1.18,1.18,503.44,normal,True,Master Food Database,,
food_c5f1e072,fish with bamboo shoot,Fish With Bamboo Shoot,[],Fish,,,Nagaland,Non-Veg,180.0,133.3,240.0,33.0,0.0,13.0,1.0,0.0,0.0,normal,True,Master Food Database,,
food_f33d8bd2,flaky pastry,Flaky pastry,[],,,,,Veg,150.0,295.96,443.94,4.69,33.61,31.99,1.25,0.81,178.52,normal,True,Master Food Database,,
food_9b44b2c2,flan,Flan,[],Dessert,,,,Veg,75.0,293.3333333333333,220.0,6.0,35.0,7.0,0.0,33.0,80.0,normal,True,Master Food Database,,
food_eab3232f,flan pastry,Flan pastry,[],,,,,Veg,150.0,297.2,445.8,6.72,47.84,25.04,1.58,6.22,193.23,normal,True,Master Food Database,,
food_bda69e12,flattened rice cutlet,Flattened rice cutlet,['Chirwa cutlet/Chivda cutlet/Poha cutlet'],,,,,Veg,250.0,280.684,701.71,1.76,7.39,73.89,0.86,0.27,76.65,normal,True,Master Food Database,,
food_abc2c031,flavoured milkshake,Flavoured milkshake,[],,,,,Veg,250.0,26.712000000000003,66.78,2.06,8.65,2.83,0.0,8.61,16.34,normal,True,Master Food Database,,
food_a0ea4b5c,focaccia,Focaccia,[],Grain,,,,Veg,150.0,166.66666666666669,250.0,8.0,40.0,7.0,2.0,2.0,500.0,normal,True,Master Food Database,,
food_c4828187,french bread,French Bread,[],Grain,,,,Veg,80.0,225.0,180.0,6.0,36.0,1.0,2.0,2.0,380.0,normal,True,Master Food Database,,
food_ee002835,french dressing,French dressing,[],,,,,Veg,150.0,489.18,733.77,0.32,3.68,79.65,0.22,3.01,261.13,normal,True,Master Food Database,,
food_02217e13,french fries,French Fries,[],Vegetable/Processed,,,,Veg,150.0,195.55555555555554,293.3333333333333,3.3333333333333335,37.666666666666664,14.666666666666666,3.3333333333333335,0.3,230.0,normal,True,Master Food Database,,
food_859e4f7f,french omelette/omlet,French omelette/omlet,[],,,,,Eggetarian,150.0,140.69333333333333,211.04,10.03,0.41,18.86,0.38,0.1,381.85,normal,True,Master Food Database,,
food_2d7c022f,french onion soup,French onion soup,[],,,,,Veg,250.0,41.122,102.805,8.705,9.64,10.695,1.505,1.5,11202.89,normal,True,Master Food Database,,
food_82b5dfcb,french sandwich,French sandwich,['toasted'],,,,,Veg,100.0,186.75,186.75,6.82,14.82,11.51,1.37,1.82,274.68,normal,True,Master Food Database,,
food_e3cf6c0f,fresh mozzarella,Fresh Mozzarella,[],Dairy,,,,Veg,150.0,48.0,72.0,5.0,0.8,5.0,0.0,0.3,138.0,normal,True,Master Food Database,,
food_6899c81e,fricassee of mushroom,Fricassee of Mushroom,[],,,,,Veg,150.0,71.10666666666667,106.66,3.65,8.13,6.63,1.23,2.51,118.98,normal,True,Master Food Database,,
food_ccf6209b,fried chicken with tomato sauce,Fried chicken with tomato sauce,['Fried chicken tamatar ki chutney kay saath'],,,,,Non-Veg,150.0,83.35333333333334,125.03,11.48,2.51,7.61,1.13,1.16,107.56,normal,True,Master Food Database,,
food_5025ab30,fried egg,Fried Egg ,[],,,,,Eggetarian,150.0,149.11333333333332,223.67,11.59,0.31,19.62,0.29,0.0,446.96,normal,True,Master Food Database,,
food_e670df18,fried fish,Fried fish,['Indian style'],,,,,Non-Veg,150.0,439.02666666666664,658.54,4.35,5.4,68.88,0.61,0.4,156.94,normal,True,Master Food Database,,
food_85156ab7,fried fish and chips,Fried fish and Chips,['English Style'],,,,,Non-Veg,150.0,434.5,651.75,3.36,2.77,69.69,0.29,0.17,72.73,normal,True,Master Food Database,,
food_afd9ebc4,fried okra,Fried Okra,[],Vegetable,,,,Veg,150.0,146.66666666666666,220.0,4.0,25.0,12.0,5.0,3.0,450.0,normal,True,Master Food Database,,
food_ed96090e,fried pita,Fried Pita,[],Grain,,,,Veg,150.0,53.333333333333336,80.0,2.0,12.0,3.0,1.0,0.5,150.0,normal,True,Master Food Database,,
food_5a020d68,frosting,Frosting,[],Condiment,,,,Veg,30.0,466.6666666666667,140.0,0.0,22.0,6.0,0.0,22.0,65.0,normal,True,Master Food Database,,
food_94aa3562,frozen frosty fruit salad,Frozen frosty fruit salad,['Phalon ka salaad'],,,,,Veg,150.0,69.00666666666667,103.51,1.68,15.61,4.17,0.26,14.38,13.23,normal,True,Master Food Database,,
food_4acab52e,fruit cocktail,Fruit Cocktail,[],Fruit,,,,Veg,150.0,73.33333333333333,110.0,1.0,28.0,0.0,2.0,26.0,10.0,normal,True,Master Food Database,,
food_226fbc1f,fruit delight,Fruit delight,[],,,,,Veg,150.0,71.39333333333333,107.09,2.09,9.11,7.09,0.09,9.03,17.27,normal,True,Master Food Database,,
food_6bcd7927,fruit flan,Fruit flan,[],,,,,Veg,150.0,174.23333333333335,261.35,3.3,34.71,12.48,0.71,9.52,110.04,normal,True,Master Food Database,,
food_331c16a7,fruit ice cream,Fruit Ice cream,['Phalon ka Ice cream'],,,,,Veg,150.0,114.30666666666667,171.46,4.37,16.05,10.38,0.33,14.03,38.78,normal,True,Master Food Database,,
food_e2b59b75,fruit loaf,Fruit Loaf ,[],,,,,Veg,150.0,216.12666666666667,324.19,5.36,46.49,13.31,0.87,24.54,160.6,normal,True,Master Food Database,,
food_dcf18f6f,fruit punch,Fruit Punch,"['with fresh juices', 'with squashes']",,,,,Veg,150.0,19.75,29.625,0.10500000000000001,7.6850000000000005,0.025,0.115,9.25,2.63,normal,True,Master Food Database,,
food_6b680ca3,fruit puree tart,Fruit puree tart,[],,,,,Veg,150.0,191.0,286.5,3.35,30.42,16.83,1.31,9.79,49.65,normal,True,Master Food Database,,
food_65235dd8,fruit salad,Fruit salad,['Phalon ka salaad'],,,,,Veg,150.0,52.093333333333334,78.14,0.91,15.96,1.22,1.58,9.78,7.11,normal,True,Master Food Database,,
food_9fa6ba2c,gajar halwa,Gajar Halwa,[],Sweet,,,Punjab,Veg,75.0,400.0,300.0,5.0,42.0,12.0,2.0,0.0,0.0,normal,True,Master Food Database,,
food_17fbb01d,gajar halwo,Gajar Halwo,[],Sweet,,West India,,Veg,75.0,400.0,300.0,5.0,42.0,12.0,2.0,0.0,0.0,normal,True,Master Food Database,,
food_16e771f4,gajar matar aloo,Gajar Matar Aloo,[],Vegetable,,North India,,Veg,150.0,86.7,130.0,4.0,15.0,5.0,5.0,0.0,0.0,normal,True,Master Food Database,,
food_2798bc2b,gajar pak,Gajar Pak,[],Sweet,,North India,,Veg,75.0,400.0,300.0,5.0,42.0,12.0,2.0,0.0,0.0,normal,True,Master Food Database,,
food_5bfee0ae,galho,Galho,[],Rice Dish,,,Nagaland,Veg,250.0,120.0,300.0,9.0,44.0,9.0,4.5,0.0,0.0,normal,True,Master Food Database,,
food_dee311e8,galouti kebab,Galouti Kebab,[],Meat,,,Uttar Pradesh,Non-Veg,180.0,194.4,350.0,32.0,3.0,25.0,2.0,0.0,0.0,normal,True,Master Food Database,,
food_2ffc157b,garadu,Garadu,[],Snack,,,Madhya Pradesh,Veg,100.0,280.0,280.0,6.0,32.0,14.0,3.0,0.0,0.0,normal,True,Master Food Database,,
food_cb00547d,garam masala,Garam masala,[],,,,,Veg,150.0,169.47333333333333,254.21,9.89,26.2,10.97,35.56,1.79,58.33,normal,True,Master Food Database,,
food_41d962e0,garelu,Garelu,[],Snack,,,Andhra Pradesh,Veg,100.0,280.0,280.0,6.0,32.0,14.0,3.0,0.0,0.0,normal,True,Master Food Database,,
food_20b59994,garlic,Garlic,[],Vegetable,,,,Veg,150.0,2.2222222222222228,3.3333333333333335,0.16666666666666666,0.7666666666666666,0.0,0.06666666666666667,0.0,1.0,normal,True,Master Food Database,,
food_b8ef001f,garlic bread,Garlic Bread,[],Grain,,,,Veg,80.0,187.5,150.0,4.0,18.0,7.0,1.0,1.0,310.0,normal,True,Master Food Database,,
food_5145ff44,garlic chickpea soup,Garlic chickpea soup,['Lahasun aur chane ka shoraba'],,,,,Veg,250.0,35.812,89.53,4.45,13.92,2.01,2.84,2.65,79.73,normal,True,Master Food Database,,
food_c977ddb5,garlic chutney/poondu chutney,Garlic chutney/Poondu chutney,['Lahasun ki chutney'],,,,,Veg,50.0,511.02,255.51,3.34,20.44,17.55,5.15,13.36,177.62,normal,True,Master Food Database,,
food_effee2f2,garlic pickle,Garlic pickle,['Lahasun ka achar'],,,,,Veg,30.0,1378.7333333333333,413.62,3.72,9.75,39.88,5.13,2.32,269.12,normal,True,Master Food Database,,
food_09c8ab2b,garlic sauce,Garlic Sauce,[],Condiment,,,,Veg,30.0,300.0,90.0,0.1,1.0,10.0,0.0,0.5,80.0,normal,True,Master Food Database,,
food_2a125d59,garlic soup,Garlic soup,[],,,,,Veg,250.0,77.944,194.86,2.38,6.99,17.62,1.66,2.39,179.26,normal,True,Master Food Database,,
food_2946d83b,gathiya,Gathiya,[],Snack,,,Gujarat,Veg,100.0,280.0,280.0,6.0,32.0,14.0,3.0,0.0,0.0,normal,True,Master Food Database,,
food_10acf834,gatta curry,Gatta Curry,[],Curry,,West India,,Veg,200.0,115.0,230.0,8.0,18.0,12.0,5.0,0.0,0.0,normal,True,Master Food Database,,
food_e153d3de,gatte ki sabzi,Gatte Ki Sabzi,[],Curry,,,Rajasthan,Veg,200.0,115.0,230.0,8.0,18.0,12.0,5.0,0.0,0.0,normal,True,Master Food Database,,
food_542f7f09,gazpacho,Gazpacho,[],Meal/Soup,,,,Veg,250.0,36.0,90.0,2.0,12.0,4.0,3.0,7.0,600.0,normal,True,Master Food Database,,
food_19ae8e79,gelato,Gelato,[],Dessert,,,,Veg,75.0,293.3333333333333,220.0,5.0,24.0,12.0,2.0,20.0,60.0,normal,True,Master Food Database,,
food_1217a84d,ghari,Ghari,[],Sweet,,West India,,Veg,75.0,400.0,300.0,5.0,42.0,12.0,2.0,0.0,0.0,normal,True,Master Food Database,,
food_ae99cfb2,gheela pitha,Gheela Pitha,[],Sweet,,East India,,Veg,75.0,400.0,300.0,5.0,42.0,12.0,2.0,0.0,0.0,normal,True,Master Food Database,,
food_803f0709,ghevar,Ghevar,[],Sweet,,,Rajasthan,Veg,75.0,400.0,300.0,5.0,42.0,12.0,2.0,0.0,0.0,normal,True,Master Food Database,,
food_85794db4,ghila pitha,Ghila Pitha,[],Sweet,,,Assam,Veg,75.0,400.0,300.0,5.0,42.0,12.0,2.0,0.0,0.0,normal,True,Master Food Database,,
food_37d6ef56,ghiya/lauki kofta curry,Ghiya/Lauki Kofta Curry,[],,,,,Veg,200.0,319.355,638.71,0.89,2.71,69.4,0.83,0.82,91.43,normal,True,Master Food Database,,
food_85e432df,ghooghra,Ghooghra,[],Sweet,,West India,,Veg,75.0,400.0,300.0,5.0,42.0,12.0,2.0,0.0,0.0,normal,True,Master Food Database,,
food_737a7644,ghujia/lavang latika,Ghujia/Lavang latika,[],,,,,Veg,150.0,512.6533333333333,768.98,1.86,13.0,78.93,0.52,6.08,3.28,normal,True,Master Food Database,,
food_da0e675f,gin,Gin,[],Beverage,,,,Veg,250.0,28.000000000000004,70.0,0.0,0.0,0.0,0.0,0.0,0.0,normal,True,Master Food Database,,
food_ce5bedb9,gin & tonic,Gin & Tonic,[],Beverage,,,,Veg,250.0,68.0,170.0,0.0,13.0,0.0,0.0,13.0,2.0,normal,True,Master Food Database,,
food_b1769eb3,ginger ale,Ginger Ale,[],Beverage,,,,Veg,250.0,49.6,124.0,0.0,32.0,0.0,0.0,31.0,40.0,normal,True,Master Food Database,,
food_6b45457d,ginger biscuit,Ginger biscuit,['Adarak ke biscuit'],,,,,Veg,150.0,278.6066666666667,417.91,5.98,58.44,18.31,1.49,27.06,79.68,normal,True,Master Food Database,,
food_e1190443,ginger bread man,Ginger bread man,[],,,,,Veg,80.0,456.25,365.0,6.61,60.26,11.01,1.6,29.12,477.99,normal,True,Master Food Database,,
food_7ffcd147,ginger candy,Ginger candy,['Adrak ki candy'],,,,,Veg,150.0,130.47333333333333,195.71,0.69,50.38,0.27,1.67,47.99,5.4,normal,True,Master Food Database,,
food_743f963e,ginger chicken,Ginger chicken,[],,,,,Non-Veg,150.0,86.11333333333332,129.17,8.24,5.6,8.24,1.21,1.95,365.86,normal,True,Master Food Database,,
food_bd4bf7e3,gingerman biscuit,Gingerman biscuit,[],,,,,Veg,150.0,238.28666666666666,357.43,6.26,55.24,12.73,2.0,21.64,918.57,normal,True,Master Food Database,,
food_c39058dc,gingo,Gingo,[],,,,,Veg,150.0,32.013333333333335,48.02,0.14,12.42,0.06,0.17,12.08,21.5,normal,True,Master Food Database,,
food_731b62d1,glace icing,Glace icing,[],,,,,Veg,150.0,215.67333333333335,323.51,0.01,86.31,0.01,0.0,85.35,9.88,normal,True,Master Food Database,,
food_f637d40e,gnocchi,Gnocchi,[],Meal/Pasta,,,,Veg,150.0,140.0,210.0,4.5,45.0,1.5,3.0,2.0,480.0,normal,True,Master Food Database,,
food_26ab97f1,gnocchi alla sorrentina,Gnocchi alla Sorrentina,[],Meal/Pasta,,,,Veg,150.0,300.0,450.0,15.0,60.0,18.0,6.0,9.0,800.0,normal,True,Master Food Database,,
food_d961a46d,goan fish curry,Goan Fish Curry,[],Fish,,,Goa,Non-Veg,180.0,133.3,240.0,33.0,0.0,13.0,1.0,0.0,0.0,normal,True,Master Food Database,,
food_e1c815c2,goan prawn curry,Goan Prawn Curry,[],Seafood,,,Goa,Non-Veg,180.0,122.2,220.0,30.0,1.0,11.0,1.0,0.0,0.0,normal,True,Master Food Database,,
food_9e5f0553,goat cheese,Goat Cheese,[],Dairy,,,,Veg,150.0,68.66666666666667,103.0,6.1,0.1,8.5,0.0,0.1,146.0,normal,True,Master Food Database,,
food_24d85a88,gobhi matar,Gobhi Matar,[],Vegetable,,North India,,Veg,150.0,86.7,130.0,4.0,15.0,5.0,5.0,0.0,0.0,normal,True,Master Food Database,,
food_8ea54dfa,gobi 65,Gobi 65,[],,,,,Veg,150.0,185.52666666666667,278.29,0.56,3.59,29.11,0.57,0.29,69.22,normal,True,Master Food Database,,
food_b1808540,gochugaru,Gochugaru,[],Condiment,,,,Veg,30.0,33.33333333333333,10.0,0.3,1.8,0.3,0.5,0.3,1.0,normal,True,Master Food Database,,
food_d800062c,gochujang,Gochujang,[],Condiment,,,,Veg,30.0,100.0,30.0,0.5,6.0,0.0,0.5,4.0,200.0,normal,True,Master Food Database,,
food_f0eb5d1c,goja,Goja,[],Sweet,,East India,,Veg,75.0,400.0,300.0,5.0,42.0,12.0,2.0,0.0,0.0,normal,True,Master Food Database,,
food_39707ddd,goli bajje,Goli Bajje,[],Snack,,South India,,Veg,100.0,280.0,280.0,6.0,32.0,14.0,3.0,0.0,0.0,normal,True,Master Food Database,,
food_17319160,golichina mamsam,Golichina Mamsam,[],Meat,,South India,,Non-Veg,180.0,194.4,350.0,32.0,8.0,25.0,2.0,0.0,0.0,normal,True,Master Food Database,,
food_912d5d2e,gongura pachadi,Gongura Pachadi,[],Chutney,,,Andhra Pradesh,Veg,50.0,200.0,100.0,2.0,8.0,6.0,3.0,0.0,0.0,normal,True,Master Food Database,,
food_a95562bb,gooseberry chutney,Gooseberry chutney,['Amla chutney'],,,,,Veg,50.0,86.04,43.02,1.44,8.83,0.62,4.58,0.06,215.09,normal,True,Master Food Database,,
food_bbe2e8b7,gooseberry marmalade,Gooseberry marmalade,['Amla murabba'],,,,,Veg,150.0,82.10666666666665,123.16,0.14,32.34,0.03,0.0,28.61,216.89,normal,True,Master Food Database,,
food_dc959024,gooseberry pickle,Gooseberry pickle,['Amla ka achaar'],,,,,Veg,30.0,928.5999999999999,278.58,1.55,7.61,27.61,3.7,0.36,86.38,normal,True,Master Food Database,,
food_f4e986ca,gorgonzola cheese,Gorgonzola Cheese,[],Dairy,,,,Veg,150.0,66.66666666666666,100.0,6.0,0.7,8.0,0.0,0.1,325.0,normal,True,Master Food Database,,
food_86743b63,graham cracker,Graham Cracker,[],Grain/Processed,,,,Veg,150.0,40.0,60.0,1.0,11.0,1.5,0.5,4.0,70.0,normal,True,Master Food Database,,
food_58132954,gram flour and semolina chilla/cheela/savory pancake,Gram flour and semolina chilla/cheela/savory pancake,['Besan suji chilla/cheela'],,,,,Veg,150.0,505.9266666666667,758.89,2.08,7.63,80.04,1.39,0.25,74.88,normal,True,Master Food Database,,
food_78861563,gram flour and semolina dhokla,Gram flour and semolina dhokla,['Besan suji dhokla'],,,,,Veg,150.0,132.60666666666668,198.91,8.52,25.92,7.1,4.59,2.58,196.59,normal,True,Master Food Database,,
food_22d3b4b6,gram flour burfi,Gram flour burfi,['Besan burfi'],,,,,Veg,150.0,281.1933333333334,421.79,11.19,46.59,22.41,3.41,28.44,13.02,normal,True,Master Food Database,,
food_08021a4d,gram flour chilla/cheela,Gram flour chilla/cheela,['Besan chilla/cheela'],,,,,Veg,150.0,90.62,135.93,7.8,21.03,2.85,4.25,1.87,135.57,normal,True,Master Food Database,,
food_b8aed78f,gram flour halwa,Gram flour halwa,['Besan halwa'],,,,,Veg,150.0,184.52666666666667,276.79,5.88,25.78,17.3,1.82,15.83,15.4,normal,True,Master Food Database,,
food_91580ac1,gram flour ladoo,Gram flour ladoo,['Besan ladoo'],,,,,Veg,150.0,317.94,476.91,8.93,62.61,22.76,4.43,37.76,5.48,normal,True,Master Food Database,,
food_ed239900,gram flour poori,Gram flour poori,['Besan poori'],,,,,Veg,150.0,465.1066666666666,697.66,2.59,10.93,71.51,1.94,0.35,58.33,normal,True,Master Food Database,,
food_71e3c324,granola,Granola,[],Grain,,,,Veg,150.0,80.0,120.0,3.0,15.0,6.0,3.0,7.0,20.0,normal,True,Master Food Database,,
food_5fd4f2f1,grape and orange whip,Grape and orange whip,[],,,,,Veg,150.0,38.26,57.39,1.41,6.72,2.62,0.97,5.66,14.36,normal,True,Master Food Database,,
food_c7a6104b,grapefruit,Grapefruit,[],Fruit,,,,Veg,150.0,34.66666666666667,52.0,1.1,13.2,0.2,2.0,8.5,0.0,normal,True,Master Food Database,,
food_6eee669d,grapes,Grapes,[],Fruit,,,,Veg,150.0,69.33333333333334,104.0,1.1,27.0,0.2,1.4,23.0,3.0,normal,True,Master Food Database,,
food_a175036f,grapes raita,Grapes raita,['Angoor ka raita'],,,,,Veg,150.0,48.39333333333334,72.59,3.98,9.66,2.07,0.71,8.51,135.64,normal,True,Master Food Database,,
food_32b3f004,gravy for kofta,Gravy for kofta,[],,,,,Veg,150.0,83.72666666666667,125.59,1.75,6.31,10.35,1.96,3.73,312.86,normal,True,Master Food Database,,
food_b6d64ae8,greek yogurt,Greek Yogurt,[],Dairy,,,,Veg,150.0,100.0,150.0,25.0,8.0,3.0,0.0,7.0,85.0,normal,True,Master Food Database,,
food_b28afe31,green beans,Green Beans,[],Vegetable,,,,Veg,150.0,15.333333333333334,23.0,1.35,5.25,0.15000000000000002,2.0,3.3,6.0,normal,True,Master Food Database,,
food_424e3730,green chickpeas pulao,Green chickpeas pulao,['Choliya pulao/Hare chane ka pulao'],,,,,Veg,250.0,69.372,173.43,4.88,27.57,4.82,3.15,2.48,170.05,normal,True,Master Food Database,,
food_b23cbef4,green chilli raita,Green chilli raita,['Hari mirch ka raita'],,,,,Veg,150.0,51.42,77.13,5.58,7.66,2.92,0.26,7.49,161.31,normal,True,Master Food Database,,
food_f706cfd9,green chilli sauce,Green chilli sauce,[],,,,,Veg,150.0,30.706666666666667,46.06,1.25,7.36,0.27,1.77,5.36,1037.04,normal,True,Master Food Database,,
food_6a627001,green chutney,Green chutney,[],,,,,Veg,50.0,158.84,79.42,5.42,10.01,1.6,5.84,0.92,262.81,normal,True,Master Food Database,,
food_54e0069b,green curry paste,Green Curry Paste,[],Condiment,,,,Veg,200.0,15.0,30.0,0.5,2.0,2.5,1.0,1.0,400.0,normal,True,Master Food Database,,
food_a30958af,green gram whole with baghar,Green gram whole with baghar,['Sabut moong dal with tadka'],,,,,Veg,150.0,42.28666666666667,63.43,3.23,6.8,2.48,3.02,0.15,181.69,normal,True,Master Food Database,,
food_a43d0e24,green onion,Green Onion,[],Vegetable,,,,Veg,150.0,2.0,3.0,0.2,0.7,0.0,0.2,0.2,0.0,normal,True,Master Food Database,,
food_fa90e921,green pea soup,Green pea soup,['Matar ka soup'],,,,,Veg,250.0,15.924000000000001,39.81,11.06,3.63,12.9,2.49,0.87,10958.11,normal,True,Master Food Database,,
food_94d59dfd,green peas,Green Peas,[],Legume,,,,Veg,150.0,41.333333333333336,62.0,4.1,11.1,0.2,4.4,4.2,2.0,normal,True,Master Food Database,,
food_2352bac7,green tomato pickle,Green tomato pickle,['Haray tamatar ka achaar'],,,,,Veg,30.0,644.1999999999999,193.26,1.23,2.87,19.67,1.74,0.77,159.18,normal,True,Master Food Database,,
food_cc163b82,greenpea cookies,Greenpea cookies,[],,,,,Veg,150.0,106.28,159.42,6.53,23.07,4.24,5.32,14.45,229.9,normal,True,Master Food Database,,
food_85d3130c,gremolata,Gremolata,[],Condiment,,,,Veg,30.0,50.0,15.0,0.5,1.0,1.0,0.5,0.5,5.0,normal,True,Master Food Database,,
food_c854febf,grilled cheese sandwich,Grilled Cheese Sandwich,[],Meal/Processed,,,,Veg,100.0,390.0,390.0,15.0,32.0,22.0,3.0,4.0,800.0,normal,True,Master Food Database,,
food_056aae13,grilled chicken salad,Grilled Chicken Salad,[],Meal/Protein,,,,Non-Veg,150.0,233.33333333333334,350.0,30.0,10.0,20.0,5.0,4.0,400.0,normal,True,Master Food Database,,
food_32ba8328,grits,Grits,[],Grain,,,,Veg,150.0,100.0,150.0,3.0,32.0,1.0,2.0,0.5,320.0,normal,True,Master Food Database,,
food_d936c668,ground beef,Ground Beef,[],Protein/Meat,,,,Non-Veg,150.0,93.33333333333333,140.0,11.0,0.0,10.0,0.0,0.0,40.0,normal,True,Master Food Database,,
food_b8dad831,ground lamb,Ground Lamb,[],Protein/Meat,,,,Non-Veg,150.0,53.333333333333336,80.0,5.5,0.0,6.0,0.0,0.0,20.0,normal,True,Master Food Database,,
food_4964608f,guacamole,Guacamole,[],Vegetable/Condiment,,,,Veg,150.0,60.0,90.0,1.0,4.0,8.0,3.0,0.5,120.0,normal,True,Master Food Database,,
food_e9cba0d1,guanciale,Guanciale,[],Protein/Meat,,,,Veg,150.0,113.33333333333333,170.0,3.0,0.0,18.0,0.0,0.0,450.0,normal,True,Master Food Database,,
food_1ee8d61e,guava,Guava,[],Fruit,,,,Veg,150.0,45.33333333333333,68.0,2.6,14.3,0.9,5.4,8.9,3.0,normal,True,Master Food Database,,
food_73c5d66f,guava jelly,Guava jelly,['Amrood ki jelly'],,,,,Veg,150.0,77.16,115.74,1.11,28.18,0.25,6.61,27.38,3.36,normal,True,Master Food Database,,
food_8f7ca5b7,guava raita,Guava raita,['Amarood ka raita'],,,,,Veg,150.0,42.906666666666666,64.36,4.19,7.27,2.07,3.0,6.71,135.94,normal,True,Master Food Database,,
food_5787e53c,gud papdi,Gud Papdi,[],Sweet,,West India,,Veg,75.0,400.0,300.0,5.0,42.0,12.0,2.0,0.0,0.0,normal,True,Master Food Database,,
food_55452a9c,gudok,Gudok,[],Main Dish,,,Tripura,Non-Veg,200.0,140.0,280.0,17.0,30.0,12.0,6.0,0.0,0.0,normal,True,Master Food Database,,
food_a71a4b3f,gujarat dal,Gujarat Dal,[],Curry,,,Gujarat,Veg,200.0,115.0,230.0,8.0,18.0,12.0,5.0,0.0,0.0,normal,True,Master Food Database,,
food_fc484cdc,gujarati handvo,Gujarati handvo ,[],,,,,Veg,150.0,138.06,207.09,8.24,31.86,4.8,4.95,2.51,308.55,normal,True,Master Food Database,,
food_b99315d5,gujarati kadhi,Gujarati Kadhi,[],Curry,,,Gujarat,Veg,200.0,115.0,230.0,8.0,18.0,12.0,5.0,0.0,0.0,normal,True,Master Food Database,,
food_98e5defa,gulab jamun,Gulab Jamun,[],Sweet,,West India,,Veg,75.0,400.0,300.0,5.0,42.0,12.0,2.0,0.0,0.0,normal,True,Master Food Database,,
food_d1934491,gulab jamun with khoya,Gulab Jamun with khoya,[],,,,,Veg,150.0,390.70666666666665,586.06,2.03,26.09,53.23,0.07,24.12,15.09,normal,True,Master Food Database,,
food_993a1100,gulab jamun with milk powder,Gulab jamun with milk powder,[],,,,,Veg,250.0,188.45999999999998,471.15,0.85,28.24,40.15,0.05,27.04,67.28,normal,True,Master Food Database,,
food_5d9fd902,gum icing,Gum icing,[],,,,,Veg,150.0,148.7133333333333,223.07,5.94,53.19,0.0,0.0,52.63,29.32,normal,True,Master Food Database,,
food_a99b9718,gummy bears,Gummy Bears,[],Snack/Dessert,,,,Veg,75.0,133.33333333333331,100.0,2.0,22.0,0.0,0.0,15.0,10.0,normal,True,Master Food Database,,
food_262c9676,gun powder chutney,Gun powder chutney,[],,,,,Veg,50.0,624.68,312.34,21.55,47.65,2.67,13.95,1.16,195.67,normal,True,Master Food Database,,
food_01ca1de1,gundruk soup,Gundruk Soup,[],Soup,,,Sikkim,Veg,250.0,44.0,110.0,6.0,12.0,4.0,3.0,0.0,0.0,normal,True,Master Food Database,,
food_bff3bcc1,gunjia,Gunjia,[],,,,,Veg,150.0,444.8933333333334,667.34,2.98,5.68,70.28,1.13,2.05,77.9,normal,True,Master Food Database,,
food_bc9e659a,gur,Gur,[],Sweet,,West India,,Veg,75.0,400.0,300.0,5.0,42.0,12.0,2.0,0.0,0.0,normal,True,Master Food Database,,
food_c22d628b,gushtaba,Gushtaba,[],Meat,,,Jammu and Kashmir,Non-Veg,180.0,194.4,350.0,32.0,3.0,25.0,2.0,0.0,0.0,normal,True,Master Food Database,,
food_229579a2,gutti vankaya,Gutti Vankaya,[],Main Dish,,,Andhra Pradesh,Veg,200.0,140.0,280.0,9.0,30.0,12.0,6.0,0.0,0.0,normal,True,Master Food Database,,
food_a5d79ae8,gyapa khazi,Gyapa Khazi,[],Rice Dish,,,Arunachal Pradesh,Veg,250.0,120.0,300.0,8.0,48.0,8.0,3.0,0.0,0.0,normal,True,Master Food Database,,
food_6789bd58,gyro,Gyro,[],Meal/Meat,,,,Veg,150.0,400.0,600.0,25.0,55.0,30.0,5.0,6.0,1200.0,normal,True,Master Food Database,,
food_c1f00dd1,haak,Haak,[],Vegetable,,,Jammu and Kashmir,Veg,150.0,80.0,120.0,4.0,14.0,5.0,5.0,0.0,0.0,normal,True,Master Food Database,,
food_09e86761,haleem,Haleem,[],Main Dish,,,Telangana,Non-Veg,200.0,140.0,280.0,17.0,30.0,12.0,6.0,0.0,0.0,normal,True,Master Food Database,,
food_92296339,halibut,Halibut,[],Protein/Fish,,,,Veg,150.0,83.33333333333334,125.0,24.0,0.0,2.5,0.0,0.0,60.0,normal,True,Master Food Database,,
food_7a73876d,halvasan,Halvasan,[],Sweet,,West India,,Veg,75.0,400.0,300.0,5.0,42.0,12.0,2.0,0.0,0.0,normal,True,Master Food Database,,
food_9c968827,halwa,Halwa,[],Sweet,,South India,,Veg,75.0,400.0,300.0,5.0,42.0,12.0,2.0,0.0,0.0,normal,True,Master Food Database,,
food_5830ac19,ham,Ham,[],Protein/Meat,,,,Veg,150.0,73.33333333333333,110.0,16.0,2.0,4.0,0.0,1.5,950.0,normal,True,Master Food Database,,
food_8b57d15c,ham & cheese croissant,Ham & Cheese Croissant,[],Meal/Processed,,,,Veg,150.0,266.66666666666663,400.0,15.0,35.0,22.0,2.0,6.0,750.0,normal,True,Master Food Database,,
food_83e37170,ham and bean soup,Ham and Bean soup,[],,,,,Veg,250.0,38.416,96.04,10.61,4.18,4.15,0.54,1.43,378.14,normal,True,Master Food Database,,
food_af16a323,handi chicken,Handi chicken,[],,,,,Non-Veg,150.0,110.68,166.02,12.32,1.49,12.46,0.67,0.75,75.64,normal,True,Master Food Database,,
food_c9910958,hando guri,Hando Guri,[],Breakfast,,East India,,Veg,180.0,122.2,220.0,7.0,32.0,7.0,3.0,0.0,0.0,normal,True,Master Food Database,,
food_d5006b66,handvo,Handvo,[],Main Dish,,,Gujarat,Veg,200.0,140.0,280.0,9.0,30.0,12.0,6.0,0.0,0.0,normal,True,Master Food Database,,
food_e5179549,handwo,Handwo,[],Snack,,West India,,Veg,100.0,280.0,280.0,6.0,32.0,14.0,3.0,0.0,0.0,normal,True,Master Food Database,,
food_55dfb491,haq maas,Haq Maas,[],Fish,,East India,,Non-Veg,180.0,133.3,240.0,33.0,5.0,13.0,1.0,0.0,0.0,normal,True,Master Food Database,,
food_868f740d,hara dhania cholia,Hara Dhania Cholia,[],Main Dish,,,Haryana,Veg,200.0,140.0,280.0,9.0,30.0,12.0,6.0,0.0,0.0,normal,True,Master Food Database,,
food_26f8498c,hard-boiled egg,Hard-Boiled Egg,[],Protein,,,,Eggetarian,150.0,52.0,78.0,6.3,0.6,5.3,0.0,0.5,62.0,normal,True,Master Food Database,,
food_66dbd03b,hari mutter ka nimona,Hari Mutter Ka Nimona,[],Curry,,North India,,Veg,200.0,115.0,230.0,8.0,18.0,12.0,5.0,0.0,0.0,normal,True,Master Food Database,,
food_f7f4ee6d,hariyali fish tikka,Hariyali Fish Tikka,[],,,,,Non-Veg,150.0,100.16000000000001,150.24,14.01,2.21,9.41,0.99,0.83,100.45,normal,True,Master Food Database,,
food_3b5aa59c,haryanvi chicken curry,Haryanvi Chicken Curry,[],Chicken,,,Haryana,Non-Veg,180.0,166.7,300.0,33.0,5.0,18.0,2.0,0.0,0.0,normal,True,Master Food Database,,
food_c7d00561,haryanvi mutton curry,Haryanvi Mutton Curry,[],Meat,,,Haryana,Non-Veg,180.0,194.4,350.0,32.0,3.0,25.0,2.0,0.0,0.0,normal,True,Master Food Database,,
food_cd60973d,hash browns,Hash Browns,[],Vegetable,,,,Veg,150.0,220.00000000000003,330.0,3.0,38.0,19.0,3.0,1.0,550.0,normal,True,Master Food Database,,
food_cb77dd6a,hawain salad,Hawain salad,[],,,,,Veg,150.0,116.82,175.23,4.27,14.35,11.37,3.93,5.24,64.92,normal,True,Master Food Database,,
food_44908476,hazelnut cookies,Hazelnut cookies,[],,,,,Veg,150.0,328.88,493.32,6.25,39.44,34.97,2.45,22.01,81.06,normal,True,Master Food Database,,
food_f708823c,himachali chicken,Himachali Chicken,[],Chicken,,,Himachal Pradesh,Non-Veg,180.0,166.7,300.0,33.0,5.0,18.0,2.0,0.0,0.0,normal,True,Master Food Database,,
food_8225786f,hoisin sauce,Hoisin Sauce,[],Condiment,,,,Veg,30.0,116.66666666666667,35.0,0.3,8.0,0.2,0.1,5.0,220.0,normal,True,Master Food Database,,
food_cde35e09,hollandaise sauce,Hollandaise Sauce,[],Condiment,,,,Veg,30.0,275.0,82.5,0.75,0.35,9.0,0.0,0.2,150.0,normal,True,Master Food Database,,
food_2235e912,home made egg noodles,Home made egg noodles,[],,,,,Eggetarian,150.0,160.56,240.84,6.55,42.92,4.37,1.6,1.03,177.24,normal,True,Master Food Database,,
food_9d14cab8,home made plain noodles,Home made plain noodles,[],,,,,Veg,150.0,159.18666666666667,238.78,6.21,44.5,3.56,1.65,1.07,182.07,normal,True,Master Food Database,,
food_b33876ad,honey,Honey,[],Condiment,,,,Veg,30.0,141.66666666666669,42.5,0.05,11.55,0.0,0.0,17.2,1.0,normal,True,Master Food Database,,
food_26261688,honey banana cream,Honey banana cream,[],,,,,Veg,150.0,83.66,125.49,2.78,13.64,6.68,0.7,10.51,15.65,normal,True,Master Food Database,,
food_c2f58e6a,honey cake,Honey cake,[],,,,,Veg,150.0,222.39333333333332,333.59,3.08,49.04,14.7,0.51,33.43,72.55,normal,True,Master Food Database,,
food_0d673bd7,horchata,Horchata,[],Beverage,,,,Veg,250.0,56.00000000000001,140.0,2.0,25.0,3.0,1.0,22.0,30.0,normal,True,Master Food Database,,
food_55dcf268,horioh maas,Horioh Maas,[],Fish,,East India,,Non-Veg,180.0,133.3,240.0,33.0,5.0,13.0,1.0,0.0,0.0,normal,True,Master Food Database,,
food_42ff8f21,horsegram dal,Horsegram dal,['Kulthi dal'],,,,,Veg,200.0,27.825,55.65,2.91,8.21,1.13,1.52,0.72,63.63,normal,True,Master Food Database,,
food_c04bad9d,hot and sour soup,Hot and sour soup,[],,,,,Veg,250.0,12.604000000000001,31.51,3.12,1.78,1.31,0.6,0.66,163.26,normal,True,Master Food Database,,
food_f33b3b3b,hot cheese souffle,Hot cheese souffle,[],,,,,Veg,150.0,118.06666666666665,177.1,9.18,5.41,13.23,0.12,2.91,286.96,normal,True,Master Food Database,,
food_d21a2f7f,hot cherry sauce,Hot cherry sauce,[],,,,,Veg,150.0,168.49333333333334,252.74,0.13,67.95,0.07,0.0,17.65,105.81,normal,True,Master Food Database,,
food_e48b3e9b,hot chocolate,Hot chocolate,[],,,,,Veg,150.0,70.00333333333333,145.005,3.215,19.509999999999998,6.305,1.0,8.86,36.04,normal,True,Master Food Database,,
food_e06b01e3,hot chocolate souffle,Hot chocolate souffle,[],,,,,Veg,150.0,150.7266666666667,226.09,6.7,26.21,11.1,0.12,22.88,54.11,normal,True,Master Food Database,,
food_d3ce9495,hot cocoa,Hot cocoa,[],,,,,Veg,150.0,60.06666666666667,90.1,3.36,9.23,4.56,0.0,9.01,24.2,normal,True,Master Food Database,,
food_579a1bb9,hot fish souffle,Hot fish souffle,[],,,,,Non-Veg,150.0,95.27999999999999,142.92,11.23,3.69,9.24,0.1,1.68,110.94,normal,True,Master Food Database,,
food_a48b85e4,hot lemon souffle,Hot lemon souffle,[],,,,,Veg,150.0,103.49999999999999,155.25,5.29,16.31,7.93,0.14,12.07,47.75,normal,True,Master Food Database,,
food_181d3ee0,hot orange souffle,Hot orange souffle,[],,,,,Veg,150.0,119.98,179.97,6.87,18.77,8.95,0.29,14.93,58.8,normal,True,Master Food Database,,
food_602e92c6,hot potato souffle,Hot potato souffle,[],,,,,Veg,150.0,83.76,125.64,5.51,8.56,7.64,0.66,1.78,97.2,normal,True,Master Food Database,,
food_0d09c3f8,hot sauce,Hot Sauce,[],Condiment,,,,Veg,30.0,0.0,0.0,0.0,0.0,0.0,0.0,0.0,35.0,normal,True,Master Food Database,,
food_ef64bd6d,hot spinach souffle,Hot spinach souffle,[],,,,,Veg,150.0,69.5,104.25,5.43,4.19,7.24,0.99,1.64,104.69,normal,True,Master Food Database,,
food_257f7c6f,hot tea,Hot tea,['Garam Chai'],,,,,Veg,250.0,6.456,16.14,0.39,2.58,0.53,0.0,2.58,3.12,normal,True,Master Food Database,,
food_d5370ede,hot vanilla souffle,Hot vanilla souffle,[],,,,,Veg,150.0,128.62,192.93,6.87,21.77,9.07,0.13,18.17,59.59,normal,True,Master Food Database,,
food_92a2bbe7,hummus,Hummus,[],Legume,,,,Veg,150.0,60.0,90.0,3.0,6.0,6.0,2.6666666666666665,0.0,130.0,normal,True,Master Food Database,,
food_39adc300,hummus wrap,Hummus Wrap,[],Meal/Vegetarian,,,,Veg,150.0,300.0,450.0,15.0,60.0,18.0,12.0,5.0,800.0,normal,True,Master Food Database,,
food_028a4428,hurum,Hurum,[],Breakfast,,East India,,Veg,180.0,122.2,220.0,7.0,32.0,7.0,3.0,0.0,0.0,normal,True,Master Food Database,,
food_b60e6245,hyderabadi biryani,Hyderabadi Biryani,[],Rice Dish,,,Telangana,Non-Veg,250.0,120.0,300.0,16.0,48.0,8.0,3.0,0.0,0.0,normal,True,Master Food Database,,
food_a7143dff,hyderabadi chicken,Hyderabadi Chicken,[],Chicken,,,Telangana,Non-Veg,180.0,166.7,300.0,33.0,5.0,18.0,2.0,0.0,0.0,normal,True,Master Food Database,,
food_73ed79ac,hyderabadi khatti dal,Hyderabadi Khatti Dal,[],Curry,,,Telangana,Veg,200.0,115.0,230.0,8.0,18.0,12.0,5.0,0.0,0.0,normal,True,Master Food Database,,
food_158ea6cd,ice box cookies,Ice box cookies,[],,,,,Veg,150.0,249.49333333333334,374.24,5.7,56.09,14.44,1.28,26.69,449.14,normal,True,Master Food Database,,
food_44bd1053,ice cream,Ice Cream,[],Dairy/Dessert,,,,Veg,75.0,193.33333333333334,145.0,2.5,17.0,7.5,0.5,16.0,55.0,normal,True,Master Food Database,,
food_5f9272db,iced tea,Iced tea,[],,,,,Veg,250.0,49.37866666666667,123.44666666666667,0.01,31.566666666666666,0.0033333333333333335,0.0,2.7,0.23,normal,True,Master Food Database,,
food_e87b157e,idiyappam,Idiyappam,[],Breakfast,,,Kerala,Veg,180.0,122.2,220.0,7.0,32.0,7.0,3.0,0.0,0.0,normal,True,Master Food Database,,
food_5625b957,idli,Idli,[],Breakfast,,,Tamil Nadu,Veg,180.0,112.03111111111112,192.51333333333332,6.213333333333334,30.72666666666667,4.776666666666666,2.77,0.0,0.0,normal,True,Master Food Database,,
food_97f72632,ilish bhape,Ilish Bhape,[],Fish,,East India,,Non-Veg,180.0,133.3,240.0,33.0,5.0,13.0,1.0,0.0,0.0,normal,True,Master Food Database,,
food_582faf9e,imarti,Imarti,[],Sweet,,,Uttar Pradesh,Veg,75.0,400.0,300.0,5.0,42.0,12.0,2.0,0.0,0.0,normal,True,Master Food Database,,
food_8b2bd0e0,imarti with rabri,Imarti With Rabri,[],Sweet,,North India,,Veg,75.0,400.0,300.0,5.0,42.0,12.0,2.0,0.0,0.0,normal,True,Master Food Database,,
food_1a55c7db,indian lamb and egg curry,Indian lamb and egg curry,['Nargisi kofta'],,,,,Non-Veg,200.0,167.875,335.75,3.84,2.07,34.7,0.6,0.75,57.44,normal,True,Master Food Database,,
food_03fc448b,indian omelette,Indian Omelette,[],Egg,,South India,,Non-Veg,100.0,160.0,160.0,20.0,3.0,10.0,1.0,0.0,0.0,normal,True,Master Food Database,,
food_493a3c56,indian style egg bhujia,Indian style egg bhujia,['Anda bhujia (Indian style'],,,,,Eggetarian,150.0,68.55333333333333,102.83,6.1,3.76,7.02,1.53,1.95,218.05,normal,True,Master Food Database,,
food_bb2f7881,indori kachori,Indori Kachori,[],Snack,,,Madhya Pradesh,Veg,100.0,280.0,280.0,6.0,32.0,14.0,3.0,0.0,0.0,normal,True,Master Food Database,,
food_2bfbe9f6,indori poha,Indori Poha,[],Breakfast,,,Madhya Pradesh,Veg,180.0,122.2,220.0,7.0,32.0,7.0,3.0,0.0,0.0,normal,True,Master Food Database,,
food_8f8ff1d9,indori samosa,Indori Samosa,[],Snack,,,Madhya Pradesh,Veg,100.0,280.0,280.0,6.0,32.0,14.0,3.0,0.0,0.0,normal,True,Master Food Database,,
food_d2c316a9,instant coffee,Instant coffee,[],,,,,Veg,250.0,9.264,23.16,0.64,3.65,0.75,0.0,3.62,4.92,normal,True,Master Food Database,,
food_9a5f9af2,instant dhokla,Instant dhokla,[],,,,,Veg,150.0,138.07333333333332,207.11,7.66,24.11,9.37,3.57,6.86,763.98,normal,True,Master Food Database,,
food_acd6078c,instant idli,Instant idli,['with semolina'],,,,,Veg,150.0,164.85999999999999,247.29,9.16,43.4,3.61,7.13,3.35,1504.66,normal,True,Master Food Database,,
food_c4d1d175,italian dressing,Italian Dressing,[],Condiment,,,,Veg,30.0,233.33333333333334,70.0,0.0,3.0,7.0,0.0,2.0,300.0,normal,True,Master Food Database,,
food_42a583b1,italian sausage,Italian Sausage,[],Protein/Meat,,,,Non-Veg,150.0,133.33333333333331,200.0,12.0,3.0,16.0,0.0,1.0,550.0,normal,True,Master Food Database,,
food_1328e2e7,jackfruit fritters,Jackfruit fritters,['Ponsa mulik/Kathal ka pakora'],,,,,Veg,150.0,398.52666666666664,597.79,2.34,24.0,54.41,1.5,11.48,46.39,normal,True,Master Food Database,,
food_16862a0f,jackfruit kofta curry,Jackfruit kofta curry,['Kathal ka kofta curry'],,,,,Veg,200.0,160.54,321.08,0.8,3.17,33.83,0.96,2.4,40.04,normal,True,Master Food Database,,
food_7f62839b,jackfruit sabzi,Jackfruit sabzi,['Kathal ki sabzi'],,,,,Veg,150.0,416.93333333333334,625.4,0.69,3.4,67.6,1.02,2.59,58.95,normal,True,Master Food Database,,
food_0ae9b140,jackfruit/kathal,Jackfruit/Kathal,['dry'],,,,,Veg,150.0,325.98,488.97,0.93,4.56,51.78,1.33,3.55,33.68,normal,True,Master Food Database,,
food_4fb7b6c7,jadoh,Jadoh,[],Rice Dish,,,Meghalaya,Non-Veg,250.0,120.0,300.0,16.0,48.0,8.0,3.0,0.0,0.0,normal,True,Master Food Database,,
food_7d5f0e93,jal jeera,Jal jeera,[],,,,,Veg,150.0,20.16,30.24,0.44,6.7,0.26,0.95,5.71,215.62,normal,True,Master Food Database,,
food_034fe8da,jalapeno,Jalapeno,[],Vegetable,,,,Veg,150.0,2.666666666666667,4.0,0.1,0.8,0.1,0.4,0.5,1.0,normal,True,Master Food Database,,
food_f086ee2e,jaleba,Jaleba,[],Sweet,,North India,,Veg,75.0,400.0,300.0,5.0,42.0,12.0,2.0,0.0,0.0,normal,True,Master Food Database,,
food_55603d09,jalebi,Jalebi,[],Sweet,,,Gujarat,Veg,75.0,400.0,300.0,5.0,42.0,12.0,2.0,0.0,0.0,normal,True,Master Food Database,,
food_d8413b56,jalfrezi,Jalfrezi,[],Curry,,North India,,Veg,200.0,115.0,230.0,8.0,18.0,12.0,5.0,0.0,0.0,normal,True,Master Food Database,,
food_9b521d40,jam and fruit pancake,Jam and fruit pancake,[],,,,,Veg,150.0,108.01333333333334,162.02,3.79,20.73,7.01,1.21,7.85,93.09,normal,True,Master Food Database,,
food_e5bcc11e,jam filling,Jam filling,[],,,,,Veg,150.0,123.08000000000001,184.62,0.0,46.15,0.0,0.0,41.54,0.0,normal,True,Master Food Database,,
food_a355b657,jam tart,Jam tart,[],,,,,Veg,150.0,240.48000000000002,360.72,4.42,46.18,17.35,1.14,14.74,70.34,normal,True,Master Food Database,,
food_eda285d9,jasmine rice,Jasmine Rice,[],Grain,,,,Veg,250.0,82.0,205.0,4.3,45.0,0.4,0.6,0.0,2.0,normal,True,Master Food Database,,
food_2767afa7,jeera aloo,Jeera Aloo,[],Vegetable,,West India,,Veg,150.0,86.7,130.0,4.0,15.0,5.0,5.0,0.0,0.0,normal,True,Master Food Database,,
food_8192e8ae,jellied sunshine fruit salad,Jellied sunshine fruit salad,[],,,,,Veg,150.0,32.57333333333333,48.86,5.85,4.21,0.85,1.8,2.86,74.2,normal,True,Master Food Database,,
food_327b4bda,jelly,Jelly,[],Condiment,,,,Veg,30.0,166.66666666666669,50.0,0.0,13.0,0.0,0.1,12.0,5.0,normal,True,Master Food Database,,
food_95d159be,jelly biscuit,Jelly biscuit,[],,,,,Veg,150.0,269.74,404.61,4.23,55.24,19.33,2.02,29.76,110.57,normal,True,Master Food Database,,
food_3f86b9d5,jhangore ki kheer,Jhangore Ki Kheer,[],Sweet,,,Uttarakhand,Veg,75.0,400.0,300.0,5.0,42.0,12.0,2.0,0.0,0.0,normal,True,Master Food Database,,
food_4cb366dc,jhatpat achar with carrot,Jhatpat achar with carrot,['Jhatpat achaar gajar ke saath'],,,,,Veg,150.0,60.806666666666665,91.21,1.98,6.32,6.55,5.08,3.04,2067.33,normal,True,Master Food Database,,
food_19d37c6f,jicama,Jicama,[],Vegetable,,,,Veg,150.0,30.666666666666664,46.0,0.9,10.6,0.1,5.8,2.1,5.0,normal,True,Master Food Database,,
food_82790c4b,jonna roti,Jonna Roti,[],Bread,,,Telangana,Veg,80.0,312.5,250.0,7.0,42.0,7.0,3.0,0.0,0.0,normal,True,Master Food Database,,
food_e3c50253,jowar dosa,Jowar dosa,[],,,,,Veg,150.0,196.23333333333335,294.35,8.5,40.53,10.28,5.56,0.59,97.25,normal,True,Master Food Database,,
food_ebebd4fc,junglee maas,Junglee Maas,[],Meat,,,Rajasthan,Non-Veg,180.0,194.4,350.0,32.0,3.0,25.0,2.0,0.0,0.0,normal,True,Master Food Database,,
food_8c24c9f6,juvar no rotlo,Juvar No Rotlo,[],Bread,,West India,,Veg,80.0,312.5,250.0,7.0,42.0,7.0,3.0,0.0,0.0,normal,True,Master Food Database,,
food_a3cf8e0e,kaara kozhambu,Kaara Kozhambu,[],Curry,,South India,,Veg,200.0,115.0,230.0,8.0,18.0,12.0,5.0,0.0,0.0,normal,True,Master Food Database,,
food_f628df43,kabiraji,Kabiraji,[],Chicken,,East India,,Non-Veg,180.0,166.7,300.0,33.0,10.0,18.0,2.0,0.0,0.0,normal,True,Master Food Database,,
food_61b6de9b,kabuli channa curry,Kabuli channa curry,[],,,,,Veg,200.0,34.285,68.57,2.92,7.63,3.06,1.12,1.24,122.05,normal,True,Master Food Database,,
food_ecaddc97,kachori,Kachori,[],Snack,,,Gujarat,Veg,100.0,280.0,280.0,6.0,32.0,14.0,3.0,0.0,0.0,normal,True,Master Food Database,,
food_d2d550d4,kachori sabzi,Kachori Sabzi,[],Breakfast,,,Uttar Pradesh,Veg,180.0,122.2,220.0,7.0,32.0,7.0,3.0,0.0,0.0,normal,True,Master Food Database,,
food_b7c57a2f,kadai paneer,Kadai Paneer,[],Curry,,North India,,Veg,200.0,115.0,230.0,8.0,18.0,12.0,5.0,0.0,0.0,normal,True,Master Food Database,,
food_95587156,kadhai paneer,Kadhai Paneer,[],,,,,Veg,150.0,71.99333333333333,107.99,4.33,7.34,6.81,2.07,5.54,144.33,normal,True,Master Food Database,,
food_fb4e9ff4,kadhi and khichdi,Kadhi And Khichdi,[],Main Dish,,North India,,Veg,250.0,120.0,300.0,10.0,40.0,10.0,6.0,0.0,0.0,normal,True,Master Food Database,,
food_5b4141d6,kadhi pakoda,Kadhi Pakoda,[],Curry,,North India,,Veg,200.0,115.0,230.0,8.0,18.0,12.0,5.0,0.0,0.0,normal,True,Master Food Database,,
food_6725f0e7,kadhi pakora,Kadhi Pakora,[],Curry,,,Haryana,Veg,200.0,115.0,230.0,8.0,18.0,12.0,5.0,0.0,0.0,normal,True,Master Food Database,,
food_29dfb69b,kafuli,Kafuli,[],Main Dish,,,Uttarakhand,Veg,200.0,140.0,280.0,9.0,30.0,12.0,6.0,0.0,0.0,normal,True,Master Food Database,,
food_ed505891,kahwa,Kahwa,[],Drink,,,Jammu and Kashmir,Veg,250.0,48.0,120.0,4.0,18.0,4.0,1.0,0.0,0.0,normal,True,Master Food Database,,
food_e04657c0,kakori kebab,Kakori Kebab,[],Meat,,,Uttar Pradesh,Non-Veg,180.0,194.4,350.0,32.0,3.0,25.0,2.0,0.0,0.0,normal,True,Master Food Database,,
food_17a844b6,kale,Kale,[],Vegetable,,,,Veg,150.0,22.0,33.0,2.9,6.0,0.6,2.0,1.0,29.0,normal,True,Master Food Database,,
food_24d5d61e,kale salad,Kale salad,[],,,,,Veg,150.0,118.47333333333334,177.71,4.86,5.01,15.33,1.36,3.31,292.04,normal,True,Master Food Database,,
food_10a84b03,kangshoi,Kangshoi,[],Curry,,,Manipur,Veg,200.0,115.0,230.0,8.0,18.0,12.0,5.0,0.0,0.0,normal,True,Master Food Database,,
food_9dc4db70,kanji,Kanji,[],Main Dish,,South India,,Veg,250.0,120.0,300.0,10.0,40.0,10.0,6.0,0.0,0.0,normal,True,Master Food Database,,
food_c53cf1ed,kansar,Kansar,[],Sweet,,West India,,Veg,75.0,400.0,300.0,5.0,42.0,12.0,2.0,0.0,0.0,normal,True,Master Food Database,,
food_0e70eb7a,karanji,Karanji,[],Sweet,,West India,,Veg,75.0,400.0,300.0,5.0,42.0,12.0,2.0,0.0,0.0,normal,True,Master Food Database,,
food_eef2040e,karela bharta,Karela Bharta,[],Vegetable,,North India,,Veg,150.0,86.7,130.0,4.0,15.0,5.0,5.0,0.0,0.0,normal,True,Master Food Database,,
food_4c027ba0,karela nu shak,Karela Nu Shak,[],Vegetable,,Unsorted,,Veg,150.0,86.7,130.0,4.0,15.0,5.0,5.0,0.0,0.0,normal,True,Master Food Database,,
food_1480ae2b,karimeen pollichathu,Karimeen Pollichathu,[],Fish,,,Kerala,Non-Veg,180.0,133.3,240.0,33.0,0.0,13.0,1.0,0.0,0.0,normal,True,Master Food Database,,
food_c96cffd6,kashmiri 'tahar',Kashmiri 'tahar',[],,,,,Veg,150.0,65.47333333333333,98.21,1.95,19.11,1.37,0.98,0.17,61.29,normal,True,Master Food Database,,
food_b380943e,kashmiri masala,Kashmiri masala,[],,,,,Veg,150.0,259.34666666666664,389.02,8.26,23.16,31.03,12.12,2.41,3106.14,normal,True,Master Food Database,,
food_bc65690a,kashmiri mutton koftas,Kashmiri mutton koftas,['Gushtaba'],,,,,Non-Veg,150.0,64.94666666666666,97.42,6.33,3.04,6.77,0.62,2.13,130.11,normal,True,Master Food Database,,
food_39cf52cb,kashmiri pulao,Kashmiri Pulao,[],Rice Dish,,,Jammu and Kashmir,Veg,250.0,120.0,300.0,8.0,48.0,8.0,3.0,0.0,0.0,normal,True,Master Food Database,,
food_381a9624,kashmiri tea,Kashmiri tea,['Kehwa'],,,,,Veg,250.0,9.959999999999999,24.9,0.17,5.23,0.51,0.16,5.14,0.29,normal,True,Master Food Database,,
food_40bc0bce,katha meetha petha,Katha Meetha Petha,[],Sweet,,North India,,Veg,75.0,400.0,300.0,5.0,42.0,12.0,2.0,0.0,0.0,normal,True,Master Food Database,,
food_fcbfbf74,kathi roll chicken,Kathi Roll Chicken,[],Street Food,,,West Bengal,Non-Veg,180.0,194.4,350.0,16.0,45.0,15.0,5.0,0.0,0.0,normal,True,Master Food Database,,
food_7a9301c1,kathi roll egg,Kathi Roll Egg,[],Street Food,,,West Bengal,Non-Veg,180.0,194.4,350.0,16.0,45.0,15.0,5.0,0.0,0.0,normal,True,Master Food Database,,
food_110ef7f9,kathi roll paneer,Kathi Roll Paneer,[],Street Food,,,West Bengal,Veg,180.0,194.4,350.0,8.0,45.0,15.0,5.0,0.0,0.0,normal,True,Master Food Database,,
food_7f3098b1,kebabs,Kebabs,[],Meat,,,Delhi,Non-Veg,180.0,194.4,350.0,32.0,3.0,25.0,2.0,0.0,0.0,normal,True,Master Food Database,,
food_c4797071,keema kofta curry,Keema kofta curry,[],,,,,Non-Veg,200.0,77.225,154.45,9.77,5.64,10.39,1.51,2.14,311.51,normal,True,Master Food Database,,
food_0e26fc3e,keema pancake,Keema pancake,[],,,,,Non-Veg,150.0,117.51333333333334,176.27,9.01,9.56,11.25,0.84,2.2,125.4,normal,True,Master Food Database,,
food_d477f033,keema parantha/paratha,Keema parantha/paratha,[],,,,,Non-Veg,80.0,297.6125,238.09,9.41,18.36,13.91,3.44,0.99,140.62,normal,True,Master Food Database,,
food_cd77f470,keerai koottu,Keerai Koottu,[],Curry,,South India,,Veg,200.0,115.0,230.0,8.0,18.0,12.0,5.0,0.0,0.0,normal,True,Master Food Database,,
food_7a105a78,keerai masiyal,Keerai Masiyal,[],Vegetable,,South India,,Veg,150.0,86.7,130.0,4.0,15.0,5.0,5.0,0.0,0.0,normal,True,Master Food Database,,
food_623f177d,keerai poriyal,Keerai Poriyal,[],Vegetable,,South India,,Veg,150.0,86.7,130.0,4.0,15.0,5.0,5.0,0.0,0.0,normal,True,Master Food Database,,
food_c3f287ce,keerai sadam,Keerai Sadam,[],Rice Dish,,South India,,Veg,250.0,120.0,300.0,8.0,48.0,8.0,3.0,0.0,0.0,normal,True,Master Food Database,,
food_f3616865,kefir,Kefir,[],Beverage/Dairy,,,,Veg,250.0,41.6,104.0,10.0,10.0,2.5,0.0,9.0,100.0,normal,True,Master Food Database,,
food_bf49f84a,ker sangri,Ker Sangri,[],Main Dish,,,Rajasthan,Veg,200.0,140.0,280.0,9.0,30.0,12.0,6.0,0.0,0.0,normal,True,Master Food Database,,
food_537249e3,kerala beef fry,Kerala Beef Fry,[],Meat,,,Kerala,Non-Veg,180.0,194.4,350.0,32.0,5.5,25.0,2.0,0.0,0.0,normal,True,Master Food Database,,
food_a778f3bd,kerala chicken curry,Kerala Chicken Curry,[],Chicken,,,Kerala,Non-Veg,180.0,166.7,300.0,33.0,5.0,18.0,2.0,0.0,0.0,normal,True,Master Food Database,,
food_7d69afbb,kerala fish curry,Kerala Fish Curry,[],Fish,,,Kerala,Non-Veg,180.0,133.3,240.0,33.0,0.0,13.0,1.0,0.0,0.0,normal,True,Master Food Database,,
food_c8da1a24,kerala sadya,Kerala Sadya,[],Thali,,,Kerala,Veg,400.0,125.0,500.0,16.0,65.0,18.0,9.0,0.0,0.0,normal,True,Master Food Database,,
food_fb71c52d,keri no ras,Keri No Ras,[],Dessert,,West India,,Veg,100.0,280.0,280.0,5.0,35.0,12.0,2.0,0.0,0.0,normal,True,Master Food Database,,
food_b888fe77,kesari bat,Kesari Bat,[],Sweet,,South India,,Veg,75.0,400.0,300.0,5.0,42.0,12.0,2.0,0.0,0.0,normal,True,Master Food Database,,
food_644ef5cb,kesari bath,Kesari bath,[],,,,,Veg,150.0,163.04666666666668,244.57,2.4,31.38,12.59,1.65,20.16,1.7,normal,True,Master Food Database,,
food_07cfe496,ketchup,Ketchup,[],Condiment,,,,Veg,30.0,55.55555555555554,16.666666666666668,0.16666666666666666,4.166666666666667,0.06666666666666667,0.16666666666666666,4.0,160.0,normal,True,Master Food Database,,
food_d993977c,khaja,Khaja,[],Sweet,,,Bihar,Veg,75.0,400.0,300.0,5.0,42.0,12.0,2.0,0.0,0.0,normal,True,Master Food Database,,
food_7cb2d0c4,khakhra,Khakhra,[],Snack,,,Gujarat,Veg,100.0,226.33333333333334,246.16666666666666,5.593333333333334,30.55333333333333,11.106666666666667,3.81,0.0,0.0,normal,True,Master Food Database,,
food_15a57ad6,khakhra chaat,Khakhra chaat,[],,,,,Veg,150.0,239.10666666666665,358.66,4.52,16.64,30.65,3.04,3.26,102.78,normal,True,Master Food Database,,
food_350a1462,khaman,Khaman,['dhokla'],Snack,,,Gujarat,Veg,100.0,198.82888888888888,204.91,4.64,23.12,10.266666666666667,2.4966666666666666,0.0,0.0,normal,True,Master Food Database,,
food_10160b40,khandvi,Khandvi,[],Snack,,,Gujarat,Veg,100.0,280.0,280.0,6.0,32.0,14.0,3.0,0.0,0.0,normal,True,Master Food Database,,
food_9a19cf69,khar,Khar,[],Main Dish,,,Assam,Veg,200.0,140.0,210.0,6.5,23.0,9.0,5.0,0.0,0.0,normal,True,Master Food Database,,
food_2f60b5a8,kharoli,Kharoli,[],Pickle,,East India,,Veg,30.0,333.3,100.0,2.0,7.0,7.0,2.0,0.0,0.0,normal,True,Master Food Database,,
food_045694d6,khasta kachori,Khasta kachori,[],,,,,Veg,150.0,475.15333333333336,712.73,2.51,12.81,72.27,0.97,0.34,90.56,normal,True,Master Food Database,,
food_412f2e53,khatkhate,Khatkhate,[],Main Dish,,,Goa,Veg,200.0,140.0,280.0,9.0,30.0,12.0,6.0,0.0,0.0,normal,True,Master Food Database,,
food_d0373504,khatta channa,Khatta channa,[],,,,,Veg,150.0,135.04666666666668,202.57,6.3,21.14,10.56,5.26,4.75,513.32,normal,True,Master Food Database,,
food_ccd7b309,kheer,Kheer,[],Sweet,,,Uttar Pradesh,Veg,75.0,400.0,300.0,5.0,42.0,12.0,2.0,0.0,0.0,normal,True,Master Food Database,,
food_616eca86,kheer makhana,Kheer Makhana,[],Sweet,,,Bihar,Veg,75.0,400.0,300.0,5.0,42.0,12.0,2.0,0.0,0.0,normal,True,Master Food Database,,
food_25d12724,khichdi,Khichdi,[],Main Dish,,North India,,Veg,250.0,120.0,300.0,10.0,40.0,10.0,6.0,0.0,0.0,normal,True,Master Food Database,,
food_264de14f,khichdi kadhi,Khichdi Kadhi,[],Main Dish,,,Gujarat,Veg,200.0,140.0,280.0,9.0,30.0,12.0,6.0,0.0,0.0,normal,True,Master Food Database,,
food_8522aeb5,khichu,Khichu,[],Snack,,West India,,Veg,100.0,280.0,280.0,6.0,32.0,14.0,3.0,0.0,0.0,normal,True,Master Food Database,,
food_03ddf59d,khoa and coconut pancake,Khoa and coconut pancake,[],,,,,Veg,150.0,181.32000000000002,271.98,6.98,27.32,15.29,1.65,16.47,101.0,normal,True,Master Food Database,,
food_58c3e98d,khoa coconut burfi,Khoa coconut burfi,[],,,,,Veg,150.0,274.3,411.45,9.98,36.55,26.01,4.07,35.6,31.14,normal,True,Master Food Database,,
food_1c621eb0,khoa ladoo,Khoa ladoo,[],,,,,Veg,150.0,264.0133333333333,396.02,12.21,34.43,24.09,3.08,33.37,31.71,normal,True,Master Food Database,,
food_eba6a52d,khorisa,Khorisa,[],Pickle,,East India,,Veg,30.0,333.3,100.0,2.0,7.0,7.0,2.0,0.0,0.0,normal,True,Master Food Database,,
food_d32eb4f1,khoya paneer,Khoya Paneer,[],Curry,,North India,,Veg,200.0,115.0,230.0,8.0,18.0,12.0,5.0,0.0,0.0,normal,True,Master Food Database,,
food_2ff6ab47,khura,Khura,[],Bread,,,Arunachal Pradesh,Veg,80.0,312.5,250.0,7.0,42.0,7.0,3.0,0.0,0.0,normal,True,Master Food Database,,
food_6d0d4cdb,kibbeh,Kibbeh,[],Meal/Meat,,,,Veg,150.0,153.33333333333334,230.0,9.0,20.0,13.0,3.0,1.0,450.0,normal,True,Master Food Database,,
food_5d6c55d9,kidney bean curry,Kidney bean curry,['Rajmah curry'],,,,,Veg,200.0,71.865,143.73,5.95,16.38,5.77,5.83,2.49,354.6,normal,True,Master Food Database,,
food_bd4c7cb2,kidney bean sandwich with cottage cheese,Kidney bean sandwich with cottage cheese,[],,,,,Veg,100.0,176.64,176.64,9.85,18.86,6.84,3.66,3.69,97.97,normal,True,Master Food Database,,
food_9d9a0599,kimchi,Kimchi,[],Vegetable,,,,Veg,150.0,14.666666666666666,22.0,1.7,4.0,0.4,2.4,1.5,750.0,normal,True,Master Food Database,,
food_88dac4a2,kimchi jjigae,Kimchi Jjigae,[],Meal/Soup,,,,Veg,250.0,140.0,350.0,15.0,20.0,22.0,5.0,6.0,1200.0,normal,True,Master Food Database,,
food_7a249a75,kinema curry,Kinema Curry,[],Main Dish,,,Sikkim,Veg,200.0,140.0,280.0,9.0,30.0,12.0,6.0,0.0,0.0,normal,True,Master Food Database,,
food_578685be,kiwi granola pudding,Kiwi granola pudding,[],,,,,Veg,150.0,187.32666666666665,280.99,5.6,32.33,15.36,3.71,15.08,59.21,normal,True,Master Food Database,,
food_de49831c,kiwifruit,Kiwifruit,[],Fruit,,,,Veg,150.0,30.666666666666664,46.0,0.9,11.1,0.4,2.3,6.7,2.0,normal,True,Master Food Database,,
food_6a99107b,kodi vepudu,Kodi Vepudu,[],Chicken,,,Andhra Pradesh,Non-Veg,180.0,166.7,300.0,33.0,5.0,18.0,2.0,0.0,0.0,normal,True,Master Food Database,,
food_4ca508d4,kodubale,Kodubale,[],Snack,,South India,,Veg,100.0,280.0,280.0,6.0,32.0,14.0,3.0,0.0,0.0,normal,True,Master Food Database,,
food_4bee94ed,kofta,Kofta,[],Curry,,North India,,Veg,200.0,115.0,230.0,8.0,18.0,12.0,5.0,0.0,0.0,normal,True,Master Food Database,,
food_390ed962,koldil chicken,Koldil Chicken,[],Chicken,,East India,,Non-Veg,180.0,166.7,300.0,33.0,10.0,18.0,2.0,0.0,0.0,normal,True,Master Food Database,,
food_8239f23d,koldil duck,Koldil Duck,[],Meat,,East India,,Non-Veg,180.0,194.4,350.0,32.0,8.0,25.0,2.0,0.0,0.0,normal,True,Master Food Database,,
food_e944906c,kolhapuri akkha masoor dal,Kolhapuri Akkha Masoor Dal,[],Curry,,South India,,Veg,200.0,115.0,230.0,8.0,18.0,12.0,5.0,0.0,0.0,normal,True,Master Food Database,,
food_220979bf,kolhapuri chicken,Kolhapuri Chicken,[],Chicken,,,Maharashtra,Non-Veg,180.0,166.7,300.0,33.0,5.0,18.0,2.0,0.0,0.0,normal,True,Master Food Database,,
food_45bf2dd2,kolhapuri misal,Kolhapuri Misal,[],Street Food,,,Maharashtra,Veg,180.0,194.4,350.0,8.0,45.0,15.0,5.0,0.0,0.0,normal,True,Master Food Database,,
food_b64cb688,kolhapuri mutton,Kolhapuri Mutton,[],Meat,,,Maharashtra,Non-Veg,180.0,194.4,350.0,32.0,3.0,25.0,2.0,0.0,0.0,normal,True,Master Food Database,,
food_817da317,kolim / jawla,Kolim / Jawla,[],Fish,,West India,,Non-Veg,180.0,133.3,240.0,33.0,5.0,13.0,1.0,0.0,0.0,normal,True,Master Food Database,,
food_a561168c,kolkata biryani,Kolkata Biryani,[],Rice Dish,,,West Bengal,Non-Veg,250.0,120.0,300.0,16.0,48.0,8.0,3.0,0.0,0.0,normal,True,Master Food Database,,
food_4f043300,kombdi vade,Kombdi Vade,[],Chicken,,West India,,Non-Veg,180.0,166.7,300.0,33.0,10.0,18.0,2.0,0.0,0.0,normal,True,Master Food Database,,
food_2a3e6716,kombucha,Kombucha,[],Beverage,,,,Veg,250.0,18.0,45.0,0.0,10.5,0.0,0.0,6.0,10.0,normal,True,Master Food Database,,
food_ec8f10d9,konir dom,Konir Dom,[],Egg,,East India,,Non-Veg,100.0,160.0,160.0,20.0,3.0,10.0,1.0,0.0,0.0,normal,True,Master Food Database,,
food_8f9e3413,koottu,Koottu,[],Curry,,South India,,Veg,200.0,115.0,230.0,8.0,18.0,12.0,5.0,0.0,0.0,normal,True,Master Food Database,,
food_6e89a277,kootu,Kootu,[],Curry,,,Tamil Nadu,Veg,200.0,115.0,230.0,8.0,18.0,12.0,5.0,0.0,0.0,normal,True,Master Food Database,,
food_d6f710d6,kopra paak,Kopra Paak,[],Sweet,,West India,,Veg,75.0,400.0,300.0,5.0,42.0,12.0,2.0,0.0,0.0,normal,True,Master Food Database,,
food_a6f41687,kori gassi,Kori Gassi,[],Chicken,,,Karnataka,Non-Veg,180.0,166.7,300.0,33.0,5.0,18.0,2.0,0.0,0.0,normal,True,Master Food Database,,
food_f85d0a46,kori rotti,Kori Rotti,[],Main Dish,,South India,,Non-Veg,250.0,120.0,300.0,18.0,40.0,10.0,6.0,0.0,0.0,normal,True,Master Food Database,,
food_14a74191,korma,Korma,[],Meat,,,Uttar Pradesh,Non-Veg,180.0,194.4,350.0,32.0,3.0,25.0,2.0,0.0,0.0,normal,True,Master Food Database,,
food_951c9efd,kos kootu,Kos Kootu,[],Curry,,South India,,Veg,200.0,115.0,230.0,8.0,18.0,12.0,5.0,0.0,0.0,normal,True,Master Food Database,,
food_a63d8853,kosambari,Kosambari,[],Salad,,,Karnataka,Veg,200.0,50.0,100.0,4.0,12.0,3.0,4.0,0.0,0.0,normal,True,Master Food Database,,
food_7ad62676,kosha mangsho,Kosha Mangsho,[],Meat,,,West Bengal,Non-Veg,180.0,194.4,350.0,32.0,3.0,25.0,2.0,0.0,0.0,normal,True,Master Food Database,,
food_f7f1e90b,koshambri,Koshambri,[],Salad,,South India,,Veg,150.0,66.7,100.0,4.0,12.0,3.0,4.0,0.0,0.0,normal,True,Master Food Database,,
food_79bfc1b0,koshimbir,Koshimbir,[],Salad,,West India,,Veg,150.0,66.7,100.0,4.0,12.0,3.0,4.0,0.0,0.0,normal,True,Master Food Database,,
food_2398c886,kothamali sadam,Kothamali Sadam,[],Rice Dish,,South India,,Veg,250.0,120.0,300.0,8.0,48.0,8.0,3.0,0.0,0.0,normal,True,Master Food Database,,
food_1ca2fe9d,kothimbir vadi,Kothimbir Vadi,[],Snack,,,Maharashtra,Veg,100.0,280.0,280.0,6.0,32.0,14.0,3.0,0.0,0.0,normal,True,Master Food Database,,
food_f1cce708,kulfi,Kulfi,[],Sweet,,,Delhi,Veg,75.0,232.81,199.215,4.105,26.65,8.35,1.06,0.0,0.0,normal,True,Master Food Database,,
food_7c7808a6,kulfi falooda,Kulfi Falooda,[],Dessert,,North India,,Veg,100.0,280.0,280.0,5.0,35.0,12.0,2.0,0.0,0.0,normal,True,Master Food Database,,
food_1c025328,kullu trout,Kullu Trout,[],Fish,,,Himachal Pradesh,Non-Veg,180.0,133.3,240.0,33.0,0.0,13.0,1.0,0.0,0.0,normal,True,Master Food Database,,
food_f7cb4b33,kumaoni mutton,Kumaoni Mutton,[],Meat,,,Uttarakhand,Non-Veg,180.0,194.4,350.0,32.0,3.0,25.0,2.0,0.0,0.0,normal,True,Master Food Database,,
food_9c10db6d,kumaoni raita,Kumaoni Raita,[],Side Dish,,,Uttarakhand,Veg,100.0,140.0,140.0,4.0,16.0,6.0,4.0,0.0,0.0,normal,True,Master Food Database,,
food_64f18b46,kumol sawul,Kumol Sawul,[],Breakfast,,East India,,Veg,180.0,122.2,220.0,7.0,32.0,7.0,3.0,0.0,0.0,normal,True,Master Food Database,,
food_ae102559,kundapura chicken,Kundapura Chicken,[],Chicken,,,Karnataka,Non-Veg,180.0,166.7,300.0,33.0,5.0,18.0,2.0,0.0,0.0,normal,True,Master Food Database,,
food_1237c674,kuzhakkattai,Kuzhakkattai,[],Snack,,South India,,Veg,100.0,280.0,280.0,6.0,32.0,14.0,3.0,0.0,0.0,normal,True,Master Food Database,,
food_baa20af2,kuzhambu,Kuzhambu,[],Curry,,South India,,Veg,200.0,115.0,230.0,8.0,18.0,12.0,5.0,0.0,0.0,normal,True,Master Food Database,,
food_3371fea8,laal maas,Laal Maas,[],Meat,,,Rajasthan,Non-Veg,180.0,194.4,350.0,32.0,3.0,25.0,2.0,0.0,0.0,normal,True,Master Food Database,,
food_159ed502,laapsi,Laapsi,[],Sweet,,North India,,Veg,75.0,400.0,300.0,5.0,42.0,12.0,2.0,0.0,0.0,normal,True,Master Food Database,,
food_6d61b72e,labneh,Labneh,[],Dairy,,,,Veg,150.0,40.0,60.0,4.0,2.0,4.0,0.0,2.0,80.0,normal,True,Master Food Database,,
food_09b5c738,laddu,Laddu,[],Sweet,,West India,,Veg,75.0,400.0,300.0,5.0,42.0,12.0,2.0,0.0,0.0,normal,True,Master Food Database,,
food_d28db7ed,lai haq maas,Lai Haq Maas,[],Fish,,East India,,Non-Veg,180.0,133.3,240.0,33.0,5.0,13.0,1.0,0.0,0.0,normal,True,Master Food Database,,
food_c4857d35,lasagna,Lasagna,[],Meal/Pasta,,,,Veg,150.0,233.33333333333334,350.0,20.0,30.0,17.0,4.0,7.0,850.0,normal,True,Master Food Database,,
food_ca7161e6,lasagne with meat sauce,Lasagne with meat sauce,[],,,,,Non-Veg,150.0,42.25333333333334,63.38,2.9,5.38,3.43,0.47,1.04,37.08,normal,True,Master Food Database,,
food_374e35be,lasagne with vegetables,Lasagne with vegetables,[],,,,,Veg,150.0,32.82,49.23,1.71,5.9,2.16,0.66,1.37,40.78,normal,True,Master Food Database,,
food_3e5d3106,lassi,Lassi,['salted'],Drink,,,Punjab,Veg,250.0,42.512,106.28000000000002,3.4499999999999997,16.62,2.9066666666666663,0.6733333333333333,0.0,0.0,normal,True,Master Food Database,,
food_2084516b,lauki ke kofte,Lauki Ke Kofte,[],Curry,,North India,,Veg,200.0,115.0,230.0,8.0,18.0,12.0,5.0,0.0,0.0,normal,True,Master Food Database,,
food_1b9046fd,lauki ki bhaaji,Lauki Ki Bhaaji,[],Vegetable,,North India,,Veg,150.0,86.7,130.0,4.0,15.0,5.0,5.0,0.0,0.0,normal,True,Master Food Database,,
food_5e8ff6b3,lem-o-gin,Lem-o-gin,[],,,,,Veg,150.0,14.346666666666666,21.52,0.08,5.55,0.03,0.13,5.38,28.13,normal,True,Master Food Database,,
food_50ba46db,lemon and ginger squash,Lemon and ginger squash,['Nimbu aur adrak ka squash'],,,,,Veg,150.0,113.55999999999999,170.34,0.54,44.06,0.21,1.07,42.53,16.19,normal,True,Master Food Database,,
food_00ac6399,lemon bar,Lemon Bar,[],Dessert,,,,Veg,75.0,200.0,150.0,1.5,22.0,6.0,0.5,15.0,80.0,normal,True,Master Food Database,,
food_5b037542,lemon butter fish,Lemon butter fish,[],,,,,Non-Veg,150.0,106.83333333333334,160.25,16.38,0.75,10.26,0.36,0.23,187.72,normal,True,Master Food Database,,
food_fcf07c42,lemon cake,Lemon cake,[],,,,,Veg,150.0,249.23333333333332,373.85,5.29,43.1,20.63,0.62,25.84,151.29,normal,True,Master Food Database,,
food_b99f3f7c,lemon chicken,Lemon chicken,[],,,,,Non-Veg,150.0,113.19333333333333,169.79,20.2,0.55,9.66,0.16,0.16,79.93,normal,True,Master Food Database,,
food_86a9948a,lemon chiffon pie,Lemon chiffon pie,[],,,,,Veg,150.0,172.87333333333333,259.31,4.88,27.63,14.52,0.66,11.39,94.95,normal,True,Master Food Database,,
food_9dd397df,lemon cookies,Lemon cookies,[],,,,,Veg,150.0,262.9866666666667,394.48,5.63,42.19,23.02,0.78,23.47,84.71,normal,True,Master Food Database,,
food_d6027606,lemon coriander soup,Lemon coriander soup,[],,,,,Eggetarian,250.0,43.224000000000004,108.06,2.27,10.32,6.26,6.77,2.2,219.17,normal,True,Master Food Database,,
food_1dce7632,lemon curd filling,Lemon curd filling,[],,,,,Veg,150.0,150.41333333333333,225.62,3.43,26.41,12.58,0.0,26.13,34.9,normal,True,Master Food Database,,
food_cb941dff,lemon green chilli pickle,Lemon green chilli pickle,['Nimboo aur hari mirch ka achaar'],,,,,Veg,30.0,46.900000000000006,14.07,0.85,2.14,0.24,1.07,1.0,7559.38,normal,True,Master Food Database,,
food_f33e9c23,lemon juice,Lemon Juice,[],Condiment,,,,Veg,250.0,1.0,2.5,0.05,0.8500000000000001,0.0,0.05,0.2,0.0,normal,True,Master Food Database,,
food_598b61c5,lemon meringue pie,Lemon meringue pie,[],,,,,Veg,150.0,149.62,224.43,3.88,35.11,8.16,0.44,21.17,85.12,normal,True,Master Food Database,,
food_5e573a9d,lemon rice,Lemon Rice,"['Pulihora', 'Elumichai sadam', 'Chitranna']",Rice Dish,,,Tamil Nadu,Veg,250.0,95.26,238.15,6.13,34.81,7.9399999999999995,2.76,0.0,0.0,normal,True,Master Food Database,,
food_f275bd92,lemon slice,Lemon Slice,[],Condiment,,,,Veg,30.0,3.3333333333333335,1.0,0.0,0.3,0.0,0.1,0.1,0.0,normal,True,Master Food Database,,
food_44c73dac,lemon souffle,Lemon souffle,[],,,,,Veg,150.0,112.33999999999999,168.51,6.95,13.43,10.02,0.0,11.67,50.73,normal,True,Master Food Database,,
food_b40b4b39,lemon squash,Lemon squash,['Nimbu ka squash'],,,,,Veg,150.0,123.03999999999999,184.56,0.15,48.88,0.06,0.0,48.88,15.01,normal,True,Master Food Database,,
food_58e36fa5,lemon tart,Lemon tart,[],,,,,Veg,150.0,202.23333333333335,303.35,6.12,30.68,17.45,0.81,10.68,76.09,normal,True,Master Food Database,,
food_31df80d7,lemon wedge,Lemon Wedge,[],Condiment,,,,Veg,30.0,10.0,3.0,0.1,1.0,0.0,0.3,0.2,0.0,normal,True,Master Food Database,,
food_1cfbc2b0,lemonade,Lemonade,[],,,,,Veg,150.0,26.733333333333334,59.9,0.065,15.74,0.005,0.060000000000000005,5.47,28.52,normal,True,Master Food Database,,
food_cbf8f341,lentil soup,Lentil soup,[],,,,,Veg,250.0,61.48933333333334,153.72333333333333,11.549999999999999,22.98,6.56,8.19,1.06,10418.84,normal,True,Master Food Database,,
food_11c39c50,lentils and semolina porridge,Lentils and semolina porridge,['Dal suji porridge/daliya'],,,,,Veg,150.0,78.19333333333334,117.29,3.26,23.19,1.06,1.44,13.84,9.64,normal,True,Master Food Database,,
food_3da9b50b,lentils and wheat porridge,Lentils and wheat porridge,['Dal wheat porridge/daliya'],,,,,Veg,150.0,35.026666666666664,52.54,2.71,8.36,0.94,1.28,0.92,62.79,normal,True,Master Food Database,,
food_1eb80dcb,lettuce,Lettuce,[],Vegetable,,,,Veg,150.0,10.666666666666668,16.0,1.0,3.0,0.3,2.0,1.0,10.0,normal,True,Master Food Database,,
food_389535f8,lichi squash,Lichi squash,[],,,,,Veg,150.0,132.22,198.33,0.3,51.96,0.08,0.41,51.31,14.56,normal,True,Master Food Database,,
food_4c93ce4e,lilva kachori,Lilva Kachori,[],Snack,,,Gujarat,Veg,100.0,280.0,280.0,6.0,32.0,14.0,3.0,0.0,0.0,normal,True,Master Food Database,,
food_50f37078,lime,Lime,[],Condiment,,,,Veg,30.0,36.666666666666664,11.0,0.2,3.7,0.0,0.4,0.7,1.0,normal,True,Master Food Database,,
food_6415fb88,lime juice,Lime Juice,[],Condiment,,,,Veg,250.0,1.6,4.0,0.1,1.3,0.0,0.1,0.2,0.0,normal,True,Master Food Database,,
food_eddd9161,lime wedge,Lime Wedge,[],Condiment,,,,Veg,30.0,10.0,3.0,0.1,1.0,0.0,0.3,0.2,0.0,normal,True,Master Food Database,,
food_cf1b4644,limoncello,Limoncello,[],Beverage,,,,Veg,250.0,60.0,150.0,0.0,18.0,0.0,0.0,18.0,0.0,normal,True,Master Food Database,,
food_6589f03d,litti,Litti,[],Bread,,,Bihar,Veg,80.0,216.25,275.0,8.5,41.0,8.5,4.5,0.0,0.0,normal,True,Master Food Database,,
food_4bbd3111,litti chokha,Litti Chokha,[],Main Dish,,,Bihar,Veg,200.0,130.0,290.0,9.5,35.0,11.0,6.0,0.0,0.0,normal,True,Master Food Database,,
food_1fdd2241,lobia curry,Lobia curry,[],,,,,Veg,200.0,74.495,148.99,6.06,17.88,5.62,4.57,2.51,355.41,normal,True,Master Food Database,,
food_5399b9eb,lobiya,Lobiya,[],Curry,,North India,,Veg,200.0,115.0,230.0,8.0,18.0,12.0,5.0,0.0,0.0,normal,True,Master Food Database,,
food_fd9f9f8b,lobster,Lobster,[],Protein/Seafood,,,,Veg,150.0,50.66666666666667,76.0,16.0,0.0,0.7,0.0,0.0,250.0,normal,True,Master Food Database,,
food_ae8a1858,lobster bisque,Lobster Bisque,[],Meal/Seafood,,,,Veg,150.0,166.66666666666669,250.0,8.0,12.0,18.0,1.0,3.0,850.0,normal,True,Master Food Database,,
food_e9989a75,locha,Locha,[],Snack,,West India,,Veg,100.0,280.0,280.0,6.0,32.0,14.0,3.0,0.0,0.0,normal,True,Master Food Database,,
food_d8048a93,lomo saltado,Lomo Saltado,[],Meal/Meat,,,,Veg,150.0,333.33333333333337,500.0,35.0,45.0,22.0,5.0,6.0,1100.0,normal,True,Master Food Database,,
food_40511acf,loskora,Loskora,[],Sweet,,East India,,Veg,75.0,400.0,300.0,5.0,42.0,12.0,2.0,0.0,0.0,normal,True,Master Food Database,,
food_2bc7be5a,lotus seed halwa,Lotus seed halwa,['Kamal gattay ka halwa'],,,,,Veg,150.0,247.03333333333336,370.55,7.79,39.56,20.69,0.42,9.8,3.06,normal,True,Master Food Database,,
food_75280ed3,lotus stem curry,Lotus stem curry,['Kamal kakdi curry'],,,,,Veg,200.0,55.169999999999995,110.34,1.53,9.24,7.25,3.14,2.09,217.05,normal,True,Master Food Database,,
food_79e900e1,lotus stem kofta curry,Lotus stem kofta curry,['Kamal kakdi kofta curry'],,,,,Veg,200.0,316.78,633.56,0.96,5.01,67.76,1.01,0.88,108.61,normal,True,Master Food Database,,
food_6055c45d,lotus stem pickle,Lotus stem pickle,['Kamal kakdi ka achar'],,,,,Veg,30.0,342.3,102.69,1.44,20.07,1.6,8.58,2.53,181.83,normal,True,Master Food Database,,
food_fd5337ed,low calorie quick mayonnaise,Low calorie quick mayonnaise,[],,,,,Veg,150.0,161.92666666666668,242.89,1.41,4.71,24.35,0.06,0.83,165.94,normal,True,Master Food Database,,
food_1dd2a9a8,luchi,Luchi,[],Bread,,,West Bengal,Veg,80.0,312.5,250.0,7.0,42.0,7.0,3.0,0.0,0.0,normal,True,Master Food Database,,
food_02b0ad57,lucknowi biryani,Lucknowi Biryani,[],Rice Dish,,,Uttar Pradesh,Non-Veg,250.0,120.0,300.0,16.0,48.0,8.0,3.0,0.0,0.0,normal,True,Master Food Database,,
food_96a6b57b,maa chaane ki dal,Maa chaane ki dal,[],,,,,Veg,200.0,172.335,344.67,19.8,43.11,9.5,13.45,1.05,43.31,normal,True,Master Food Database,,
food_0914373c,maasor tenga,Maasor Tenga,[],Fish,,East India,,Non-Veg,180.0,133.3,240.0,33.0,5.0,13.0,1.0,0.0,0.0,normal,True,Master Food Database,,
food_1537f22d,macadamia nuts,Macadamia Nuts,[],Nut,,,,Veg,150.0,136.0,204.0,2.2,3.9,21.5,2.4,1.3,1.0,normal,True,Master Food Database,,
food_81163e15,macaroni & cheese,Macaroni & Cheese,[],Meal/Pasta,,,,Veg,150.0,233.33333333333334,350.0,10.0,40.0,17.0,2.0,5.0,750.0,normal,True,Master Food Database,,
food_688560f2,macaroni salad,Macaroni salad,[],,,,,Veg,150.0,214.06333333333333,321.095,6.51,25.814999999999998,21.39,1.78,3.73,163.99,normal,True,Master Food Database,,
food_8b41a0f3,macha besara,Macha Besara,[],Fish,,,Odisha,Non-Veg,180.0,133.3,240.0,33.0,0.0,13.0,1.0,0.0,0.0,normal,True,Master Food Database,,
food_add773c8,macha ghanta,Macha Ghanta,[],Fish,,,Odisha,Non-Veg,180.0,133.3,240.0,33.0,0.0,13.0,1.0,0.0,0.0,normal,True,Master Food Database,,
food_c0463cad,macha tarkari,Macha Tarkari,[],Fish,,,Odisha,Non-Veg,180.0,133.3,240.0,33.0,0.0,13.0,1.0,0.0,0.0,normal,True,Master Food Database,,
food_fec3550b,macher jhol,Macher Jhol,[],Fish,,,West Bengal,Non-Veg,180.0,133.3,240.0,33.0,0.0,13.0,1.0,0.0,0.0,normal,True,Master Food Database,,
food_938d1436,machher jhol,Machher Jhol,[],Fish,,North East India,,Non-Veg,180.0,133.3,240.0,33.0,5.0,13.0,1.0,0.0,0.0,normal,True,Master Food Database,,
food_306513de,machhli jhor,Machhli Jhor,[],Fish,,,Bihar,Non-Veg,180.0,133.3,240.0,33.0,0.0,13.0,1.0,0.0,0.0,normal,True,Master Food Database,,
food_2debe63d,mackerel,Mackerel,[],Protein/Fish,,,,Veg,150.0,116.66666666666667,175.0,16.0,0.0,12.0,0.0,0.0,75.0,normal,True,Master Food Database,,
food_4673036f,macroni cheese pie,Macroni cheese pie,[],,,,,Veg,150.0,113.75333333333333,170.63,5.85,21.1,7.48,0.4,3.4,200.51,normal,True,Master Food Database,,
food_97b6539f,madra,Madra,[],Curry,,,Himachal Pradesh,Veg,200.0,115.0,230.0,8.0,18.0,12.0,5.0,0.0,0.0,normal,True,Master Food Database,,
food_5ec0539c,mag dhokli,Mag Dhokli,[],Main Dish,,West India,,Veg,250.0,120.0,300.0,10.0,40.0,10.0,6.0,0.0,0.0,normal,True,Master Food Database,,
food_baab4b6d,maghaz,Maghaz,[],Meat,,West India,,Non-Veg,180.0,194.4,350.0,32.0,8.0,25.0,2.0,0.0,0.0,normal,True,Master Food Database,,
food_2d98a478,maize porridge,Maize porridge,[],,,,,Veg,150.0,59.71333333333333,89.57,2.14,15.64,1.89,1.68,7.69,5.59,normal,True,Master Food Database,,
food_a280fb09,makhaan ka kheer,Makhaan Ka Kheer,[],Sweet,,North India,,Veg,75.0,400.0,300.0,5.0,42.0,12.0,2.0,0.0,0.0,normal,True,Master Food Database,,
food_b079b549,makhana kheer,Makhana kheer,[],,,,,Veg,150.0,71.89999999999999,107.85,3.31,12.88,5.0,0.11,11.54,23.4,normal,True,Master Food Database,,
food_e76389a7,makhaniya lassi,Makhaniya Lassi,[],Drink,,,Rajasthan,Veg,250.0,48.0,120.0,4.0,18.0,4.0,1.0,0.0,0.0,normal,True,Master Food Database,,
food_f7520be4,makki di roti,Makki Di Roti,[],Bread,,,Punjab,Veg,80.0,312.5,250.0,7.0,42.0,7.0,3.0,0.0,0.0,normal,True,Master Food Database,,
food_c02a1a27,makki ki roti,Makki ki roti,[],,,,,Veg,80.0,329.96250000000003,263.97,3.49,24.19,16.85,5.19,0.7,236.22,normal,True,Master Food Database,,
food_d525c639,makki ki roti sarson ka saag,Makki Ki Roti Sarson Ka Saag,[],Main Dish,,North India,,Veg,250.0,120.0,300.0,10.0,40.0,10.0,6.0,0.0,0.0,normal,True,Master Food Database,,
food_d9e0ac42,mal pua,Mal pua,[],,,,,Veg,150.0,377.78666666666663,566.68,1.71,17.56,54.64,0.62,11.77,6.35,normal,True,Master Food Database,,
food_dcbb0f7c,malabar chicken biryani,Malabar Chicken Biryani,[],Rice Dish,,,Kerala,Non-Veg,250.0,120.0,300.0,16.0,48.0,8.0,3.0,0.0,0.0,normal,True,Master Food Database,,
food_a29bf312,malabar parotta,Malabar Parotta,[],Bread,,,Kerala,Veg,80.0,312.5,250.0,7.0,42.0,7.0,3.0,0.0,0.0,normal,True,Master Food Database,,
food_97459567,malaiyo,Malaiyo,[],Sweet,,,Uttar Pradesh,Veg,75.0,400.0,300.0,5.0,42.0,12.0,2.0,0.0,0.0,normal,True,Master Food Database,,
food_2359f6c6,malpua,Malpua,[],Sweet,,,Bihar,Veg,75.0,400.0,300.0,5.0,42.0,12.0,2.0,0.0,0.0,normal,True,Master Food Database,,
food_06d4174c,malva pudding,Malva Pudding,[],Dessert,,,,Veg,75.0,506.66666666666663,380.0,5.0,60.0,14.0,2.0,40.0,350.0,normal,True,Master Food Database,,
food_4eb05f42,malvani chicken,Malvani Chicken,[],Chicken,,,Maharashtra,Non-Veg,180.0,166.7,300.0,33.0,5.0,18.0,2.0,0.0,0.0,normal,True,Master Food Database,,
food_c9a4e94d,malvani fish curry,Malvani Fish Curry,[],Fish,,,Maharashtra,Non-Veg,180.0,133.3,240.0,33.0,0.0,13.0,1.0,0.0,0.0,normal,True,Master Food Database,,
food_71028229,manakeesh,Manakeesh,[],Meal/Vegetarian,,,,Veg,150.0,200.0,300.0,7.0,45.0,10.0,4.0,2.0,500.0,normal,True,Master Food Database,,
food_e8b3ee08,mandarin orange,Mandarin Orange,[],Fruit,,,,Veg,150.0,24.666666666666668,37.0,0.6,9.3,0.2,1.3,7.3,1.0,normal,True,Master Food Database,,
food_e4099dd3,mandua roti,Mandua Roti,[],Bread,,,Uttarakhand,Veg,80.0,312.5,250.0,7.0,42.0,7.0,3.0,0.0,0.0,normal,True,Master Food Database,,
food_3a81fb81,mangalore buns,Mangalore Buns,[],Breakfast,,,Karnataka,Veg,180.0,122.2,220.0,7.0,32.0,7.0,3.0,0.0,0.0,normal,True,Master Food Database,,
food_d2e55883,mangalorean fish curry,Mangalorean Fish Curry,[],Fish,,,Karnataka,Non-Veg,180.0,133.3,240.0,33.0,0.0,13.0,1.0,0.0,0.0,normal,True,Master Food Database,,
food_628ca09d,mango,Mango,[],Fruit,,,,Veg,150.0,66.0,99.0,1.4,24.7,0.6,2.6,22.5,2.0,normal,True,Master Food Database,,
food_72d96127,mango cheesecake,Mango cheesecake,[],,,,,Veg,150.0,101.64,152.46,2.39,20.06,7.3,1.14,15.36,107.12,normal,True,Master Food Database,,
food_8cc0cf1d,mango ice cream,Mango ice cream,[],,,,,Veg,150.0,83.79333333333334,125.69,3.4,11.14,7.62,0.52,11.01,29.13,normal,True,Master Food Database,,
food_d391d5fd,mango malpua,Mango malpua,[],,,,,Veg,150.0,223.09333333333333,334.64,1.65,12.84,30.67,2.08,4.96,1.89,normal,True,Master Food Database,,
food_c165de17,mango milkshake,Mango milkshake,['Aam milkshake'],,,,,Veg,250.0,22.759999999999998,56.9,1.73,7.23,2.35,0.26,7.15,13.27,normal,True,Master Food Database,,
food_4cc2c677,mango milkshake with ice cream,Mango milkshake with ice cream,['Aam milkshake ice cream\xa0ke\xa0saath'],,,,,Veg,250.0,27.339999999999996,68.35,1.93,9.18,2.8,0.23,9.11,16.64,normal,True,Master Food Database,,
food_59da1929,mango mousse,Mango mousse,[],,,,,Veg,150.0,83.32000000000001,124.98,3.21,9.14,8.47,0.88,8.89,19.62,normal,True,Master Food Database,,
food_1b50ab8a,mango murabba candy,Mango murabba candy,[],,,,,Veg,150.0,195.5666666666667,293.35,0.27,77.32,0.05,0.95,74.73,13.71,normal,True,Master Food Database,,
food_8b5332df,mango pickle,Mango pickle,['Aam ka achaar'],,,,,Veg,30.0,640.4,192.12,1.6,8.11,17.89,3.68,1.79,3429.94,normal,True,Master Food Database,,
food_4d2b4306,mango raita,Mango raita,['Aam ka raita'],,,,,Veg,150.0,44.91333333333334,67.37,3.9,8.23,2.14,0.89,7.87,135.46,normal,True,Master Food Database,,
food_b3a14caa,mango squash,Mango squash,['Aam ka squash'],,,,,Veg,150.0,129.77333333333334,194.66,0.17,50.96,0.17,0.58,50.84,14.81,normal,True,Master Food Database,,
food_723989a6,mango vanilla custard,Mango vanilla custard,[],,,,,Veg,150.0,98.42,147.63,3.43,18.41,7.04,0.99,14.62,30.12,normal,True,Master Food Database,,
food_882e0c68,manicotti,Manicotti,[],Meal/Pasta,,,,Veg,150.0,253.33333333333331,380.0,20.0,35.0,18.0,4.0,7.0,650.0,normal,True,Master Food Database,,
food_797c504f,manipuri black rice pudding,Manipuri Black Rice Pudding,[],Sweet,,,Manipur,Veg,75.0,400.0,300.0,5.0,42.0,12.0,2.0,0.0,0.0,normal,True,Master Food Database,,
food_84d5fc22,maple syrup,Maple Syrup,[],Condiment,,,,Veg,30.0,288.8888888888889,86.66666666666667,0.0,22.5,0.0,0.0,24.0,2.0,normal,True,Master Food Database,,
food_e1d16c11,marble cake,Marble cake,[],,,,,Veg,150.0,236.07333333333335,354.11,6.3,46.88,16.27,0.71,27.56,138.48,normal,True,Master Food Database,,
food_e27d5193,marmalade,Marmalade,['Murabba'],,,,,Veg,150.0,95.83999999999999,143.76,0.23,37.64,0.04,0.43,37.29,2.16,normal,True,Master Food Database,,
food_efc965bd,marshmallow,Marshmallow,[],Dessert,,,,Veg,75.0,30.666666666666664,23.0,0.1,5.8,0.0,0.0,4.0,5.0,normal,True,Master Food Database,,
food_72de8875,masala arbi,Masala arbi,[],,,,,Veg,150.0,123.58666666666667,185.38,3.01,16.16,11.9,3.1,0.81,261.31,normal,True,Master Food Database,,
food_841fc90b,masala biscuit,Masala biscuit,[],,,,,Veg,150.0,262.4266666666667,393.64,6.06,45.18,20.75,2.14,6.82,714.52,normal,True,Master Food Database,,
food_6925ee8d,masala dosa,Masala Dosa,[],Breakfast,,,Tamil Nadu,Veg,180.0,118.04,201.52666666666667,5.763333333333333,27.856666666666666,7.28,2.84,0.0,0.0,normal,True,Master Food Database,,
food_26271e02,masala dosa mixed vegetable fillings,Masala dosa mixed vegetable fillings,[],,,,,Veg,150.0,96.35333333333334,144.53,4.84,23.02,3.26,4.31,1.53,122.08,normal,True,Master Food Database,,
food_f93c411d,masala dosa paneer fillings,Masala dosa paneer fillings,[],,,,,Veg,150.0,162.08,243.12,10.31,29.76,8.84,3.11,4.81,160.4,normal,True,Master Food Database,,
food_b1673ea3,masala green chilli pakora/pakoda,Masala green chilli pakora/pakoda,['Hari mirch kay pakode'],,,,,Veg,150.0,445.84000000000003,668.76,2.22,5.55,71.01,1.34,0.27,120.9,normal,True,Master Food Database,,
food_520e99c6,masala onion pakora/pakoda,Masala onion pakora/pakoda,['Pyaaz ke pakode'],,,,,Veg,150.0,367.76,551.64,2.05,6.48,57.61,1.44,1.58,99.22,normal,True,Master Food Database,,
food_47ee8cab,masala souffle,Masala souffle ,[],,,,,Veg,150.0,82.34,123.51,6.38,8.02,7.37,1.24,1.84,131.14,normal,True,Master Food Database,,
food_bf8e1456,masala urad dal vada,Masala urad dal vada,[],,,,,Veg,200.0,351.89,703.78,4.32,9.93,71.62,2.71,0.7,61.49,normal,True,Master Food Database,,
food_d657aef5,masala vada,Masala vada,[],,,,,Veg,150.0,550.6800000000001,826.02,1.69,4.06,89.15,1.07,0.24,74.53,normal,True,Master Food Database,,
food_7d6aaaed,mashed banana with milk,Mashed banana with milk,[],,,,,Veg,250.0,38.172,95.43,2.51,14.62,2.99,0.71,11.35,16.99,normal,True,Master Food Database,,
food_d2aa36e8,mashed cauliflower,Mashed Cauliflower,[],Vegetable,,,,Veg,150.0,93.33333333333333,140.0,5.0,12.0,8.0,5.0,4.0,400.0,normal,True,Master Food Database,,
food_77de9473,mashed potatoes,Mashed Potatoes,[],Vegetable,,,,Veg,150.0,135.55555555555557,203.33333333333334,3.6666666666666665,31.666666666666668,6.666666666666667,2.6666666666666665,2.0,350.0,normal,True,Master Food Database,,
food_05bf086f,masor koni,Masor Koni,[],Fish,,East India,,Non-Veg,180.0,133.3,240.0,33.0,5.0,13.0,1.0,0.0,0.0,normal,True,Master Food Database,,
food_771ec51e,masor petu,Masor Petu,[],Fish,,East India,,Non-Veg,180.0,133.3,240.0,33.0,5.0,13.0,1.0,0.0,0.0,normal,True,Master Food Database,,
food_baf6f970,masor tenga,Masor Tenga,[],Fish,,,Assam,Non-Veg,180.0,133.3,240.0,33.0,2.5,13.0,1.0,0.0,0.0,normal,True,Master Food Database,,
food_f13a6f8c,matar paneer,Matar Paneer,[],Curry,,North India,,Veg,200.0,115.0,230.0,8.0,18.0,12.0,5.0,0.0,0.0,normal,True,Master Food Database,,
food_c83064f6,matcha latte,Matcha Latte,[],Beverage,,,,Veg,250.0,72.0,180.0,6.0,28.0,5.0,2.0,25.0,90.0,normal,True,Master Food Database,,
food_dae25b8e,mate,Mate,[],Beverage,,,,Veg,250.0,2.0,5.0,0.2,1.0,0.0,0.0,0.0,2.0,normal,True,Master Food Database,,
food_e01b2460,mathri,Mathri,[],,,,,Veg,150.0,536.7466666666667,805.12,1.75,12.32,83.1,0.6,0.29,64.7,normal,True,Master Food Database,,
food_4762bdd8,mathura peda,Mathura Peda,[],Sweet,,North India,,Veg,75.0,400.0,300.0,5.0,42.0,12.0,2.0,0.0,0.0,normal,True,Master Food Database,,
food_1955d2e3,mawa bati,Mawa Bati,[],Sweet,,,Madhya Pradesh,Veg,75.0,400.0,300.0,5.0,42.0,12.0,2.0,0.0,0.0,normal,True,Master Food Database,,
food_be1564cb,mayonnaise,Mayonnaise,[],,,,,Veg,150.0,372.19111111111107,318.2866666666667,0.6866666666666666,0.6166666666666667,34.839999999999996,0.03666666666666667,1.44,272.89,normal,True,Master Food Database,,
food_13a626c2,mayonnaise vegetable dip,Mayonnaise vegetable dip,[],,,,,Veg,150.0,160.84666666666666,241.27,3.01,4.8,23.44,0.41,4.39,119.58,normal,True,Master Food Database,,
food_dd08c5cb,mayonnaise without eggs,Mayonnaise without eggs,[],,,,,Eggetarian,150.0,219.36666666666667,329.05,2.13,3.98,33.84,0.04,3.68,193.58,normal,True,Master Food Database,,
food_44fe5ef4,meat and macaroni casserole,Meat and macaroni casserole,[],,,,,Non-Veg,150.0,107.70000000000002,161.55,9.15,16.12,10.17,1.19,1.0,2511.99,normal,True,Master Food Database,,
food_700d227a,meat consomme,Meat consomme,['with mutton'],,,,,Non-Veg,150.0,19.840000000000003,29.76,14.86,0.51,13.68,0.71,0.24,12665.52,normal,True,Master Food Database,,
food_34e08ad1,meat stock,Meat stock,[],,,,,Non-Veg,150.0,16.32,24.48,2.1,0.0,1.78,0.0,0.0,8.62,normal,True,Master Food Database,,
food_7e7c2b24,meatball sub,Meatball Sub,[],Meal/Processed,,,,Non-Veg,150.0,386.6666666666667,580.0,28.0,55.0,27.0,6.0,10.0,1200.0,normal,True,Master Food Database,,
food_34b75826,media luna,Media Luna,[],Grain,,,,Veg,150.0,126.66666666666666,190.0,4.0,25.0,8.0,1.0,9.0,150.0,normal,True,Master Food Database,,
food_e97d0f49,meen kuzhambu,Meen Kuzhambu,[],Fish,,,Tamil Nadu,Non-Veg,180.0,133.3,240.0,33.0,0.0,13.0,1.0,0.0,0.0,normal,True,Master Food Database,,
food_919cb244,melted butter,Melted Butter,[],Condiment,,,,Veg,30.0,666.6666666666667,200.0,0.2,0.0,22.0,0.0,0.0,164.0,normal,True,Master Food Database,,
food_e5b93257,melting moments,Melting moments,[],,,,,Veg,150.0,291.94,437.91,5.71,55.84,21.78,1.88,25.0,119.09,normal,True,Master Food Database,,
food_af17e4a3,meringue and rice pudding,Meringue and rice pudding,[],,,,,Veg,250.0,45.172000000000004,112.93,4.84,14.6,4.05,0.17,10.87,44.16,normal,True,Master Food Database,,
food_6a523a1f,methi chaman,Methi chaman,[],,,,,Veg,150.0,317.08,475.62,1.54,2.78,50.91,0.53,1.79,54.94,normal,True,Master Food Database,,
food_71fdba23,methi malai paneer,Methi malai paneer,[],,,,,Veg,150.0,129.98666666666665,194.98,7.34,8.15,14.76,1.47,6.0,221.16,normal,True,Master Food Database,,
food_1495086a,methi na gota,Methi Na Gota,[],Snack,,West India,,Veg,100.0,280.0,280.0,6.0,32.0,14.0,3.0,0.0,0.0,normal,True,Master Food Database,,
food_475a931e,methi pakora/pakoda,Methi pakora/pakoda,['Methi ke pakode'],,,,,Veg,150.0,475.5,713.25,2.06,4.68,76.39,1.18,0.25,69.83,normal,True,Master Food Database,,
food_f13897fb,methi parantha/paratha,Methi parantha/paratha,[],,,,,Veg,80.0,185.45000000000002,148.36,4.27,22.19,4.34,5.09,2.44,48.36,normal,True,Master Food Database,,
food_e3bfd6c0,methi poori,Methi poori,[],,,,,Veg,150.0,473.3466666666667,710.02,1.45,7.98,74.6,1.61,0.26,35.37,normal,True,Master Food Database,,
food_e427aecb,methi saag,Methi Saag,[],Vegetable,,North India,,Veg,150.0,86.7,130.0,4.0,15.0,5.0,5.0,0.0,0.0,normal,True,Master Food Database,,
food_7951130d,methi thepla,Methi Thepla,[],Bread,,,Gujarat,Veg,80.0,271.63666666666666,298.08000000000004,7.99,41.67,11.475,5.279999999999999,0.0,0.0,normal,True,Master Food Database,,
food_0fd46348,mexican rice,Mexican rice,[],,,,,Veg,250.0,48.228,120.57,4.62,14.21,4.88,1.64,1.44,93.42,normal,True,Master Food Database,,
food_e31a794c,mignonette sauce,Mignonette Sauce,[],Condiment,,,,Veg,30.0,16.666666666666664,5.0,0.0,1.0,0.0,0.0,0.5,30.0,normal,True,Master Food Database,,
food_e119a196,milk cake,Milk cake,[],,,,,Veg,250.0,50.964,127.41,3.01,9.13,8.93,0.06,8.9,24.97,normal,True,Master Food Database,,
food_d1605f61,milk cookies,Milk cookies,[],,,,,Veg,250.0,183.772,459.43,10.49,48.43,24.96,0.99,22.06,156.53,normal,True,Master Food Database,,
food_f758a692,millet lapsi,Millet Lapsi,[],Sweet,,North India,,Veg,75.0,400.0,300.0,5.0,42.0,12.0,2.0,0.0,0.0,normal,True,Master Food Database,,
food_9508375b,millet soup,Millet soup,[],,,,,Veg,250.0,22.396,55.99,11.26,8.22,12.57,2.82,1.45,10918.83,normal,True,Master Food Database,,
food_79323aeb,minced meat ball curry,Minced meat ball curry,[],,,,,Non-Veg,200.0,54.895,109.79,6.82,2.86,7.85,1.49,1.27,170.06,normal,True,Master Food Database,,
food_d7f8f4dd,minced meat cutlet,Minced meat cutlet,[],,,,,Non-Veg,150.0,354.5733333333334,531.86,5.1,5.61,54.47,0.4,0.31,95.81,normal,True,Master Food Database,,
food_82cb82c5,minced meat pancake,Minced meat pancake,['with chicken'],,,,,Non-Veg,150.0,77.36000000000001,116.04,12.01,8.18,10.48,0.7,1.29,4942.18,normal,True,Master Food Database,,
food_74c796ea,minced meat patties,Minced meat patties,[],,,,,Non-Veg,150.0,177.14666666666668,265.72,6.88,15.25,19.57,0.77,0.88,252.18,normal,True,Master Food Database,,
food_6f6e3e49,minced meat pie,Minced meat pie,[],,,,,Non-Veg,150.0,147.70000000000002,221.55,7.38,18.11,13.04,2.33,1.42,127.85,normal,True,Master Food Database,,
food_7f007ff0,minced meat samosa,Minced meat samosa,['Keema ka samosa'],,,,,Non-Veg,150.0,413.99333333333334,620.99,4.43,6.14,64.26,0.39,0.5,88.64,normal,True,Master Food Database,,
food_a8c84351,minestrone soup,Minestrone soup,[],,,,,Veg,250.0,17.064,42.66,9.3,3.71,11.09,1.92,1.01,8875.06,normal,True,Master Food Database,,
food_81df8f3f,mint,Mint,[],Condiment,,,,Veg,30.0,3.3333333333333335,1.0,0.1,0.1,0.0,0.1,0.0,0.0,normal,True,Master Food Database,,
food_d2c13ed3,mint and coriander chutney,Mint and coriander chutney,['Pudinay aur dhaniye ki chutney'],,,,,Eggetarian,50.0,205.20000000000002,102.6,2.81,21.18,0.51,4.33,15.88,391.66,normal,True,Master Food Database,,
food_05bf7678,mint and peanut raita,Mint and peanut raita,['Pudinay aur moongfali ka raita'],,,,,Veg,150.0,74.7,112.05,7.05,7.31,6.19,1.79,6.17,223.01,normal,True,Master Food Database,,
food_fad455e7,mint and peanut sandwich,Mint and peanut sandwich,[],,,,,Veg,100.0,273.59,273.59,7.18,31.83,13.88,3.67,2.78,453.3,normal,True,Master Food Database,,
food_dd053457,mint chutney,Mint Chutney,[],Condiment,,,,Veg,50.0,10.0,5.0,0.2,0.5,0.0,0.3,0.2,150.0,normal,True,Master Food Database,,
food_ab9dbb8c,mint raita,Mint raita,['Pudinay ka raita'],,,,,Veg,150.0,51.72666666666667,77.59,5.64,7.65,2.96,0.34,7.48,274.38,normal,True,Master Food Database,,
food_26f19f64,mint tea,Mint Tea,[],Beverage,,,,Veg,250.0,0.8,2.0,0.1,0.5,0.0,0.0,0.0,5.0,normal,True,Master Food Database,,
food_20a27e86,mint tomato chutney,Mint tomato chutney,['Pudinay aur tamatar ki chutney'],,,,,Veg,50.0,87.3,43.65,1.53,8.22,0.36,2.63,5.48,183.98,normal,True,Master Food Database,,
food_07ce8282,mintade,Mintade,[],,,,,Veg,150.0,26.88,40.32,0.03,10.59,0.02,0.03,10.47,26.69,normal,True,Master Food Database,,
food_0bbed19b,mirchi bada,Mirchi Bada,[],Snack,,North India,,Veg,100.0,280.0,280.0,6.0,32.0,14.0,3.0,0.0,0.0,normal,True,Master Food Database,,
food_8606e8ce,mirchi bajji,Mirchi Bajji,[],Snack,,,Telangana,Veg,100.0,280.0,280.0,6.0,32.0,14.0,3.0,0.0,0.0,normal,True,Master Food Database,,
food_6aecec2b,mirchi vada,Mirchi Vada,[],Snack,,,Rajasthan,Veg,100.0,280.0,280.0,6.0,32.0,14.0,3.0,0.0,0.0,normal,True,Master Food Database,,
food_5c446d68,misa mach poora,Misa Mach Poora,[],Fish,,,Mizoram,Non-Veg,180.0,133.3,240.0,33.0,0.0,13.0,1.0,0.0,0.0,normal,True,Master Food Database,,
food_3ab2958c,misal pav,Misal Pav,[],Street Food,,,Maharashtra,Veg,180.0,194.4,350.0,8.0,45.0,15.0,5.0,0.0,0.0,normal,True,Master Food Database,,
food_8012e155,mishti chholar dal,Mishti Chholar Dal,[],Curry,,East India,,Veg,200.0,115.0,230.0,8.0,18.0,12.0,5.0,0.0,0.0,normal,True,Master Food Database,,
food_45b543ca,mishti doi,Mishti Doi,[],Sweet,,,West Bengal,Veg,75.0,400.0,300.0,5.0,42.0,12.0,2.0,0.0,0.0,normal,True,Master Food Database,,
food_91381801,missi roti,Missi Roti,[],Bread,,North India,,Veg,80.0,312.5,250.0,7.0,42.0,7.0,3.0,0.0,0.0,normal,True,Master Food Database,,
food_9e7ef667,mithe chawal,Mithe Chawal,[],Rice Dish,,,Haryana,Veg,250.0,120.0,300.0,8.0,48.0,8.0,3.0,0.0,0.0,normal,True,Master Food Database,,
food_d93a9403,mixed dal,Mixed dal,[],,,,,Veg,200.0,30.964999999999996,61.93,2.51,5.79,3.1,1.62,0.34,141.36,normal,True,Master Food Database,,
food_3343e006,mixed nuts,Mixed Nuts,[],Nut,,,,Veg,150.0,133.33333333333331,200.0,6.0,8.0,18.0,3.0,2.0,1.0,normal,True,Master Food Database,,
food_46e4263e,mixed pulse and vegetable salad,Mixed pulse and vegetable salad,[],,,,,Veg,150.0,55.413333333333334,83.12,4.74,13.96,0.84,2.96,1.36,127.78,normal,True,Master Food Database,,
food_f1446844,mixed stock,Mixed stock,[],,,,,Veg,150.0,16.793333333333337,25.19,2.06,0.33,1.71,0.15,0.2,9.51,normal,True,Master Food Database,,
food_d78ffca3,mixed vegetable,Mixed Vegetable,[],Vegetable,,North India,,Veg,150.0,86.7,130.0,4.0,15.0,5.0,5.0,0.0,0.0,normal,True,Master Food Database,,
food_6522ac70,mixed vegetable pakora/pakoda,Mixed vegetable pakora/pakoda,[],,,,,Veg,150.0,449.2066666666666,673.81,1.94,5.12,71.86,1.13,0.38,65.35,normal,True,Master Food Database,,
food_6430a6fb,mixed vegetable pickle,Mixed vegetable pickle,['Sabziyoon ka achaar'],,,,,Veg,150.0,140.79999999999998,211.2,1.9,7.48,19.68,2.76,2.77,2488.32,normal,True,Master Food Database,,
food_b4bb0827,mixed vegetable pulao,Mixed vegetable pulao,[],,,,,Veg,150.0,75.36666666666666,113.05,2.72,17.49,3.33,2.67,1.35,187.92,normal,True,Master Food Database,,
food_140813d3,mixed vegetable salad with curd sauce,Mixed vegetable salad with curd sauce,[],,,,,Veg,150.0,40.18666666666667,60.28,4.23,7.03,1.5,3.79,2.16,116.66,normal,True,Master Food Database,,
food_c2080694,mixed vegetable soup,Mixed vegetable soup,[],,,,,Veg,150.0,23.80666666666667,35.71,8.22,2.95,11.66,1.64,1.64,9202.27,normal,True,Master Food Database,,
food_b336726c,mizo chicken,Mizo Chicken,[],Chicken,,,Mizoram,Non-Veg,180.0,166.7,300.0,33.0,5.0,18.0,2.0,0.0,0.0,normal,True,Master Food Database,,
food_8ce2fa02,mizo rice,Mizo Rice,[],Rice Dish,,,Mizoram,Veg,250.0,120.0,300.0,8.0,48.0,8.0,3.0,0.0,0.0,normal,True,Master Food Database,,
food_9ae6728b,mocha latte,Mocha Latte,[],Beverage,,,,Veg,250.0,144.0,360.0,12.0,48.0,15.0,2.0,42.0,150.0,normal,True,Master Food Database,,
food_3368f403,modak,Modak,[],Sweet,,,Maharashtra,Veg,75.0,400.0,300.0,5.0,42.0,12.0,2.0,0.0,0.0,normal,True,Master Food Database,,
food_c18ad353,modur pulao,Modur Pulao,[],Rice Dish,,,Jammu and Kashmir,Veg,250.0,120.0,300.0,8.0,48.0,8.0,3.0,0.0,0.0,normal,True,Master Food Database,,
food_e5996951,mohan thaal,Mohan Thaal,[],Sweet,,West India,,Veg,75.0,400.0,300.0,5.0,42.0,12.0,2.0,0.0,0.0,normal,True,Master Food Database,,
food_dcf41a95,mohanthal,Mohanthal,[],Sweet,,,Gujarat,Veg,75.0,400.0,300.0,5.0,42.0,12.0,2.0,0.0,0.0,normal,True,Master Food Database,,
food_987955f0,momo,Momo,[],Snack,,East India,,Veg/Non-Veg,100.0,280.0,280.0,17.0,32.0,14.0,3.0,0.0,0.0,normal,True,Master Food Database,,
food_168baa1b,momos,Momos,[],Snack,,,Arunachal Pradesh,Veg,100.0,251.46666666666667,303.3333333333333,6.666666666666667,36.333333333333336,14.333333333333334,3.6666666666666665,0.0,0.0,normal,True,Master Food Database,,
food_867fe4d7,mooli bhujia,Mooli bhujia,[],,,,,Veg,150.0,60.8,91.2,1.69,4.74,7.25,2.36,1.07,89.73,normal,True,Master Food Database,,
food_0b16d51d,moong bean dosa,Moong bean dosa,['Pesarattu'],,,,,Veg,150.0,190.64,285.96,12.32,31.91,11.67,6.04,2.9,61.36,normal,True,Master Food Database,,
food_23e67a9e,moong dal halwa,Moong dal halwa,[],,,,,Veg,200.0,174.9,349.8,8.35,40.23,17.68,2.65,25.59,11.19,normal,True,Master Food Database,,
food_2efe232c,moong dal kheer,Moong dal kheer,[],,,,,Veg,200.0,38.58,77.16,2.95,9.89,2.97,0.4,7.92,16.34,normal,True,Master Food Database,,
food_2452a45f,moong dal ki lapsi,Moong Dal Ki Lapsi,[],Sweet,,North India,,Veg,75.0,400.0,300.0,5.0,42.0,12.0,2.0,0.0,0.0,normal,True,Master Food Database,,
food_db6562e3,moong dal mixture,Moong dal mixture,[],,,,,Veg,200.0,79.42,158.84,4.62,33.93,1.0,1.9,24.68,29.6,normal,True,Master Food Database,,
food_b2f109f3,moong dal stuffed cheela/chilla,Moong dal stuffed cheela/chilla,['Moong dal ka cheela/chilla'],,,,,Veg,200.0,77.445,154.89,6.97,19.42,5.11,4.25,1.11,267.23,normal,True,Master Food Database,,
food_af09d94e,moong dal with vadi,Moong dal with vadi,[],,,,,Veg,200.0,12.04,24.08,0.4,1.0,2.05,0.39,0.45,112.36,normal,True,Master Food Database,,
food_37bb1f69,mosdeng serma,Mosdeng Serma,[],Chutney,,,Tripura,Veg,50.0,200.0,100.0,2.0,8.0,6.0,3.0,0.0,0.0,normal,True,Master Food Database,,
food_5ec0f9d1,moti mahal dal,Moti mahal dal,['Urad rajmah mix dal'],,,,,Veg,200.0,51.565,103.13,3.93,8.74,5.66,3.38,1.7,157.61,normal,True,Master Food Database,,
food_d731d871,mozzarella,Mozzarella,[],Dairy,,,,Veg,150.0,44.44444444444445,66.66666666666667,5.0,0.8333333333333334,5.0,0.0,0.5,150.0,normal,True,Master Food Database,,
food_bbb27a27,muffin,Muffin,[],Grain/Dessert,,,,Veg,75.0,506.66666666666663,380.0,5.0,55.0,16.0,2.0,30.0,350.0,normal,True,Master Food Database,,
food_418aed1a,mughlai paratha,Mughlai Paratha,[],Bread,,,West Bengal,Non-Veg,80.0,312.5,250.0,15.0,42.0,7.0,3.0,0.0,0.0,normal,True,Master Food Database,,
food_c8809d91,mui borok,Mui Borok,[],Main Dish,,,Tripura,Veg,200.0,140.0,280.0,9.0,30.0,12.0,6.0,0.0,0.0,normal,True,Master Food Database,,
food_9dd9fd68,mulligatawny soup,Mulligatawny soup,[],,,,,Veg,250.0,21.768,54.42,11.26,8.24,13.28,2.6,1.26,11602.5,normal,True,Master Food Database,,
food_13241d3f,murgh musallam,Murgh Musallam,[],Chicken,,North India,,Non-Veg,180.0,166.7,300.0,33.0,10.0,18.0,2.0,0.0,0.0,normal,True,Master Food Database,,
food_17bd17be,muri naaru,Muri Naaru,[],Sweet,,East India,,Veg,75.0,400.0,300.0,5.0,42.0,12.0,2.0,0.0,0.0,normal,True,Master Food Database,,
food_9cb3fc17,murmura,Murmura,['Puffed rice'],,,,,Veg,150.0,75.54666666666667,113.32,3.62,15.67,4.04,0.28,7.31,22.52,normal,True,Master Food Database,,
food_78752af7,murmura chikki,Murmura chikki,[],,,,,Veg,150.0,169.21333333333334,253.82,2.12,59.59,0.32,0.37,48.27,15.03,normal,True,Master Food Database,,
food_796afc25,murukku,Murukku,[],Snack,,,Tamil Nadu,Veg,100.0,280.0,280.0,6.0,32.0,14.0,3.0,0.0,0.0,normal,True,Master Food Database,,
food_fa313a30,mushroom,Mushroom,[],Vegetable,,,,Veg,150.0,10.0,15.0,2.2,2.3,0.2,0.7,1.4,4.0,normal,True,Master Food Database,,
food_c46e8e6d,mushroom and cheese sandwich,Mushroom and cheese sandwich,['toasted'],,,,,Veg,100.0,227.42,227.42,7.79,21.01,13.01,2.28,2.11,456.57,normal,True,Master Food Database,,
food_d4c44bcf,mushroom do pyaza,Mushroom Do Pyaza,[],Curry,,North India,,Veg,200.0,115.0,230.0,8.0,18.0,12.0,5.0,0.0,0.0,normal,True,Master Food Database,,
food_7056bae7,mushroom matar,Mushroom matar,[],,,,,Veg,150.0,81.09,150.385,5.395,11.665,8.055,4.0649999999999995,1.39,61.63,normal,True,Master Food Database,,
food_0086c9d1,mushroom pulao,Mushroom pulao,[],,,,,Veg,250.0,49.71600000000001,124.29,2.52,19.02,4.03,1.88,1.0,222.36,normal,True,Master Food Database,,
food_3e9312bd,mushroom sauce,Mushroom sauce,[],,,,,Veg,150.0,91.70666666666666,137.56,3.39,7.31,10.51,0.47,3.86,20.94,normal,True,Master Food Database,,
food_6c3b2f9b,mussels,Mussels,[],Protein/Seafood,,,,Veg,150.0,97.33333333333334,146.0,20.0,6.0,4.0,0.0,0.0,310.0,normal,True,Master Food Database,,
food_e96553a8,mustard sauce,Mustard sauce,[],,,,,Veg,150.0,105.72000000000001,158.58,3.98,8.29,12.17,0.13,4.22,22.16,normal,True,Master Food Database,,
food_2216d5b9,mustard seeds baghar,Mustard seeds baghar,['Mustard seed tadka'],,,,,Veg,150.0,368.3933333333334,552.59,4.73,10.45,54.3,9.74,1.14,8.9,normal,True,Master Food Database,,
food_2768283b,muthia,Muthia,[],Snack,,,Chhattisgarh,Veg,100.0,280.0,280.0,6.0,32.0,14.0,3.0,0.0,0.0,normal,True,Master Food Database,,
food_6c51654a,muthiya,Muthiya,[],Snack,,West India,,Veg,100.0,280.0,280.0,6.0,32.0,14.0,3.0,0.0,0.0,normal,True,Master Food Database,,
food_86981641,mutton biryani,Mutton Biryani,[],Rice Dish,,,Gujarat,Non-Veg,250.0,120.0,300.0,16.0,48.0,8.0,3.0,0.0,0.0,normal,True,Master Food Database,,
food_7f79da2f,mutton biryani/biriyani,Mutton biryani/biriyani,[],,,,,Non-Veg,250.0,76.30399999999999,190.76,7.38,22.5,7.72,2.42,2.39,262.64,normal,True,Master Food Database,,
food_4648450f,mutton chops,Mutton chops,[],,,,,Non-Veg,150.0,442.4266666666667,663.64,4.03,1.48,71.31,0.17,0.42,51.03,normal,True,Master Food Database,,
food_253f28e0,mutton curry,Mutton Curry,[],Meat,,,Punjab,Non-Veg,180.0,194.4,350.0,32.0,3.0,25.0,2.0,0.0,0.0,normal,True,Master Food Database,,
food_c051685d,mutton do piaza,Mutton do piaza,[],,,,,Non-Veg,150.0,122.2,183.3,9.39,4.14,14.41,1.93,2.9,118.62,normal,True,Master Food Database,,
food_ac4cef0b,mutton jhol,Mutton Jhol,[],Meat,,,Jharkhand,Non-Veg,180.0,194.4,350.0,32.0,3.0,25.0,2.0,0.0,0.0,normal,True,Master Food Database,,
food_4161b923,mutton korma,Mutton Korma,[],Meat,,,Madhya Pradesh,Non-Veg,180.0,135.74666666666667,232.82,19.545,2.7649999999999997,16.77,1.3900000000000001,0.0,0.0,normal,True,Master Food Database,,
food_bb7bcaa9,mutton pulao,Mutton pulao,[],,,,,Non-Veg,250.0,52.308,130.77,6.52,11.26,10.78,1.65,1.0,3115.59,normal,True,Master Food Database,,
food_6991beb6,mutton samosa,Mutton Samosa,[],Snack,,,Gujarat,Non-Veg,100.0,280.0,280.0,14.0,32.0,14.0,3.0,0.0,0.0,normal,True,Master Food Database,,
food_862cdbac,mutton seekh kebab,Mutton seekh kebab,[],,,,,Non-Veg,150.0,89.29333333333334,133.94,11.25,3.11,8.43,1.88,1.4,102.17,normal,True,Master Food Database,,
food_a23df226,mutton tikka,Mutton Tikka,[],Meat,,,Punjab,Non-Veg,180.0,194.4,350.0,32.0,3.0,25.0,2.0,0.0,0.0,normal,True,Master Food Database,,
food_10e8c111,mutton yakhni,Mutton yakhni,[],,,,,Non-Veg,150.0,69.41999999999999,104.13,8.27,0.84,7.7,0.67,0.13,101.02,normal,True,Master Food Database,,
food_67453e73,mysore masala dosa,Mysore Masala Dosa,[],Breakfast,,,Karnataka,Veg,180.0,122.2,220.0,7.0,32.0,7.0,3.0,0.0,0.0,normal,True,Master Food Database,,
food_783f8126,mysore pak,Mysore Pak,[],Sweet,,,Karnataka,Veg,75.0,400.0,300.0,5.0,42.0,12.0,2.0,0.0,0.0,normal,True,Master Food Database,,
food_db76be5f,naan,Naan,[],,,,,Veg,80.0,335.28125,268.225,7.525,46.875,5.995,2.455,5.59,326.11,normal,True,Master Food Database,,
food_e139c7e5,naan bread,Naan Bread,[],Grain,,,,Veg,80.0,325.0,260.0,8.0,45.0,5.0,2.0,3.0,450.0,normal,True,Master Food Database,,
food_51c466b4,naan khatai,Naan Khatai,[],Sweet,,North India,,Veg,75.0,400.0,300.0,5.0,42.0,12.0,2.0,0.0,0.0,normal,True,Master Food Database,,
food_71eb6c91,nadru yakhni,Nadru Yakhni,[],Curry,,,Jammu and Kashmir,Veg,200.0,115.0,230.0,8.0,18.0,12.0,5.0,0.0,0.0,normal,True,Master Food Database,,
food_2c861d45,naga chicken,Naga Chicken,[],Chicken,,,Nagaland,Non-Veg,180.0,166.7,300.0,33.0,5.0,18.0,2.0,0.0,0.0,normal,True,Master Food Database,,
food_b39849e1,naga chutney,Naga Chutney,[],Chutney,,,Nagaland,Veg,50.0,200.0,100.0,2.0,8.0,6.0,3.0,0.0,0.0,normal,True,Master Food Database,,
food_139c5c33,naga pork curry,Naga Pork Curry,[],Meat,,,Nagaland,Non-Veg,180.0,194.4,350.0,32.0,3.0,25.0,2.0,0.0,0.0,normal,True,Master Food Database,,
food_aa8c90ad,nakham bitchi,Nakham Bitchi,[],Soup,,,Meghalaya,Non-Veg,250.0,44.0,110.0,14.0,12.0,4.0,3.0,0.0,0.0,normal,True,Master Food Database,,
food_8e7d762d,namakpara,Namakpara,[],Snack,,West India,,Veg,100.0,280.0,280.0,6.0,32.0,14.0,3.0,0.0,0.0,normal,True,Master Food Database,,
food_43196eac,namkeen daliya,Namkeen daliya,[],,,,,Veg,200.0,147.555,295.11,8.29,49.32,7.99,8.57,0.82,149.63,normal,True,Master Food Database,,
food_f42ae01b,nandu omelette,Nandu Omelette,[],Egg,,South India,,Non-Veg,100.0,160.0,160.0,20.0,3.0,10.0,1.0,0.0,0.0,normal,True,Master Food Database,,
food_4e73004a,nannari sharbat,Nannari sharbat,[],,,,,Veg,150.0,59.19333333333334,88.79,0.01,23.62,0.01,0.0,23.58,1.16,normal,True,Master Food Database,,
food_f4f56cbf,naralachi vadi,Naralachi Vadi,[],Sweet,,West India,,Veg,75.0,400.0,300.0,5.0,42.0,12.0,2.0,0.0,0.0,normal,True,Master Food Database,,
food_bf851e88,navratan pulao,Navratan pulao,[],,,,,Veg,250.0,104.684,261.71,6.2,36.98,9.45,3.82,2.52,334.26,normal,True,Master Food Database,,
food_9da670a0,navrattan korma,Navrattan Korma,[],Curry,,North India,,Veg,200.0,115.0,230.0,8.0,18.0,12.0,5.0,0.0,0.0,normal,True,Master Food Database,,
food_9a85b01b,neer dosa,Neer Dosa,[],Bread,,,Karnataka,Veg,80.0,312.5,250.0,7.0,42.0,7.0,3.0,0.0,0.0,normal,True,Master Food Database,,
food_1d0c1354,negroni,Negroni,[],Beverage,,,,Veg,250.0,76.0,190.0,0.0,15.0,0.0,0.0,15.0,5.0,normal,True,Master Food Database,,
food_fea0c390,nethili fry,Nethili Fry,[],Fish,,,Tamil Nadu,Non-Veg,180.0,133.3,240.0,33.0,0.0,13.0,1.0,0.0,0.0,normal,True,Master Food Database,,
food_120c5c50,nga thongba,Nga Thongba,[],Fish,,,Manipur,Non-Veg,180.0,133.3,240.0,33.0,0.0,13.0,1.0,0.0,0.0,normal,True,Master Food Database,,
food_88c8bdd5,nihari,Nihari,[],Meat,,,Uttar Pradesh,Non-Veg,180.0,194.4,350.0,32.0,3.0,25.0,2.0,0.0,0.0,normal,True,Master Food Database,,
food_4386f7b4,nutella,Nutella,[],Condiment,,,,Veg,30.0,333.33333333333337,100.0,1.5,11.0,6.0,1.0,10.0,10.0,normal,True,Master Food Database,,
food_046bf584,nutritional yeast,Nutritional Yeast,[],Condiment,,,,Veg,30.0,66.66666666666666,20.0,3.0,2.0,0.0,1.0,0.0,10.0,normal,True,Master Food Database,,
food_64a667dc,oat milk,Oat Milk,[],Beverage/Dairy-Alt,,,,Veg,250.0,48.0,120.0,3.0,16.0,5.0,2.0,7.0,100.0,normal,True,Master Food Database,,
food_5b9bfd99,oatmeal,Oatmeal,[],Grain,,,,Veg,150.0,106.66666666666667,160.0,6.0,28.0,3.0,4.0,1.0,2.0,normal,True,Master Food Database,,
food_94ca7111,oatmeal porridge,Oatmeal Porridge,[],,,,,Veg,150.0,48.56666666666666,72.85,2.6,8.77,3.22,0.39,5.2,16.14,normal,True,Master Food Database,,
food_24974fa2,oats burfi,Oats burfi,[],,,,,Veg,150.0,283.46,425.19,8.89,62.47,17.27,4.96,32.93,8.15,normal,True,Master Food Database,,
food_609fef55,obbattu,Obbattu,[],Sweet,,South India,,Veg,75.0,400.0,300.0,5.0,42.0,12.0,2.0,0.0,0.0,normal,True,Master Food Database,,
food_7968fb26,okra/lady's fingers fry,Okra/Lady's fingers fry,['Bhindi sabzi/sabji/subji'],,,,,Veg,150.0,73.87333333333333,110.81,1.83,4.5,9.27,3.57,1.42,92.78,normal,True,Master Food Database,,
food_0c802f64,olan,Olan,[],Curry,,,Kerala,Veg,200.0,115.0,230.0,8.0,18.0,12.0,5.0,0.0,0.0,normal,True,Master Food Database,,
food_d11e0600,olive,Olive,[],Fruit,,,,Veg,150.0,3.3333333333333335,5.0,0.0,0.1,0.5,0.1,0.0,30.0,normal,True,Master Food Database,,
food_7f976c5f,olive biscuit,Olive biscuit,[],,,,,Veg,150.0,292.1933333333333,438.29,3.2,55.01,23.75,0.82,32.27,120.1,normal,True,Master Food Database,,
food_fcda93c3,olive oil,Olive Oil,[],Condiment,,,,Veg,30.0,355.5555555555555,106.66666666666667,0.0,0.0,12.416666666666666,0.0,0.0,0.0,normal,True,Master Food Database,,
food_974dd9a7,olives,Olives,[],Fruit,,,,Veg,150.0,23.333333333333332,35.0,0.2,1.0,3.5,0.5,0.0,210.0,normal,True,Master Food Database,,
food_890bd893,onion,Onion,[],Vegetable,,,,Veg,150.0,12.333333333333334,18.5,0.5,4.35,0.05,0.7999999999999999,3.8,3.0,normal,True,Master Food Database,,
food_4be3d56e,onion chutney,Onion chutney,['Pyaaz ki chutney/Vengaya chutney'],,,,,Veg,50.0,287.88,143.94,2.97,13.52,8.38,4.6,6.8,256.89,normal,True,Master Food Database,,
food_5abb23c5,onion pakora/pakoda,Onion pakora/pakoda,['Pyaaz ke pakode'],,,,,Veg,150.0,449.74,674.61,1.9,5.41,71.84,1.11,0.88,63.55,normal,True,Master Food Database,,
food_48869ea0,onion raita,Onion raita,['Pyaaz ka raita'],,,,,Veg,150.0,47.70666666666667,71.56,4.86,7.86,2.43,0.65,7.07,189.96,normal,True,Master Food Database,,
food_51e18eba,onion rings,Onion Rings,[],Snack/Processed,,,,Veg,100.0,280.0,280.0,4.0,30.0,16.0,3.0,4.0,500.0,normal,True,Master Food Database,,
food_6e4eb3c7,onion tomato baghar,Onion tomato baghar,['Pyaaz tamatar ka tadka'],,,,,Veg,150.0,91.68,137.52,1.26,6.17,11.98,2.12,3.51,31.33,normal,True,Master Food Database,,
food_ff0411a3,onion tomato uttapam,Onion tomato uttapam,[],,,,,Veg,150.0,308.0133333333333,462.02,1.91,11.32,45.3,1.26,0.8,143.53,normal,True,Master Food Database,,
food_eeac8a9b,onion-green chilli parantha/paratha,Onion-green chilli parantha/paratha,['Pyaaz aur hari mirch ka parantha/paratha'],,,,,Veg,80.0,239.08750000000003,191.27,4.37,26.37,7.27,5.16,2.71,241.19,normal,True,Master Food Database,,
food_fe6a5964,onions,Onions,[],Vegetable,,,,Veg,150.0,20.0,30.0,0.5,5.0,1.0,1.0,3.0,5.0,normal,True,Master Food Database,,
food_a9a0c220,oondees,Oondees,[],Breakfast,,West India,,Veg,180.0,122.2,220.0,7.0,32.0,7.0,3.0,0.0,0.0,normal,True,Master Food Database,,
food_f3f37289,ooti with fish,Ooti With Fish,[],Fish,,,Manipur,Non-Veg,180.0,133.3,240.0,33.0,0.0,13.0,1.0,0.0,0.0,normal,True,Master Food Database,,
food_d6242475,orange,Orange,[],Fruit,,,,Veg,150.0,41.333333333333336,62.0,1.2,15.4,0.2,3.1,12.0,0.0,normal,True,Master Food Database,,
food_c5c69f3c,orange and pineapple cream,Orange and pineapple cream,[],,,,,Veg,150.0,67.45333333333335,101.18,1.44,11.96,5.43,1.03,11.37,10.17,normal,True,Master Food Database,,
food_ec6790f0,orange biscuit,Orange biscuit,[],,,,,Veg,150.0,236.51999999999998,354.78,3.63,62.11,11.01,0.75,42.63,259.14,normal,True,Master Food Database,,
food_75a6b7d2,orange cake,Orange cake,[],,,,,Veg,150.0,238.40666666666667,357.61,6.1,48.28,16.21,0.83,28.38,105.41,normal,True,Master Food Database,,
food_5ad3b62d,orange chiffon pie,Orange chiffon pie,[],,,,,Veg,150.0,138.38,207.57,3.89,23.14,11.16,0.7,10.46,73.23,normal,True,Master Food Database,,
food_3d833568,orange cream flan,Orange cream flan,[],,,,,Veg,150.0,186.85333333333332,280.28,4.73,36.16,13.59,0.63,25.27,82.41,normal,True,Master Food Database,,
food_30ae4999,orange cream tart,Orange cream tart,[],,,,,Veg,150.0,131.44,197.16,2.58,27.43,8.72,0.64,10.08,36.85,normal,True,Master Food Database,,
food_2c7a53e9,orange eggless cake,Orange eggless cake,[],,,,,Eggetarian,150.0,237.08,355.62,7.16,52.65,13.82,0.56,37.87,226.28,normal,True,Master Food Database,,
food_dcfa9a3e,orange gateau,Orange gateau,[],,,,,Veg,250.0,71.22,178.05,4.78,27.01,6.02,0.68,18.33,80.41,normal,True,Master Food Database,,
food_f3d3297e,orange juice,Orange Juice,[],Beverage,,,,Veg,250.0,45.0,112.5,0.7,10.4,0.2,0.4,20.8,2.0,normal,True,Master Food Database,,2026-09-22T11:42:33.494752
food_a60c8204,orange marmalade,Orange marmalade,['Santray ka murabba'],,,,,Veg,150.0,69.44666666666667,104.17,0.66,25.94,0.13,1.97,25.09,2.31,normal,True,Master Food Database,,
food_f5e3b626,orange milkshake,Orange milkshake,['Narangi milkshake'],,,,,Veg,250.0,22.968,57.42,1.86,7.11,2.52,0.0,7.08,14.63,normal,True,Master Food Database,,
food_5c870fe1,orange milkshake with ice cream,Orange milkshake with ice cream,['Narangi milkshake ice cream\xa0ke\xa0saath'],,,,,Veg,250.0,27.127999999999997,67.82,1.95,9.15,2.75,0.16,9.0,16.65,normal,True,Master Food Database,,
food_943f4a04,orange omelette/omlet,Orange omelette/omlet,[],,,,,Eggetarian,150.0,129.77333333333334,194.66,8.93,1.68,16.84,0.0,1.68,340.92,normal,True,Master Food Database,,
food_49aaf8a9,orange peel,Orange Peel,[],Condiment,,,,Veg,30.0,3.3333333333333335,1.0,0.0,0.2,0.0,0.1,0.0,0.0,normal,True,Master Food Database,,
food_52819346,orange sauce,Orange Sauce,[],Condiment,,,,Veg,30.0,300.0,90.0,0.5,22.0,0.0,0.5,20.0,200.0,normal,True,Master Food Database,,
food_9fe697ae,orange slice,Orange Slice,[],Fruit,,,,Veg,150.0,3.3333333333333335,5.0,0.1,1.0,0.0,0.2,0.8,0.0,normal,True,Master Food Database,,
food_d4441b98,orange souffle,Orange souffle,[],,,,,Veg,150.0,112.18666666666665,168.28,6.8,14.2,9.73,0.22,12.31,49.22,normal,True,Master Food Database,,
food_14c8d111,orange squash,Orange squash,['Santre ka squash'],,,,,Veg,150.0,128.84,193.26,0.22,50.88,0.04,0.4,50.56,14.85,normal,True,Master Food Database,,
food_012c5665,oregano,Oregano,[],Condiment,,,,Veg,30.0,10.0,3.0,0.1,0.7,0.0,0.2,0.0,0.0,normal,True,Master Food Database,,
food_e768c06c,osso buco,Osso Buco,[],Meal/Meat,,,,Veg,150.0,366.66666666666663,550.0,45.0,15.0,30.0,4.0,6.0,900.0,normal,True,Master Food Database,,
food_2b7d833c,ou tenga maas,Ou Tenga Maas,[],Fish,,East India,,Non-Veg,180.0,133.3,240.0,33.0,5.0,13.0,1.0,0.0,0.0,normal,True,Master Food Database,,
food_295fad30,oyster,Oyster,[],Protein/Seafood,,,,Veg,150.0,5.333333333333334,8.0,1.0,0.5,0.2,0.0,0.0,50.0,normal,True,Master Food Database,,
food_6ad71188,paaner do pyaza,Paaner do pyaza,[],,,,,Veg,150.0,85.13333333333334,127.7,4.22,3.41,10.87,0.84,2.2,160.66,normal,True,Master Food Database,,
food_ba9c82a6,pachadi,Pachadi,[],Side Dish,,,Kerala,Veg,100.0,140.0,140.0,4.0,16.0,6.0,4.0,0.0,0.0,normal,True,Master Food Database,,
food_11b4ebe7,pad thai,Pad Thai,[],Meal/Pasta,,,,Veg,150.0,366.66666666666663,550.0,25.0,60.0,22.0,5.0,10.0,950.0,normal,True,Master Food Database,,
food_a5a0cfff,paella,Paella,[],Meal/Rice,,,,Veg,250.0,220.00000000000003,550.0,30.0,70.0,18.0,6.0,5.0,1200.0,normal,True,Master Food Database,,
food_37b46dc5,pahadi chicken,Pahadi Chicken,[],Chicken,,,Uttarakhand,Non-Veg,180.0,166.7,300.0,33.0,5.0,18.0,2.0,0.0,0.0,normal,True,Master Food Database,,
food_92c34125,pakhala,Pakhala,[],Rice Dish,,North India,,Veg,250.0,120.0,300.0,8.0,48.0,8.0,3.0,0.0,0.0,normal,True,Master Food Database,,
food_5961c675,pakhala bhata,Pakhala Bhata,[],Rice Dish,,,Odisha,Veg,250.0,120.0,300.0,8.0,48.0,8.0,3.0,0.0,0.0,normal,True,Master Food Database,,
food_f8f9938c,paknam,Paknam,[],Snack,,,Manipur,Veg,100.0,280.0,280.0,6.0,32.0,14.0,3.0,0.0,0.0,normal,True,Master Food Database,,
food_826c7c4e,palak paneer,Palak Paneer,[],Curry,,North India,,Veg,200.0,115.0,230.0,8.0,18.0,12.0,5.0,0.0,0.0,normal,True,Master Food Database,,
food_fa859467,pancake,Pancake,[],,,,,Veg,150.0,135.57333333333335,203.36,5.68,20.49,10.82,0.65,3.32,143.7,normal,True,Master Food Database,,
food_1de3f736,pancakes,Pancakes,[],Grain,,,,Veg,150.0,120.0,180.0,5.0,30.0,5.0,1.0,6.0,450.0,normal,True,Master Food Database,,
food_5e943e81,pancetta,Pancetta,[],Protein/Meat,,,,Veg,150.0,30.0,45.0,1.5,0.0,4.5,0.0,0.0,160.0,normal,True,Master Food Database,,
food_2c1f84b4,panchmel dal,Panchmel dal,[],,,,,Veg,200.0,55.61000000000001,111.22,4.63,10.71,5.36,3.2,0.75,79.46,normal,True,Master Food Database,,
food_697d4f84,paneer and pea samosa,Paneer and pea samosa,['Paneer matar ka samosa'],,,,,Veg,150.0,415.87333333333333,623.81,4.02,8.55,63.65,1.02,1.69,78.18,normal,True,Master Food Database,,
food_dab1524f,paneer butter masala,Paneer Butter Masala,[],Curry,,,Punjab,Veg,200.0,115.0,230.0,8.0,18.0,12.0,5.0,0.0,0.0,normal,True,Master Food Database,,
food_4476257d,paneer curry,Paneer curry,[],,,,,Veg,200.0,88.26,176.52,7.8,8.4,12.38,1.4,6.29,216.09,normal,True,Master Food Database,,
food_7d96f0fd,paneer cutlet,Paneer cutlet,[],,,,,Veg,150.0,448.1333333333334,672.2,4.59,7.62,69.38,0.39,2.52,91.45,normal,True,Master Food Database,,
food_60d0c1b5,paneer in butter sauce,Paneer in butter sauce,[],,,,,Veg,150.0,97.07333333333335,145.61,6.99,9.7,8.81,1.5,7.49,151.45,normal,True,Master Food Database,,
food_9a0aadac,paneer kaathi roll,Paneer kaathi roll,[],,,,,Veg,150.0,190.62666666666667,285.94,6.92,20.1,19.55,2.4,3.29,221.03,normal,True,Master Food Database,,
food_38e99c2f,paneer kheer,Paneer kheer,[],,,,,Veg,150.0,70.20666666666668,105.31,4.53,10.03,5.37,0.07,9.87,23.81,normal,True,Master Food Database,,
food_76d74a94,paneer kofta curry,Paneer kofta curry,[],,,,,Veg,200.0,335.455,670.91,2.39,3.27,72.06,0.4,1.98,121.72,normal,True,Master Food Database,,
food_164074f6,paneer lababdar,Paneer lababdar,[],,,,,Veg,150.0,70.32000000000001,105.48,3.98,3.37,8.46,1.16,1.96,142.45,normal,True,Master Food Database,,
food_2daaf186,paneer makhana korma,Paneer makhana korma,[],,,,,Veg,150.0,517.2133333333334,775.82,3.24,4.63,82.76,0.21,1.84,77.01,normal,True,Master Food Database,,
food_d686df90,paneer pakora/pakoda,Paneer pakora/pakoda,[],,,,,Veg,150.0,478.74666666666667,718.12,3.27,5.52,76.05,0.89,1.08,131.7,normal,True,Master Food Database,,
food_0997cc49,paneer parantha/paratha,Paneer parantha/paratha,[],,,,,Veg,80.0,328.71250000000003,262.97,7.98,24.33,14.62,4.0,3.77,142.52,normal,True,Master Food Database,,
food_c66b5efb,paneer patties,Paneer patties,[],,,,,Veg,150.0,225.72,338.58,7.6,22.79,23.96,1.18,4.04,158.44,normal,True,Master Food Database,,
food_7d3e6d7f,paneer pea sandwich,Paneer pea sandwich,['toasted'],,,,,Veg,100.0,249.56,249.56,12.4,24.05,11.98,2.12,6.4,268.9,normal,True,Master Food Database,,
food_f0f8c595,paneer potato cutlet,Paneer potato cutlet,['Paneer aloo cutlet'],,,,,Veg,150.0,448.6266666666667,672.94,2.47,5.23,71.4,0.41,1.02,85.71,normal,True,Master Food Database,,
food_9360742e,paneer pulao,Paneer pulao,[],,,,,Veg,250.0,232.76399999999998,581.91,1.98,8.76,59.81,0.62,1.11,72.28,normal,True,Master Food Database,,
food_9b738180,paneer shaslik/tikka,Paneer shaslik/tikka,[],,,,,Veg,150.0,62.56666666666666,93.85,5.11,7.98,4.49,1.23,4.61,103.39,normal,True,Master Food Database,,
food_9e69f8aa,paneer soup,Paneer soup,[],,,,,Veg,250.0,19.14,47.85,3.22,2.42,2.8,0.28,1.98,68.03,normal,True,Master Food Database,,
food_1d0499f3,paneer stuffed cheela/chilla,Paneer stuffed cheela/chilla,[],,,,,Veg,150.0,136.79333333333332,205.19,11.44,19.16,8.89,4.03,3.81,289.1,normal,True,Master Food Database,,
food_654c6acc,paneer tikka,Paneer Tikka,[],Starter,,,Punjab,Veg,100.0,250.0,250.0,8.0,30.0,10.0,3.0,0.0,0.0,normal,True,Master Food Database,,
food_55fbca34,paneer tikka masala,Paneer Tikka Masala,[],Curry,,North India,,Veg,200.0,115.0,230.0,8.0,18.0,12.0,5.0,0.0,0.0,normal,True,Master Food Database,,
food_805bc038,"paneer, apple and pineapple salad","Paneer, apple and pineapple salad",[],,,,,Veg,150.0,63.38666666666667,95.08,3.88,8.35,5.07,1.65,6.36,176.63,normal,True,Master Food Database,,
food_cb968738,panettone,Panettone,[],Dessert,,,,Veg,75.0,426.6666666666667,320.0,6.0,50.0,12.0,3.0,25.0,200.0,normal,True,Master Food Database,,
food_6d389160,pani pitha,Pani Pitha,[],Sweet,,East India,,Veg,75.0,400.0,300.0,5.0,42.0,12.0,2.0,0.0,0.0,normal,True,Master Food Database,,
food_8db68534,pani puri,Pani Puri,[],Snack/Processed,,,,Veg,100.0,197.2,275.0,6.0,40.0,10.0,4.0,2.0,400.0,normal,True,Master Food Database,,
food_0082b432,pani tenga,Pani Tenga,[],Pickle,,East India,,Veg,30.0,333.3,100.0,2.0,7.0,7.0,2.0,0.0,0.0,normal,True,Master Food Database,,
food_430b384b,panipuri,Panipuri,[],Street Food,,West India,,Veg,180.0,194.4,350.0,8.0,45.0,15.0,5.0,0.0,0.0,normal,True,Master Food Database,,
food_01d2ab89,paniyaram,Paniyaram,[],Snack,,,Tamil Nadu,Veg,100.0,201.1,250.0,6.5,32.0,10.5,3.0,0.0,0.0,normal,True,Master Food Database,,
food_380a67ef,panjeeri,Panjeeri,[],Sweet,,North India,,Veg,75.0,400.0,300.0,5.0,42.0,12.0,2.0,0.0,0.0,normal,True,Master Food Database,,
food_68f75dc1,panna cotta,Panna Cotta,[],Dessert,,,,Veg,75.0,400.0,300.0,4.0,25.0,20.0,0.0,22.0,50.0,normal,True,Master Food Database,,
food_e448c1d1,pantua,Pantua,[],Sweet,,East India,,Veg,75.0,400.0,300.0,5.0,42.0,12.0,2.0,0.0,0.0,normal,True,Master Food Database,,
food_2186a3b7,papad,Papad,[],Snack,,North India,,Veg,100.0,280.0,280.0,6.0,32.0,14.0,3.0,0.0,0.0,normal,True,Master Food Database,,
food_570ba6f8,papadum,Papadum,[],Snack,,South India,,Veg,100.0,280.0,280.0,6.0,32.0,14.0,3.0,0.0,0.0,normal,True,Master Food Database,,
food_0f927466,papaya,Papaya,[],Fruit,,,,Veg,150.0,41.333333333333336,62.0,0.6,15.7,0.4,2.5,11.0,12.0,normal,True,Master Food Database,,
food_88105226,papdi,Papdi,[],,,,,Veg,150.0,472.64,708.96,1.83,12.89,72.11,0.56,0.31,28.91,normal,True,Master Food Database,,
food_9432d70c,paratha,Paratha,[],Bread,,,Delhi,Veg,80.0,312.5,250.0,7.0,42.0,7.0,3.0,0.0,0.0,normal,True,Master Food Database,,
food_f2cccec3,paravannam,Paravannam,[],Sweet,,South India,,Veg,75.0,400.0,300.0,5.0,42.0,12.0,2.0,0.0,0.0,normal,True,Master Food Database,,
food_6009ee1d,parmigiano-reggiano,Parmigiano-Reggiano,[],Dairy,,,,Eggetarian,150.0,14.666666666666666,22.0,2.0,0.2,1.5,0.0,0.0,95.0,normal,True,Master Food Database,,
food_52126410,paro manxho,Paro Manxho,[],Meat,,,Assam,Non-Veg,180.0,194.4,350.0,32.0,3.0,25.0,2.0,0.0,0.0,normal,True,Master Food Database,,
food_bd7d6c10,parotta,Parotta,[],Bread,,,Tamil Nadu,Veg,80.0,312.5,250.0,7.0,42.0,7.0,3.0,0.0,0.0,normal,True,Master Food Database,,
food_bc47cf47,parsley,Parsley,[],Vegetable,,,,Veg,150.0,3.3333333333333335,5.0,0.3,1.0,0.1,0.5,0.1,5.0,normal,True,Master Food Database,,
food_dfcfdbd7,parsley potato,Parsley potato,[],,,,,Veg,150.0,79.67333333333335,119.51,1.49,13.81,6.28,1.59,0.34,4.62,normal,True,Master Food Database,,
food_a3fc9889,paruppu sadam,Paruppu Sadam,[],Rice Dish,,South India,,Veg,250.0,120.0,300.0,8.0,48.0,8.0,3.0,0.0,0.0,normal,True,Master Food Database,,
food_8e34c03e,passion fruit,Passion Fruit,[],Fruit,,,,Veg,150.0,11.333333333333332,17.0,0.4,4.2,0.1,1.9,2.0,5.0,normal,True,Master Food Database,,
food_7ad86ac6,pasta cheese sauce,Pasta cheese sauce,[],,,,,Veg,150.0,99.50666666666666,149.26,4.33,9.0,10.84,0.14,4.22,255.95,normal,True,Master Food Database,,
food_2082fc6c,pasta hot pot,Pasta hot pot,[],,,,,Veg,150.0,83.44666666666667,125.17,5.84,11.6,6.47,0.8,5.99,231.17,normal,True,Master Food Database,,
food_b40b1822,pasta salad,Pasta salad,[],,,,,Veg,150.0,156.78666666666666,235.18,6.075,21.35,13.96,2.48,2.6,152.31,normal,True,Master Food Database,,
food_62df7340,pasta spinach sauce,Pasta spinach sauce,[],,,,,Veg,150.0,56.97333333333333,85.46,1.76,1.76,7.9,0.86,1.04,115.79,normal,True,Master Food Database,,
food_73a0f6b9,patande,Patande,[],Breakfast,,,Himachal Pradesh,Veg,180.0,122.2,220.0,7.0,32.0,7.0,3.0,0.0,0.0,normal,True,Master Food Database,,
food_383d93f3,pate,Pate,[],Condiment,,,,Veg,30.0,233.33333333333334,70.0,1.0,2.0,7.0,1.0,1.0,100.0,normal,True,Master Food Database,,
food_a32d3687,patot diya fish,Patot Diya Fish,[],Fish,,,Assam,Non-Veg,180.0,133.3,240.0,33.0,0.0,13.0,1.0,0.0,0.0,normal,True,Master Food Database,,
food_4eda948c,patra,Patra,[],Snack,,,Gujarat,Veg,100.0,280.0,280.0,6.0,32.0,14.0,3.0,0.0,0.0,normal,True,Master Food Database,,
food_ac8a0a5c,patrode,Patrode,[],Snack,,North India,,Veg,100.0,280.0,280.0,6.0,32.0,14.0,3.0,0.0,0.0,normal,True,Master Food Database,,
food_a0a69eee,paushtik ladoo,Paushtik ladoo,[],,,,,Veg,150.0,323.9133333333333,485.87,7.65,60.34,24.98,4.57,38.12,6.09,normal,True,Master Food Database,,
food_4398a819,paushtik roti,Paushtik roti,[],,,,,Veg,80.0,186.575,149.26,7.17,26.59,1.51,5.74,2.03,170.96,normal,True,Master Food Database,,
food_9d3a755e,pav bhaji,Pav Bhaji,[],Street Food,,,Maharashtra,Veg,180.0,151.0511111111111,265.51,6.22,33.99666666666666,11.44,3.9933333333333336,0.0,0.0,normal,True,Master Food Database,,
food_0ac8495e,pav bhaji masala,Pav bhaji masala,[],,,,,Veg,150.0,153.64666666666668,230.47,9.13,29.15,10.96,24.3,1.48,1814.66,normal,True,Master Food Database,,
food_e454c0a6,pavlova,Pavlova,[],,,,,Veg,150.0,133.73333333333332,200.6,1.84,21.84,12.29,0.06,20.37,26.34,normal,True,Master Food Database,,
food_17cf7597,payasam,Payasam,[],Sweet,,,Kerala,Veg,75.0,400.0,300.0,5.0,42.0,12.0,2.0,0.0,0.0,normal,True,Master Food Database,,
food_a9f1d582,payokh,Payokh,[],Sweet,,East India,,Veg,75.0,400.0,300.0,5.0,42.0,12.0,2.0,0.0,0.0,normal,True,Master Food Database,,
food_1e64d795,pea curry,Pea curry,['Matar ki sabzi'],,,,,Veg,200.0,51.495000000000005,102.99,4.51,9.2,5.11,4.44,1.98,154.75,normal,True,Master Food Database,,
food_d686b4c2,pea keema curry,Pea keema curry,['Matar keema ki sabzi'],,,,,Non-Veg,200.0,66.5,133.0,8.43,6.24,8.14,2.96,1.82,148.38,normal,True,Master Food Database,,
food_1a48c572,pea keema sandwich,Pea keema sandwich,['toasted'],,,,,Non-Veg,100.0,171.78,171.78,11.06,20.26,5.61,2.45,1.94,290.07,normal,True,Master Food Database,,
food_0cd881c1,pea kofta curry,Pea kofta curry,['Matar kofta curry'],,,,,Veg,200.0,297.83,595.66,2.01,4.17,63.39,1.7,0.88,83.07,normal,True,Master Food Database,,
food_42adc68a,pea mushroom curry,Pea mushroom curry,['Matar mushroom'],,,,,Veg,200.0,46.65,93.3,3.87,7.41,5.16,3.86,1.82,155.48,normal,True,Master Food Database,,
food_fbe1a72b,pea paneer curry,Pea paneer curry,['Matar paneer'],,,,,Veg,200.0,67.415,134.83,6.61,9.29,7.75,3.3,3.89,157.34,normal,True,Master Food Database,,
food_bcca7eef,pea parantha/paratha,Pea parantha/paratha,['Matar ka parantha/paratha'],,,,,Veg,80.0,238.4125,190.73,5.59,21.51,8.8,5.61,1.29,109.99,normal,True,Master Food Database,,
food_72f3192f,pea potato curry,Pea potato curry,['Aloo matar'],,,,,Veg,200.0,50.46000000000001,100.92,3.48,9.74,5.13,3.61,1.86,154.83,normal,True,Master Food Database,,
food_d64bfcc6,pea potato sandwich,Pea potato sandwich,['toasted'],,,,,Veg,100.0,164.9,164.9,4.6,25.17,5.43,2.89,1.33,262.63,normal,True,Master Food Database,,
food_0b354a48,pea vadi curry,Pea vadi curry,[],,,,,Veg,200.0,50.975,101.95,4.64,8.9,5.08,4.28,1.92,149.51,normal,True,Master Food Database,,
food_00264380,peach blueberry preserves,Peach blueberry preserves,[],,,,,Veg,150.0,118.25333333333332,177.38,0.53,45.76,0.2,1.14,45.33,2.81,normal,True,Master Food Database,,
food_8744f024,peach melba ice cream,Peach melba ice cream,[],,,,,Veg,150.0,133.9,200.85,2.06,16.31,14.51,0.06,13.35,17.92,normal,True,Master Food Database,,
food_f0570d5b,peanut and tomato sandwich,Peanut and tomato sandwich,['Moongfali aur tamatar ka sandwich'],,,,,Veg,100.0,291.43,291.43,9.53,28.54,16.14,4.03,2.82,364.99,normal,True,Master Food Database,,
food_fa59db5b,peanut biscuit,Peanut biscuit,[],,,,,Veg,150.0,267.3666666666667,401.05,8.45,46.72,20.41,2.48,21.26,202.26,normal,True,Master Food Database,,
food_75d0834f,peanut brittle,Peanut brittle,['Moongfali ki chikki'],,,,,Veg,150.0,213.64000000000001,320.46,6.94,47.46,11.13,2.63,43.92,15.99,normal,True,Master Food Database,,
food_4ab5eb7f,peanut burfi,Peanut burfi,['Moongfali ki burfi'],,,,,Veg,150.0,367.32666666666665,550.99,9.31,48.14,36.84,4.09,43.08,6.78,normal,True,Master Food Database,,
food_f9aa6fa5,peanut butter,Peanut Butter,[],Nut,,,,Veg,150.0,126.66666666666666,190.0,7.0,8.0,16.0,2.0,3.0,140.0,normal,True,Master Food Database,,
food_5dbf98eb,peanut butter & jelly sandwich,Peanut Butter & Jelly Sandwich,[],Meal/Processed,,,,Veg,100.0,390.0,390.0,12.0,50.0,17.0,5.0,20.0,450.0,normal,True,Master Food Database,,
food_a6983f60,peanut butter cucumber sandwich,Peanut butter cucumber sandwich,[],,,,,Veg,100.0,243.33,243.33,9.04,29.76,10.56,3.35,2.91,460.09,normal,True,Master Food Database,,
food_5fba83a9,peanut chutney,Peanut chutney,['Mungfali ki chutney'],,,,,Veg,50.0,516.74,258.37,11.8,9.87,19.06,5.73,2.76,475.34,normal,True,Master Food Database,,
food_5f1b72b6,peanut cutlet,Peanut cutlet,['Mungfali ke cutlet'],,,,,Veg,150.0,465.84666666666664,698.77,2.63,5.68,74.0,1.21,0.51,84.24,normal,True,Master Food Database,,
food_05ccc568,peanut pulao,Peanut pulao ,[],,,,,Veg,250.0,77.312,193.28,5.32,21.18,9.51,2.9,1.6,168.4,normal,True,Master Food Database,,
food_e67280e1,peanut raita,Peanut raita,['Mungfali ka raita'],,,,,Veg,150.0,100.25999999999999,150.39,8.59,9.3,8.98,1.89,7.11,235.83,normal,True,Master Food Database,,
food_c5d62b1a,peanut sago vada,Peanut sago vada,['Sabudana mungfali vada'],,,,,Veg,150.0,499.9266666666666,749.89,1.01,7.14,79.82,0.62,0.19,71.29,normal,True,Master Food Database,,
food_42160fde,peanut sauce,Peanut Sauce,[],Condiment,,,,Veg,30.0,266.66666666666663,80.0,2.0,4.0,6.0,1.0,3.0,250.0,normal,True,Master Food Database,,
food_8d65a588,pear,Pear,[],Fruit,,,,Veg,150.0,67.33333333333333,101.0,0.6,27.0,0.2,5.5,16.0,2.0,normal,True,Master Food Database,,
food_a3feab5f,pear chocholate sunday,Pear chocholate sunday,[],,,,,Veg,150.0,122.32666666666667,183.49,2.08,15.02,13.11,0.07,14.41,16.26,normal,True,Master Food Database,,
food_002e1ee3,pear preserves,Pear preserves,['Naashpati ka murabba'],,,,,Veg,150.0,67.49333333333333,101.24,0.25,25.67,0.19,3.06,25.19,2.1,normal,True,Master Food Database,,
food_4537fc59,pearl millet infant food,Pearl millet infant food,['Bajra shishu aahaar'],,,,,Veg,150.0,241.62666666666667,362.44,11.98,62.1,6.62,7.84,26.06,12.67,normal,True,Master Food Database,,
food_487cc9d9,pearl millet ladoo,Pearl millet ladoo,['Bajra ladoo'],,,,,Veg,150.0,213.10666666666668,319.66,9.61,50.98,8.06,6.0,27.44,12.26,normal,True,Master Food Database,,
food_2b1f61e2,pearl millet mathri,Pearl millet mathri,['Bajra mathri'],,,,,Veg,150.0,523.3866666666667,785.08,1.82,7.42,83.12,1.36,0.16,33.17,normal,True,Master Food Database,,
food_840ae118,peas brinjal bhartha,Peas brinjal bhartha,['Matar baingan bhartha'],,,,,Veg,150.0,56.36666666666667,84.55,2.05,5.02,6.05,3.63,1.57,63.65,normal,True,Master Food Database,,
food_8e1bc388,peas kachori,Peas kachori,['Matar kachori'],,,,,Veg,150.0,389.78666666666663,584.68,3.21,13.25,57.51,2.03,0.5,55.45,normal,True,Master Food Database,,
food_e0ab05f3,peas poori,Peas poori,['Matar ki poori'],,,,,Veg,150.0,395.22,592.83,3.04,14.92,57.69,2.25,0.48,47.77,normal,True,Master Food Database,,
food_b41dfeba,peas pulao,Peas pulao,['Matar pulao'],,,,,Veg,250.0,43.548,108.87,3.89,18.42,1.9,3.21,1.3,86.18,normal,True,Master Food Database,,
food_e4a6a6c4,pecans,Pecans,[],Nut,,,,Veg,150.0,130.66666666666666,196.0,2.6,3.9,20.4,2.7,1.1,0.0,normal,True,Master Food Database,,
food_999f367c,pecorino cheese,Pecorino Cheese,[],Dairy,,,,Veg,150.0,16.666666666666664,25.0,1.5,0.1,2.0,0.0,0.0,110.0,normal,True,Master Food Database,,
food_9957d34a,pecorino romano,Pecorino Romano,[],Dairy,,,,Veg,150.0,73.33333333333333,110.0,7.5,1.0,8.5,0.0,0.0,450.0,normal,True,Master Food Database,,
food_9873dad5,peda,Peda,[],Sweet,,East India,,Veg,75.0,400.0,300.0,5.0,42.0,12.0,2.0,0.0,0.0,normal,True,Master Food Database,,
food_e5894926,penda,Penda,[],Sweet,,West India,,Veg,75.0,400.0,300.0,5.0,42.0,12.0,2.0,0.0,0.0,normal,True,Master Food Database,,
food_7cb934c9,penne platter,Penne platter,[],,,,,Veg,150.0,118.26666666666668,177.4,5.04,20.87,8.71,1.09,4.5,283.37,normal,True,Master Food Database,,
food_1ec06515,pepperoncini,Pepperoncini,[],Vegetable,,,,Veg,150.0,6.666666666666667,10.0,0.5,2.0,0.0,1.0,1.0,350.0,normal,True,Master Food Database,,
food_a27bf5fd,pesarattu,Pesarattu,[],Breakfast,,,Andhra Pradesh,Veg,180.0,122.2,220.0,7.0,32.0,7.0,3.0,0.0,0.0,normal,True,Master Food Database,,
food_78e05753,pesto,Pesto,[],Condiment,,,,Veg,30.0,966.6666666666666,290.0,5.0,4.0,29.0,2.0,1.0,600.0,normal,True,Master Food Database,,
food_faaf55a4,pesto sauce,Pesto Sauce,[],Condiment,,,,Veg,30.0,866.6666666666666,260.0,5.0,4.0,26.0,2.0,1.0,550.0,normal,True,Master Food Database,,
food_da4b9c69,petha,Petha,[],Sweet,,,Uttar Pradesh,Veg,75.0,400.0,300.0,5.0,42.0,12.0,2.0,0.0,0.0,normal,True,Master Food Database,,
food_041ecf39,phaanu,Phaanu,[],Curry,,,Uttarakhand,Veg,200.0,115.0,230.0,8.0,18.0,12.0,5.0,0.0,0.0,normal,True,Master Food Database,,
food_399d1fa6,phagshapa,Phagshapa,[],Meat,,,Sikkim,Non-Veg,180.0,194.4,350.0,32.0,3.0,25.0,2.0,0.0,0.0,normal,True,Master Food Database,,
food_c3195659,philly cheesesteak,Philly Cheesesteak,[],Meal/Processed,,,,Veg,250.0,200.0,500.0,25.0,40.0,28.0,3.0,5.0,1100.0,normal,True,Master Food Database,,
food_46af7c0b,phirni,Phirni,[],,,,,Veg,150.0,238.70666666666665,208.06,4.245,29.055,8.17,1.18,10.79,22.47,normal,True,Master Food Database,,
food_251be6c0,pickle,Pickle,[],Vegetable,,,,Veg,150.0,7.333333333333333,11.0,0.5,2.35,0.15000000000000002,0.9,0.5,300.0,normal,True,Master Food Database,,
food_1a5399ee,pickled cabbage,Pickled cabbage ,[],,,,,Veg,30.0,45.63333333333333,13.69,0.39,2.56,0.14,0.61,2.08,121.39,normal,True,Master Food Database,,
food_115a4889,pickled cucumber,Pickled Cucumber,[],Vegetable,,,,Veg,150.0,6.666666666666667,10.0,0.5,2.0,0.0,1.0,1.0,300.0,normal,True,Master Food Database,,
food_0ea22e01,pickled mustard greens,Pickled mustard greens ,[],,,,,Veg,30.0,43.73333333333333,13.12,1.51,1.05,0.22,1.7,0.02,242.36,normal,True,Master Food Database,,
food_c7103ca3,pickled radish,Pickled Radish,[],Vegetable,,,,Veg,150.0,10.0,15.0,0.5,3.0,0.0,1.0,2.0,250.0,normal,True,Master Food Database,,
food_925d970c,pickled turnips,Pickled Turnips,[],Vegetable,,,,Veg,150.0,6.666666666666667,10.0,0.2,2.0,0.0,0.5,1.0,200.0,normal,True,Master Food Database,,
food_7fbedf67,pico de gallo,Pico de Gallo,[],Condiment,,,,Veg,30.0,50.0,15.0,0.5,3.0,0.0,1.0,2.0,200.0,normal,True,Master Food Database,,
food_80bab1a5,pika pila,Pika Pila,[],Pickle,,,Arunachal Pradesh,Veg,30.0,400.0,120.0,2.0,7.0,9.0,2.0,0.0,0.0,normal,True,Master Food Database,,
food_af7ca3da,pin wheel biscuit,Pin wheel biscuit,[],,,,,Veg,150.0,269.73333333333335,404.6,5.4,54.56,18.66,1.16,23.25,131.73,normal,True,Master Food Database,,
food_e025c183,pin wheel sandwich,Pin wheel sandwich,[],,,,,Veg,100.0,311.52,311.52,8.77,14.0,24.93,0.93,1.45,374.39,normal,True,Master Food Database,,
food_d38a58d6,pine nuts,Pine Nuts,[],Nut,,,,Veg,150.0,47.666666666666664,71.5,1.5,1.5,7.5,0.35,0.5,0.0,normal,True,Master Food Database,,
food_ec5ea158,pineapple cake,Pineapple cake ,[],,,,,Veg,150.0,130.38,195.57,5.01,23.51,9.34,0.76,16.16,37.47,normal,True,Master Food Database,,
food_6cd7acd3,pineapple jam,Pineapple jam ,[],,,,,Veg,150.0,99.45333333333333,149.18,0.32,38.27,0.15,2.2,37.44,2.45,normal,True,Master Food Database,,
food_353903fc,pineapple milkshake,Pineapple milkshake,['Ananas milkshake'],,,,,Veg,250.0,22.288,55.72,1.66,7.62,2.23,0.0,7.6,14.05,normal,True,Master Food Database,,
food_d96da8ed,pineapple milkshake with ice cream,Pineapple milkshake with ice cream,['Ananas milkshake ice cream\xa0ke\xa0saath'],,,,,Veg,250.0,27.395999999999997,68.49,1.93,9.33,2.75,0.42,9.2,16.65,normal,True,Master Food Database,,
food_f09528b7,pineapple pastry,Pineapple pastry ,[],,,,,Veg,150.0,138.80666666666667,208.21,6.06,29.04,7.87,0.72,18.83,44.3,normal,True,Master Food Database,,
food_24e3b1bf,pineapple raita,Pineapple raita,['Ananas ka raita'],,,,,Veg,150.0,45.16,67.74,3.9,8.62,2.02,1.39,8.12,135.48,normal,True,Master Food Database,,
food_88d83294,pineapple souffle,Pineapple souffle ,[],,,,,Veg,150.0,130.76,196.14,8.06,15.52,11.72,0.0,13.45,59.17,normal,True,Master Food Database,,
food_3dd33b4e,pineapple squash,Pineapple squash,['Ananas ka squash'],,,,,Veg,150.0,130.01333333333335,195.02,0.16,51.34,0.05,1.06,51.08,14.84,normal,True,Master Food Database,,
food_de9d4336,pineapple tart,Pineapple tart,[],,,,,Veg,150.0,130.26666666666665,195.4,2.29,28.62,8.21,0.87,11.09,37.88,normal,True,Master Food Database,,
food_4cd9ed92,pineapple upside down pudding,Pineapple upside down pudding,[],,,,,Veg,150.0,171.82000000000002,257.73,3.15,35.73,11.91,0.8,22.16,74.52,normal,True,Master Food Database,,
food_fcecee97,pinni,Pinni,[],Sweet,,,Punjab,Veg,75.0,400.0,300.0,5.0,42.0,12.0,2.0,0.0,0.0,normal,True,Master Food Database,,
food_56a8c6f8,pisco sour,Pisco Sour,[],Beverage,,,,Veg,250.0,100.0,250.0,1.0,25.0,0.0,0.0,24.0,5.0,normal,True,Master Food Database,,
food_099c4003,pistachio,Pistachio,[],Nut,,,,Veg,150.0,6.666666666666667,10.0,0.4,0.5,0.8,0.2,0.1,0.0,normal,True,Master Food Database,,
food_6d5bcd17,pistachios,Pistachios,[],Nut,,,,Veg,150.0,106.0,159.0,5.7,7.7,12.8,3.0,2.2,2.0,normal,True,Master Food Database,,
food_c18942c7,pita bread,Pita Bread,[],Grain,,,,Veg,80.0,226.5625,181.25,6.125,37.0,1.55,3.375,2.0,320.0,normal,True,Master Food Database,,
food_e5dbbcaa,pita crisps,Pita Crisps,[],Snack/Processed,,,,Veg,100.0,130.0,130.0,3.0,18.0,5.0,2.0,1.0,240.0,normal,True,Master Food Database,,
food_234ead81,pitha,Pitha,[],Sweet,,,Assam,Veg,75.0,400.0,300.0,5.0,42.0,12.0,2.0,0.0,0.0,normal,True,Master Food Database,,
food_7167d434,pithla bhakri,Pithla Bhakri,[],Main Dish,,,Maharashtra,Veg,200.0,140.0,280.0,9.0,30.0,12.0,6.0,0.0,0.0,normal,True,Master Food Database,,
food_e33d99d4,pittha,Pittha,[],Snack,,,Jharkhand,Veg,100.0,280.0,280.0,6.0,32.0,14.0,3.0,0.0,0.0,normal,True,Master Food Database,,
food_e3f8b04e,pizza,Pizza,[],,,,,Veg,150.0,152.61555555555557,228.92333333333332,10.283333333333333,24.646666666666665,10.24,2.236666666666667,1.38,225.02,normal,True,Master Food Database,,
food_34ad5bfd,plain burfi,Plain burfi,['Burfi'],,,,,Veg,150.0,272.2133333333333,408.32,9.82,30.88,27.96,0.17,30.43,31.65,normal,True,Master Food Database,,
food_e8410b2a,plain cream cake,Plain cream cake,[],,,,,Veg,150.0,235.95999999999998,353.94,6.18,47.18,16.17,0.71,27.74,174.0,normal,True,Master Food Database,,
food_f2627c39,plain dosa,Plain dosa,[],,,,,Veg,150.0,253.94,380.91,10.34,64.08,8.43,5.23,0.7,142.98,normal,True,Master Food Database,,
food_bae7a921,plain khitchdi,Plain khitchdi,['Plain khichri/khichdi'],,,,,Veg,150.0,38.019999999999996,57.03,1.72,10.04,1.01,0.85,0.12,37.14,normal,True,Master Food Database,,
food_8efbe9c9,plain omelette/omlet,Plain omelette/omlet,[],,,,,Eggetarian,150.0,181.60666666666668,272.41,9.66,0.64,25.74,0.12,0.51,226.18,normal,True,Master Food Database,,
food_f1833e88,plain parantha/paratha,Plain parantha/paratha,[],,,,,Veg,80.0,372.875,298.3,5.06,30.69,16.86,5.43,0.86,62.07,normal,True,Master Food Database,,
food_9045a005,plain pulao,Plain pulao,[],,,,,Veg,250.0,56.084,140.21,2.34,21.82,4.62,1.69,1.15,193.76,normal,True,Master Food Database,,
food_bbfc2e18,plain urad dal vada,Plain urad dal vada,['Uzunne vada/Minapa garelu/Ulundu vadai/Medu vada'],,,,,Veg,200.0,372.75,745.5,4.39,9.7,76.32,2.27,0.16,65.87,normal,True,Master Food Database,,
food_d343f6be,plum chutney,Plum chutney,['Aloo bukhara ki chutney'],,,,,Veg,50.0,354.22,177.11,0.47,44.95,0.29,1.37,43.9,216.81,normal,True,Master Food Database,,
food_f03826b1,plum jam,Plum jam,['Aloo bukhara jam'],,,,,Veg,150.0,119.25999999999999,178.89,0.31,46.2,0.19,1.0,45.25,2.67,normal,True,Master Food Database,,
food_19617284,plum squash,Plum squash,['Aloo bukhara squash'],,,,,Veg,150.0,140.78,211.17,0.16,55.51,0.1,0.52,55.02,12.71,normal,True,Master Food Database,,
food_904f3ea5,poached egg,Poached egg,[],,,,,Eggetarian,150.0,65.28999999999999,97.935,9.14,0.385,6.494999999999999,0.15,0.05,1163.07,normal,True,Master Food Database,,
food_fdcaf719,poha,Poha,[],Breakfast,,,Madhya Pradesh,Veg,180.0,137.03066666666666,234.906,6.8180000000000005,32.61,8.428,3.144,0.0,0.0,normal,True,Master Food Database,,
food_644ec1e8,poha with curd,Poha with curd,['Poha aur dahi'],,,,,Veg,150.0,115.54666666666667,173.32,6.01,26.72,4.65,1.09,5.46,325.07,normal,True,Master Food Database,,
food_dc647a14,poi,Poi,[],Bread,,,Goa,Veg,80.0,312.5,250.0,7.0,42.0,7.0,3.0,0.0,0.0,normal,True,Master Food Database,,
food_ba397c09,polenta,Polenta,[],Meal/Grain,,,,Veg,150.0,90.0,135.0,2.75,28.5,1.0,2.5,1.0,350.0,normal,True,Master Food Database,,
food_7836c2f9,pomegranate molasses,Pomegranate Molasses,[],Condiment,,,,Veg,30.0,50.0,15.0,0.0,4.0,0.0,0.0,4.0,0.0,normal,True,Master Food Database,,
food_3324bea1,pomegranate raita,Pomegranate raita,['Anaar ka raita'],,,,,Veg,150.0,48.42666666666667,72.64,4.05,7.15,3.24,0.6,7.01,195.18,normal,True,Master Food Database,,
food_edfed663,pongal,Pongal,[],Breakfast,,,Tamil Nadu,Veg,180.0,122.2,220.0,7.0,32.0,7.0,3.0,0.0,0.0,normal,True,Master Food Database,,
food_0158a232,pooran-poli,Pooran-Poli,[],Sweet,,West India,,Veg,75.0,400.0,300.0,5.0,42.0,12.0,2.0,0.0,0.0,normal,True,Master Food Database,,
food_3e017b28,poori,Poori,[],Bread,,,Uttar Pradesh,Veg,80.0,372.25111111111113,412.54333333333335,5.116666666666666,30.74,30.536666666666665,2.486666666666667,0.0,0.0,normal,True,Master Food Database,,
food_155ca862,pootharekulu,Pootharekulu,[],Sweet,,,Andhra Pradesh,Veg,75.0,400.0,300.0,5.0,42.0,12.0,2.0,0.0,0.0,normal,True,Master Food Database,,
food_ff57cc76,popcorn,Popcorn,[],Grain,,,,Veg,150.0,62.0,93.0,3.0,18.6,1.1,3.6,0.1,2.0,normal,True,Master Food Database,,
food_1f94bf75,poriyal,Poriyal,[],Vegetable,,,Tamil Nadu,Veg,150.0,83.35,125.0,4.0,14.5,5.0,5.0,0.0,0.0,normal,True,Master Food Database,,
food_18e2385a,pork belly,Pork Belly,[],Protein/Meat,,,,Non-Veg,150.0,96.66666666666667,145.0,3.0,0.0,15.0,0.0,0.0,150.0,normal,True,Master Food Database,,
food_df862f49,pork bun,Pork Bun,[],Meal/Processed,,,,Non-Veg,150.0,146.66666666666666,220.0,8.0,30.0,8.0,2.0,6.0,400.0,normal,True,Master Food Database,,
food_472b47b3,pork chop,Pork Chop,[],Protein/Meat,,,,Non-Veg,150.0,146.66666666666666,220.0,30.0,0.0,10.0,0.0,0.0,70.0,normal,True,Master Food Database,,
food_e3e5c81f,pork floss,Pork Floss,[],Protein/Meat,,,,Non-Veg,150.0,33.33333333333333,50.0,4.0,3.0,2.0,0.0,2.5,150.0,normal,True,Master Food Database,,
food_d816b5ac,pork jarpaa jurpie,Pork Jarpaa Jurpie,[],Meat,,North East India,,Non-Veg,180.0,194.4,350.0,32.0,8.0,25.0,2.0,0.0,0.0,normal,True,Master Food Database,,
food_76899175,pork momos,Pork Momos,[],Snack,,,Sikkim,Non-Veg,100.0,280.0,280.0,14.0,32.0,14.0,3.0,0.0,0.0,normal,True,Master Food Database,,
food_c3d41942,pork thukpa,Pork Thukpa,[],Noodles,,,Arunachal Pradesh,Non-Veg,250.0,120.0,300.0,17.0,45.0,9.0,3.0,0.0,0.0,normal,True,Master Food Database,,
food_d7beed0f,pork vindaloo,Pork Vindaloo,[],Meat,,,Goa,Non-Veg,180.0,194.4,350.0,32.0,3.0,25.0,2.0,0.0,0.0,normal,True,Master Food Database,,
food_a690fba4,poshtik chilla/cheela,Poshtik chilla/cheela,[],,,,,Veg,150.0,106.35333333333334,159.53,4.85,27.47,3.04,4.91,1.22,97.18,normal,True,Master Food Database,,
food_855b5011,poshtik cutlet,Poshtik cutlet,[],,,,,Veg,150.0,330.9666666666667,496.45,2.0,7.39,50.94,1.35,0.32,57.11,normal,True,Master Food Database,,
food_d2213281,poshtik khichdi/khichri,Poshtik khichdi/khichri,[],,,,,Veg,150.0,62.24666666666667,93.37,3.04,15.64,1.88,2.0,0.26,41.67,normal,True,Master Food Database,,
food_917a4d7b,poshtik namak paras,Poshtik namak paras,[],,,,,Veg,150.0,408.9266666666666,613.39,6.49,19.52,56.58,4.55,0.87,44.01,normal,True,Master Food Database,,
food_e0faf783,potato,Potato,[],Vegetable,,,,Veg,150.0,43.333333333333336,65.0,1.0,15.0,0.1,1.0,0.5,3.0,normal,True,Master Food Database,,
food_3768c4b3,potato aigrettes,Potato aigrettes,[],,,,,Veg,150.0,353.3533333333333,530.03,2.35,8.01,54.24,0.45,0.73,112.45,normal,True,Master Food Database,,
food_02708460,potato bonda,Potato bonda,['Aloo bonda'],,,,,Veg,150.0,421.8933333333333,632.84,1.09,4.53,67.8,0.83,0.27,132.53,normal,True,Master Food Database,,
food_2e4b5340,potato canjee,Potato canjee,['Aloo canjee'],,,,,Veg,150.0,10.840000000000002,16.26,0.44,2.69,0.39,0.43,0.1,35.99,normal,True,Master Food Database,,
food_968f3873,potato capsicum,Potato capsicum,['Shimla mirch aloo'],,,,,Veg,150.0,83.68666666666667,125.53,1.41,8.72,9.33,2.02,0.54,277.92,normal,True,Master Food Database,,
food_e536d188,potato cauliflower,Potato cauliflower,['Aloo gobhi'],,,,,Veg,150.0,70.78666666666668,106.18,1.9,5.99,8.13,3.02,0.44,254.76,normal,True,Master Food Database,,
food_cd07952a,potato chips,Potato Chips,[],Snack/Processed,,,,Veg,100.0,160.0,160.0,2.0,15.0,10.0,1.0,0.5,170.0,normal,True,Master Food Database,,
food_7fddc154,potato curry,Potato curry,['Aloo ki sabzi'],,,,,Veg,200.0,44.78,89.56,1.52,10.42,4.47,2.42,1.58,78.4,normal,True,Master Food Database,,
food_27cf87af,potato fenugreek,Potato fenugreek,['Aloo methi'],,,,,Veg,150.0,90.10000000000001,135.15,2.25,8.47,10.04,2.93,0.54,221.93,normal,True,Master Food Database,,
food_8f0d8c95,potato halwa,Potato halwa,['Aloo ka halwa'],,,,,Veg,150.0,101.10666666666665,151.66,1.53,29.18,3.48,1.64,17.42,4.23,normal,True,Master Food Database,,
food_24b80a5e,potato kofta curry,Potato kofta curry,['Aloo kofta curry'],,,,,Veg,200.0,227.69999999999996,455.4,0.56,2.78,49.08,0.56,0.63,30.12,normal,True,Master Food Database,,
food_cf56b3ab,potato leek soup,Potato Leek Soup,[],Meal/Vegetable,,,,Veg,150.0,120.0,180.0,4.0,25.0,7.0,3.0,4.0,650.0,normal,True,Master Food Database,,
food_89206f68,potato nests,Potato nests,[],,,,,Veg,150.0,74.41333333333333,111.62,5.71,11.05,4.77,2.49,1.41,182.12,normal,True,Master Food Database,,
food_48475a3a,potato pakora/pakoda,Potato pakora/pakoda,['Aloo pakoda'],,,,,Veg,150.0,451.46000000000004,677.19,1.9,6.04,71.84,1.03,0.22,63.38,normal,True,Master Food Database,,
food_cccb96cf,potato parantha/paratha,Potato parantha/paratha,['Aloo ka parantha/paratha'],,,,,Veg,80.0,256.29999999999995,205.04,3.7,23.92,10.22,4.18,1.15,127.2,normal,True,Master Food Database,,
food_261e2120,potato pickle,Potato pickle,['Aloo ka achaar'],,,,,Veg,30.0,1230.4666666666667,369.14,2.07,7.87,36.46,2.21,0.82,213.73,normal,True,Master Food Database,,
food_b7036227,potato raita,Potato raita,['Aloo ka raita'],,,,,Veg,150.0,50.25333333333333,75.38,4.22,10.24,2.04,0.75,5.08,183.37,normal,True,Master Food Database,,
food_0e43d4db,potato salad,Potato salad,['Aloo ka salaad'],,,,,Veg,150.0,89.97,134.95499999999998,1.7,15.094999999999999,7.7,1.6600000000000001,3.94,125.01,normal,True,Master Food Database,,
food_f5962b32,potato samosa,Potato samosa,['Aloo ka samosa'],,,,,Veg,150.0,384.9266666666666,577.39,1.71,9.21,59.19,1.19,0.29,77.1,normal,True,Master Food Database,,
food_78a62220,potato stuffed poori,Potato stuffed poori,['Aloo ki poori'],,,,,Veg,150.0,517.8266666666667,776.74,1.52,9.4,81.35,1.64,0.26,69.86,normal,True,Master Food Database,,
food_6d3a5a48,potato with curd,Potato with curd,[],,,,,Veg,150.0,48.786666666666676,73.18,3.19,12.01,1.33,1.02,3.3,190.9,normal,True,Master Food Database,,
food_0fd3d882,powdered sugar,Powdered Sugar,[],Condiment,,,,Veg,30.0,33.33333333333333,10.0,0.0,2.5,0.0,0.0,2.5,0.0,normal,True,Master Food Database,,
food_49b7bbb0,prawn balchao,Prawn Balchao,[],Seafood,,,Goa,Non-Veg,180.0,122.2,220.0,30.0,1.0,11.0,1.0,0.0,0.0,normal,True,Master Food Database,,
food_ff703872,prawn curry,Prawn Curry,['with coconut'],Seafood,,,Gujarat,Non-Veg,180.0,88.4875,164.775,19.27,2.05,8.965,1.28,0.0,0.0,normal,True,Master Food Database,,
food_3a4fcf4a,prawn ghee roast,Prawn Ghee Roast,[],Seafood,,,Karnataka,Non-Veg,180.0,122.2,220.0,30.0,1.0,11.0,1.0,0.0,0.0,normal,True,Master Food Database,,
food_ff8760e8,prawn malai curry,Prawn Malai Curry,[],Seafood,,East India,,Non-Veg,180.0,122.2,220.0,30.0,6.0,11.0,1.0,0.0,0.0,normal,True,Master Food Database,,
food_daf17b46,prawn masala,Prawn Masala,[],Seafood,,,Maharashtra,Non-Veg,180.0,122.2,220.0,30.0,1.0,11.0,1.0,0.0,0.0,normal,True,Master Food Database,,
food_bcdc4c76,prawn roast,Prawn Roast,[],Seafood,,,Kerala,Non-Veg,180.0,122.2,220.0,30.0,1.0,11.0,1.0,0.0,0.0,normal,True,Master Food Database,,
food_d17d9aa2,prawn sandwich,Prawn sandwich,[],,,,,Non-Veg,100.0,169.65,169.65,10.36,11.89,9.27,1.55,1.21,213.38,normal,True,Master Food Database,,
food_d0d1274a,pretzel bun,Pretzel Bun,[],Grain,,,,Veg,150.0,153.33333333333334,230.0,8.0,45.0,2.0,2.0,4.0,550.0,normal,True,Master Food Database,,
food_7c712312,pretzels,Pretzels,[],Grain/Processed,,,,Veg,150.0,73.33333333333333,110.0,3.0,23.0,1.0,1.0,1.0,450.0,normal,True,Master Food Database,,
food_15529811,prosciutto,Prosciutto,[],Protein/Meat,,,,Veg,150.0,23.333333333333332,35.0,4.0,0.0,2.5,0.0,0.0,280.0,normal,True,Master Food Database,,
food_9a9efb12,prosecco,Prosecco,[],Beverage,,,,Veg,250.0,28.000000000000004,70.0,0.0,2.0,0.0,0.0,1.5,5.0,normal,True,Master Food Database,,
food_341364d9,protein bar,Protein Bar,[],Supplement/Processed,,,,Veg,150.0,140.0,210.0,20.0,22.0,7.0,6.0,1.0,180.0,normal,True,Master Food Database,,
food_8afc9f60,protein shake,Protein Shake,[],Supplement,,,,Veg,250.0,48.0,120.0,24.0,3.0,1.0,1.0,2.0,160.0,normal,True,Master Food Database,,
food_ff182e9e,provoleta,Provoleta,[],Dairy,,,,Veg,150.0,66.66666666666666,100.0,7.0,1.0,8.0,0.0,0.5,250.0,normal,True,Master Food Database,,
food_dbc4f7db,provolone cheese,Provolone Cheese,[],Dairy,,,,Veg,150.0,66.66666666666666,100.0,7.0,1.0,8.0,0.0,0.5,250.0,normal,True,Master Food Database,,
food_afc922f7,puff pastry,Puff Pastry,[],Grain,,,,Veg,150.0,76.66666666666667,115.0,1.5,9.0,8.0,0.5,0.0,100.0,normal,True,Master Food Database,,
food_02322266,puffed wheat,Puffed wheat,['Murmure/Moori'],,,,,Veg,150.0,75.54666666666667,113.32,3.62,15.67,4.04,0.28,7.31,22.52,normal,True,Master Food Database,,
food_dea83929,puffy omelette/omlet,Puffy omelette/omlet,[],,,,,Eggetarian,150.0,125.43333333333334,188.15,8.82,0.08,16.84,0.0,0.08,340.53,normal,True,Master Food Database,,
food_78cdcf7a,pukhlein,Pukhlein,[],Sweet,,,Meghalaya,Veg,75.0,400.0,300.0,5.0,42.0,12.0,2.0,0.0,0.0,normal,True,Master Food Database,,
food_a604f746,puli sadam,Puli Sadam,[],Rice Dish,,South India,,Veg,250.0,120.0,300.0,8.0,48.0,8.0,3.0,0.0,0.0,normal,True,Master Food Database,,
food_33b72335,pulihora,Pulihora,[],Rice Dish,,,Andhra Pradesh,Veg,250.0,120.0,300.0,8.0,48.0,8.0,3.0,0.0,0.0,normal,True,Master Food Database,,
food_328c01db,pulled pork sandwich,Pulled Pork Sandwich,[],Meal/Meat,,,,Non-Veg,100.0,480.0,480.0,25.0,48.0,20.0,3.0,15.0,900.0,normal,True,Master Food Database,,
food_e5bb823d,pulse mix,Pulse mix,[],,,,,Veg,150.0,55.52666666666667,83.29,3.16,16.0,0.54,2.25,6.59,3.88,normal,True,Master Food Database,,
food_e6ac8037,pumaloi,Pumaloi,[],Bread,,,Meghalaya,Veg,80.0,312.5,250.0,7.0,42.0,7.0,3.0,0.0,0.0,normal,True,Master Food Database,,
food_22abbfa2,pumpkin coconut burfi,Pumpkin coconut burfi,['Kaddu aur nariyal ki burfi'],,,,,Veg,150.0,124.12,186.18,1.75,17.02,12.66,4.29,16.11,8.95,normal,True,Master Food Database,,
food_839ca885,pumpkin cookies,Pumpkin cookies ,[],,,,,Veg,150.0,145.6,218.4,2.51,44.69,3.93,1.06,31.62,51.49,normal,True,Master Food Database,,
food_587e7e35,pumpkin halwa,Pumpkin halwa,['Kaddu ka halwa'],,,,,Veg,150.0,126.84666666666666,190.27,1.33,27.6,8.81,2.97,26.64,8.09,normal,True,Master Food Database,,
food_054baf60,pumpkin kheer,Pumpkin kheer,['Kaddu ki kheer'],,,,,Veg,150.0,57.56666666666666,86.35,2.76,10.44,3.86,0.63,10.12,20.99,normal,True,Master Food Database,,
food_1f8dbcf3,pumpkin raita,Pumpkin raita,['Kaddu ka raita'],,,,,Veg,150.0,37.06666666666667,55.6,3.74,6.02,1.88,1.04,5.48,129.14,normal,True,Master Food Database,,
food_d6aac643,pumpkin soup,Pumpkin soup,[],,,,,Veg,250.0,16.02,40.05,0.47,2.08,3.2,1.19,1.47,45.5,normal,True,Master Food Database,,
food_a044f2b1,punugulu,Punugulu,[],Snack,,,Andhra Pradesh,Veg,100.0,280.0,280.0,6.0,32.0,14.0,3.0,0.0,0.0,normal,True,Master Food Database,,
food_1cad86dc,puran poli,Puran Poli,[],Sweet,,,Maharashtra,Veg,75.0,400.0,300.0,5.0,42.0,12.0,2.0,0.0,0.0,normal,True,Master Food Database,,
food_f4afaab3,puri bhaji,Puri Bhaji,[],Breakfast,,West India,,Veg,180.0,122.2,220.0,7.0,32.0,7.0,3.0,0.0,0.0,normal,True,Master Food Database,,
food_8559c9fd,putharekulu,Putharekulu,[],,,,,Veg,150.0,212.2,318.3,3.66,59.61,7.55,1.75,23.86,2.67,normal,True,Master Food Database,,
food_64be4a31,putharo,Putharo,[],Bread,,,Meghalaya,Veg,80.0,312.5,250.0,7.0,42.0,7.0,3.0,0.0,0.0,normal,True,Master Food Database,,
food_a81a1118,puttu,Puttu,[],Breakfast,,,Kerala,Veg,180.0,122.2,220.0,7.0,32.0,7.0,3.0,0.0,0.0,normal,True,Master Food Database,,
food_9f1df649,pyaaz kachori,Pyaaz Kachori,[],Snack,,,Rajasthan,Veg,100.0,280.0,280.0,6.0,32.0,14.0,3.0,0.0,0.0,normal,True,Master Food Database,,
food_64002be2,pyaz ki kachori,Pyaz Ki Kachori,[],Snack,,,Rajasthan,Veg,100.0,280.0,280.0,6.0,32.0,14.0,3.0,0.0,0.0,normal,True,Master Food Database,,
food_1c394323,qubani ka meetha,Qubani Ka Meetha,[],Sweet,,,Telangana,Veg,75.0,400.0,300.0,5.0,42.0,12.0,2.0,0.0,0.0,normal,True,Master Food Database,,
food_6824cdcf,queen of pudding,Queen of pudding,[],,,,,Veg,150.0,88.61333333333332,132.92,5.51,16.35,5.38,0.27,11.77,85.59,normal,True,Master Food Database,,
food_70b59cd7,quesadilla,Quesadilla,[],Meal/Processed,,,,Veg,150.0,266.66666666666663,400.0,18.0,35.0,22.0,3.0,2.0,700.0,normal,True,Master Food Database,,
food_acef9ada,quinoa,Quinoa,[],Grain,,,,Veg,150.0,148.0,222.0,8.0,39.0,3.6,5.0,1.0,13.0,normal,True,Master Food Database,,
food_4b2706ba,quinoa khichdi/khichri,Quinoa khichdi/khichri,[],,,,,Veg,150.0,42.67333333333333,64.01,3.18,8.83,1.59,2.58,0.69,69.64,normal,True,Master Food Database,,
food_4deabdfd,quinoa salad,Quinoa Salad,[],Meal/Vegetarian,,,,Veg,150.0,173.33333333333334,260.0,9.0,32.0,12.0,6.0,4.0,300.0,normal,True,Master Food Database,,
food_b50dd6fa,radish parantha/paratha,Radish parantha/paratha,['Mooli ka parantha/paratha'],,,,,Veg,80.0,229.4,183.52,3.3,20.54,9.53,4.32,1.31,127.03,normal,True,Master Food Database,,
food_31965de2,ragi mudde,Ragi Mudde,[],Main Dish,,,Karnataka,Veg,200.0,140.0,280.0,9.0,30.0,12.0,6.0,0.0,0.0,normal,True,Master Food Database,,
food_b05f1cc7,ragi mudhe,Ragi Mudhe,[],Main Dish,,South India,,Veg,250.0,120.0,300.0,10.0,40.0,10.0,6.0,0.0,0.0,normal,True,Master Food Database,,
food_a095687b,ragù,Ragù,[],Condiment,,,,Veg,30.0,83.33333333333334,25.0,1.5,1.0,1.5,0.5,0.5,60.0,normal,True,Master Food Database,,
food_055becc5,rainbow sandwich,Rainbow sandwich,[],,,,,Veg,100.0,272.75,272.75,7.75,34.26,12.54,2.1,4.05,612.49,normal,True,Master Food Database,,
food_62d9d51a,raisins,Raisins,[],Fruit,,,,Veg,150.0,63.77777777777778,95.66666666666667,0.9666666666666667,25.0,0.13333333333333333,1.1666666666666667,25.0,5.0,normal,True,Master Food Database,,
food_3a01b98e,raita,Raita,[],Condiment/Dairy,,,,Veg,30.0,100.0,30.0,1.0,2.0,2.0,0.5,1.5,100.0,normal,True,Master Food Database,,
food_e04c34da,rajasthani chicken,Rajasthani Chicken,[],Chicken,,,Rajasthan,Non-Veg,180.0,166.7,300.0,33.0,5.0,18.0,2.0,0.0,0.0,normal,True,Master Food Database,,
food_f08f3743,rajasthani kadhi,Rajasthani Kadhi,[],Curry,,,Rajasthan,Veg,200.0,115.0,230.0,8.0,18.0,12.0,5.0,0.0,0.0,normal,True,Master Food Database,,
food_1f7f905a,rajbogh,Rajbogh,[],,,,,Veg,150.0,89.13333333333333,133.7,1.71,28.16,2.28,0.11,27.66,16.57,normal,True,Master Food Database,,
food_4f85127a,rajma,Rajma,[],Main Dish,,,Jammu and Kashmir,Veg,200.0,127.5,255.0,8.5,24.0,12.0,5.5,0.0,0.0,normal,True,Master Food Database,,
food_85c4125d,rajma chawal,Rajma Chawal,[],Main Dish,,,Punjab,Veg,200.0,140.0,280.0,9.0,30.0,12.0,6.0,0.0,0.0,normal,True,Master Food Database,,
food_8dab1b05,rajma madra,Rajma Madra,[],Curry,,,Himachal Pradesh,Veg,200.0,115.0,230.0,8.0,18.0,12.0,5.0,0.0,0.0,normal,True,Master Food Database,,
food_a8037123,ramatori bhaaji,Ramatori Bhaaji,[],Vegetable,,North India,,Veg,150.0,86.7,130.0,4.0,15.0,5.0,5.0,0.0,0.0,normal,True,Master Food Database,,
food_29171fe9,ramen,Ramen,[],Meal/Processed,,,,Veg,150.0,253.33333333333331,380.0,9.0,53.0,14.0,2.0,2.0,1580.0,normal,True,Master Food Database,,
food_a9117983,rasabali,Rasabali,[],Sweet,,,Odisha,Veg,75.0,400.0,300.0,5.0,42.0,12.0,2.0,0.0,0.0,normal,True,Master Food Database,,
food_5f5c2001,rasagola,Rasagola,[],Sweet,,East India,,Veg,75.0,400.0,300.0,5.0,42.0,12.0,2.0,0.0,0.0,normal,True,Master Food Database,,
food_e67b220d,rasam,Rasam,[],Curry,,,Tamil Nadu,Veg,200.0,79.5,170.0,7.0,15.0,8.0,4.0,0.0,0.0,normal,True,Master Food Database,,
food_e4bab5e5,rasam powder,Rasam powder,['Rasam masala'],,,,,Veg,150.0,178.64,267.96,12.04,25.19,11.8,35.71,1.91,38.78,normal,True,Master Food Database,,
food_4fadb5e5,rasam with lemon,Rasam with lemon,['Nimmakaya rasam/Nimmakaya charu/Elumichai rasam/Nimbe hannina saaru'],,,,,Veg,150.0,16.273333333333333,24.41,1.11,2.85,0.87,1.54,0.44,102.77,normal,True,Master Food Database,,
food_f0022d5b,rasam with tamarind,Rasam with tamarind,['Puli rasam/ Chintapandu rasam/ Charu/Saaru'],,,,,Veg,150.0,17.826666666666664,26.74,1.13,3.37,0.88,1.6,0.83,104.11,normal,True,Master Food Database,,
food_99133617,rasbhari,Rasbhari,[],,,,,Veg,150.0,86.70000000000002,130.05,1.52,28.27,1.92,0.02,27.84,16.65,normal,True,Master Food Database,,
food_d1db17fa,rasgulla,Rasgulla,[],Sweet,,,West Bengal,Veg,75.0,239.54666666666668,209.32,3.19,33.894999999999996,6.875,1.005,0.0,0.0,normal,True,Master Food Database,,
food_615e2de5,rasmalai,Rasmalai,[],,,,,Veg,150.0,90.36666666666667,135.55,1.61,29.17,2.11,0.07,28.71,16.46,normal,True,Master Food Database,,
food_4cee3df2,raspberries,Raspberries,[],Fruit,,,,Veg,150.0,42.66666666666667,64.0,1.5,14.7,0.8,8.0,5.4,1.0,normal,True,Master Food Database,,
food_c2d0d6e4,raspberry bavarian cream,Raspberry bavarian cream,[],,,,,Veg,150.0,100.06666666666666,150.1,3.34,17.82,7.88,2.19,15.3,24.59,normal,True,Master Food Database,,
food_ad57efda,raspberry shortbread cookies,Raspberry shortbread cookies,[],,,,,Veg,80.0,551.4,441.12,3.0,61.25,21.25,0.75,40.86,6.06,normal,True,Master Food Database,,
food_7eea98c2,rasya muthia,Rasya Muthia,[],Soup,,West India,,Veg,250.0,44.0,110.0,6.0,12.0,4.0,3.0,0.0,0.0,normal,True,Master Food Database,,
food_24413904,raw banana kofta curry,Raw banana kofta curry,['Kela kofta curry'],,,,,Veg,200.0,313.635,627.27,0.62,3.4,67.98,0.59,2.3,88.4,normal,True,Master Food Database,,
food_2d8ded89,raw mango chutney,Raw mango chutney,['Kachhe aam/Kairi ki chutney'],,,,,Veg,50.0,386.26,193.13,0.51,49.94,0.16,2.17,45.22,480.68,normal,True,Master Food Database,,
food_8c9a02a7,raw mango drink,Raw mango drink,['Aam panna'],,,,,Veg,250.0,14.368,35.92,0.16,9.05,0.03,0.61,7.49,79.82,normal,True,Master Food Database,,
food_9ad4b7e1,raw papaya with coconut,Raw papaya with coconut,['Papaya thoran'],,,,,Veg,150.0,88.5,132.75,1.54,5.58,11.42,4.31,3.82,270.56,normal,True,Master Food Database,,
food_1ddef462,raw turnip with coconut,Raw turnip with coconut ,[],,,,,Veg,150.0,88.1,132.15,1.8,5.78,11.47,2.79,4.4,275.55,normal,True,Master Food Database,,
food_45d3993f,red cabbage,Red Cabbage,[],Vegetable,,,,Veg,150.0,14.666666666666666,22.0,1.1,5.2,0.1,1.6,2.8,8.0,normal,True,Master Food Database,,
food_5ef419ab,red onion,Red Onion,[],Vegetable,,,,Veg,150.0,10.666666666666668,16.0,0.3,3.7,0.0,0.4,1.8,1.0,normal,True,Master Food Database,,
food_808c692f,red rice,Red Rice,[],Rice,,East India,,Veg,150.0,86.7,130.0,3.0,28.0,1.0,2.0,0.0,0.0,normal,True,Master Food Database,,
food_23ad9eba,red wine,Red Wine,[],Beverage,,,,Veg,250.0,50.0,125.0,0.1,3.8,0.0,0.0,0.9,6.0,normal,True,Master Food Database,,
food_4517acca,refried beans,Refried Beans,[],Legume,,,,Veg,150.0,76.66666666666667,115.0,7.0,19.0,1.0,6.0,1.0,480.0,normal,True,Master Food Database,,
food_f72955b0,reuben sandwich,Reuben Sandwich,[],Meal/Processed,,,,Veg,100.0,650.0,650.0,28.0,35.0,40.0,5.0,6.0,1500.0,normal,True,Master Food Database,,
food_99cc36b2,ribbon sandwich,Ribbon sandwich,[],,,,,Veg,100.0,239.26,239.26,6.26,24.76,13.37,2.92,4.66,382.11,normal,True,Master Food Database,,
food_30e5ad1e,ribollita,Ribollita,[],Meal/Soup,,,,Veg,250.0,140.0,350.0,15.0,55.0,8.0,14.0,10.0,900.0,normal,True,Master Food Database,,
food_273a4b44,rice,Rice,[],Grain,,,,Veg,250.0,53.55,90.5,2.05,19.55,0.55,1.05,0.0,0.0,normal,True,Master Food Database,,
food_f8c9e475,rice dal porridge,Rice dal porridge,['Chawal dal ki khichdi/khichri'],,,,,Veg,250.0,153.332,383.33,10.8,65.04,8.33,4.51,26.54,12.33,normal,True,Master Food Database,,
food_632af0bc,rice flakes,Rice flakes,['Chiwda/Aval'],,,,,Veg,250.0,44.976,112.44,3.62,15.57,3.99,0.37,7.28,22.4,normal,True,Master Food Database,,
food_b2bafc2d,rice flakes and roasted channa,Rice flakes and roasted channa ,[],,,,,Veg,250.0,133.35999999999999,333.4,10.57,71.94,2.94,8.84,1.31,205.51,normal,True,Master Food Database,,
food_7097b1af,rice kheer,Rice kheer,['Chawal ki kheer'],,,,,Veg,250.0,30.012,75.03,2.3,10.05,2.97,0.17,8.02,16.24,normal,True,Master Food Database,,
food_adc5b547,rice krispies,Rice Krispies,[],Grain,,,,Veg,250.0,64.0,160.0,3.0,37.0,0.5,0.5,4.0,290.0,normal,True,Master Food Database,,
food_31249b6d,rice moong dal cheela,Rice moong dal cheela,['Chawal aur moong dal ka cheela'],,,,,Veg,250.0,319.304,798.26,2.74,11.13,82.44,1.18,0.15,142.82,normal,True,Master Food Database,,
food_8b380575,rice murukku,Rice murukku,[],,,,,Veg,250.0,237.596,593.99,5.41,33.29,48.22,2.18,0.17,63.31,normal,True,Master Food Database,,
food_e7689b20,rice puttu,Rice puttu,['Ari puttu'],,,,,Veg,250.0,32.792,81.98,1.26,11.82,3.13,0.76,0.33,48.28,normal,True,Master Food Database,,
food_e5c28063,rice upma,Rice upma,[],,,,,Veg,250.0,60.50800000000001,151.27,2.63,17.96,7.46,2.12,1.13,101.75,normal,True,Master Food Database,,
food_b88b81cc,rich chocolate mousse,Rich chocolate mousse,[],,,,,Veg,150.0,125.50666666666666,188.26,7.96,10.84,12.19,0.0,10.3,51.71,normal,True,Master Food Database,,
food_c601fda4,ricotta,Ricotta,[],Dairy,,,,Veg,150.0,32.666666666666664,49.0,3.2,0.8,3.8,0.0,0.1,23.0,normal,True,Master Food Database,,
food_8b5cc96a,ricotta cheese,Ricotta Cheese,[],Dairy,,,,Veg,150.0,56.666666666666664,85.0,5.5,2.5,6.0,0.0,1.0,50.0,normal,True,Master Food Database,,
food_78c33114,risotto,Risotto,[],Meal/Grain,,,,Veg,150.0,166.66666666666669,250.0,7.0,35.0,9.0,3.0,3.0,600.0,normal,True,Master Food Database,,
food_40496474,risotto alla milanese,Risotto alla Milanese,[],Meal/Rice,,,,Veg,250.0,140.0,350.0,10.0,50.0,12.0,3.0,3.0,700.0,normal,True,Master Food Database,,
food_f3c8c2d6,rista,Rista,[],Meat,,,Jammu and Kashmir,Non-Veg,180.0,194.4,350.0,32.0,3.0,25.0,2.0,0.0,0.0,normal,True,Master Food Database,,
food_e4cc6292,roast chicken,Roast chicken,[],,,,,Non-Veg,150.0,133.26666666666668,199.9,20.49,0.1,13.06,0.03,0.05,71.71,normal,True,Master Food Database,,
food_c286858b,roast potatoes,Roast potatoes ,[],,,,,Veg,150.0,58.21333333333333,87.32,1.53,14.52,2.35,1.71,0.33,90.67,normal,True,Master Food Database,,
food_53a57d6e,roasted cauliflower steak,Roasted cauliflower steak,[],,,,,Veg,250.0,31.472,78.68,2.05,2.02,6.7,3.53,0.44,120.19,normal,True,Master Food Database,,
food_0f550502,rogan josh,Rogan Josh,[],Meat,,,Jammu and Kashmir,Non-Veg,180.0,194.4,350.0,32.0,3.0,25.0,2.0,0.0,0.0,normal,True,Master Food Database,,
food_fdc69b02,roghan josh,Roghan josh,[],,,,,Veg,150.0,93.06,139.59,9.56,4.93,9.02,2.08,2.66,204.31,normal,True,Master Food Database,,
food_41e8ed5f,rolled sandwich,Rolled sandwich,[],,,,,Veg,100.0,293.07,293.07,6.45,34.69,15.29,2.07,2.7,321.57,normal,True,Master Food Database,,
food_e5ebf2ef,root beer,Root Beer,[],Beverage,,,,Veg,250.0,60.0,150.0,0.0,40.0,0.0,0.0,40.0,55.0,normal,True,Master Food Database,,
food_d0b81861,ros omelette,Ros Omelette,[],Egg,,,Goa,Non-Veg,100.0,220.0,220.0,23.0,0.0,15.0,1.0,0.0,0.0,normal,True,Master Food Database,,
food_35151afa,rosemary,Rosemary,[],Condiment,,,,Veg,30.0,3.3333333333333335,1.0,0.0,0.2,0.0,0.1,0.0,0.0,normal,True,Master Food Database,,
food_9b05fab6,royal icing,Royal icing,[],,,,,Veg,150.0,221.72,332.58,1.74,86.53,0.02,0.0,85.57,36.5,normal,True,Master Food Database,,
food_d8e4793b,royyala iguru,Royyala Iguru,[],Seafood,,,Andhra Pradesh,Non-Veg,180.0,122.2,220.0,30.0,1.0,11.0,1.0,0.0,0.0,normal,True,Master Food Database,,
food_e4fc1a71,rugra,Rugra,[],Vegetable,,,Jharkhand,Veg,150.0,80.0,120.0,4.0,14.0,5.0,5.0,0.0,0.0,normal,True,Master Food Database,,
food_5b76558d,russian salad,Russian salad,[],,,,,Veg,150.0,76.55333333333333,114.83,4.26,6.5,7.84,2.57,1.66,101.09,normal,True,Master Food Database,,
food_b2135c0e,rye bread,Rye Bread,[],Grain,,,,Veg,80.0,103.75000000000001,83.0,2.7,15.5,1.1,1.9,1.2,170.0,normal,True,Master Food Database,,
food_f1ec7fe2,rye crispbread,Rye Crispbread,[],Grain,,,,Veg,80.0,87.5,70.0,2.0,14.0,0.5,3.0,0.0,120.0,normal,True,Master Food Database,,
food_e4cf6844,s'more,S'more,[],Dessert,,,,Veg,75.0,186.66666666666666,140.0,2.0,25.0,4.0,1.0,15.0,90.0,normal,True,Master Food Database,,
food_d714c083,saath,Saath,[],Sweet,,West India,,Veg,75.0,400.0,300.0,5.0,42.0,12.0,2.0,0.0,0.0,normal,True,Master Food Database,,
food_e767fd89,sabudana khichadi,Sabudana Khichadi,[],Breakfast,,West India,,Veg,180.0,122.2,220.0,7.0,32.0,7.0,3.0,0.0,0.0,normal,True,Master Food Database,,
food_dbecf302,sabudana khichdi,Sabudana Khichdi,[],Breakfast,,,Madhya Pradesh,Veg,180.0,122.2,220.0,7.0,32.0,7.0,3.0,0.0,0.0,normal,True,Master Food Database,,
food_888bc6c6,sabudana vada,Sabudana Vada,[],Snack,,,Maharashtra,Veg,100.0,280.0,280.0,6.0,32.0,14.0,3.0,0.0,0.0,normal,True,Master Food Database,,
food_f9ce7ff9,safed maas,Safed Maas,[],Meat,,,Rajasthan,Non-Veg,180.0,194.4,350.0,32.0,3.0,25.0,2.0,0.0,0.0,normal,True,Master Food Database,,
food_e0194f52,saffron,Saffron,[],Condiment,,,,Veg,30.0,3.3333333333333335,1.0,0.0,0.1,0.0,0.0,0.0,0.0,normal,True,Master Food Database,,
food_a81346c5,saffron biscuit,Saffron biscuit,['Kesar biscuit'],,,,,Veg,150.0,305.74,458.61,6.05,59.7,22.01,1.9,22.42,5.65,normal,True,Master Food Database,,
food_674f1e84,saffron milk,Saffron milk,['Kesariya doodh'],,,,,Veg,250.0,40.872,102.18,3.17,12.64,4.57,0.14,12.5,23.69,normal,True,Master Food Database,,
food_fdad37af,sage,Sage,[],Condiment,,,,Veg,30.0,3.3333333333333335,1.0,0.0,0.1,0.0,0.1,0.0,0.0,normal,True,Master Food Database,,
food_eb766bb4,sago cutlet/vadas,Sago cutlet/vadas,['Sabudana cutlet/vadas'],,,,,Veg,150.0,372.50666666666666,558.76,0.56,11.23,56.97,0.54,0.1,48.17,normal,True,Master Food Database,,
food_6373fa5f,sago khitchdi/khichri,Sago khitchdi/khichri,['Sabudana khitchdi/khichri'],,,,,Veg,150.0,124.77333333333334,187.16,2.72,22.41,10.1,1.82,1.03,100.26,normal,True,Master Food Database,,
food_00157e1b,sajina,Sajina,[],,,,,Veg,150.0,230.17333333333335,345.26,10.81,66.87,3.03,7.62,25.89,11.7,normal,True,Master Food Database,,
food_06aee57c,sajjige,Sajjige,[],Sweet,,South India,,Veg,75.0,400.0,300.0,5.0,42.0,12.0,2.0,0.0,0.0,normal,True,Master Food Database,,
food_0ae53931,sake,Sake,[],Beverage,,,,Veg,250.0,46.800000000000004,117.0,0.4,3.8,0.0,0.0,0.0,4.0,normal,True,Master Food Database,,
food_fbd461c0,sakinalu,Sakinalu,[],Snack,,,Telangana,Veg,100.0,280.0,280.0,6.0,32.0,14.0,3.0,0.0,0.0,normal,True,Master Food Database,,
food_07b1330b,sakkara pongal,Sakkara Pongal,[],Sweet,,South India,,Veg,75.0,400.0,300.0,5.0,42.0,12.0,2.0,0.0,0.0,normal,True,Master Food Database,,
food_6007db65,salami,Salami,[],Protein/Processed,,,,Veg,150.0,73.33333333333333,110.0,6.0,1.0,9.0,0.0,0.5,500.0,normal,True,Master Food Database,,
food_4131fb29,salami sandwich,Salami sandwich,[],,,,,Veg,100.0,255.58999999999997,255.59,8.7,21.54,15.51,1.97,2.0,662.75,normal,True,Master Food Database,,
food_05ea2b12,salmon,Salmon,[],Protein/Fish,,,,Non-Veg,150.0,153.33333333333334,230.0,25.0,0.0,14.0,0.0,0.0,60.0,normal,True,Master Food Database,,
food_c6f4a081,salsa,Salsa,[],Vegetable,,,,Veg,150.0,23.333333333333332,15.0,0.65,3.25,0.05,0.75,3.0,250.0,normal,True,Master Food Database,,
food_810a8bb7,salt,Salt,[],Condiment,,,,Veg,30.0,0.0,0.0,0.0,0.0,0.0,0.0,0.0,580.0,normal,True,Master Food Database,,
food_95971ee3,saltimbocca,Saltimbocca,[],Meal/Meat,,,,Veg,150.0,253.33333333333331,380.0,38.0,5.0,22.0,0.5,1.0,850.0,normal,True,Master Food Database,,
food_8b272ea0,saltine crackers,Saltine Crackers,[],Grain/Processed,,,,Veg,150.0,40.0,60.0,1.0,10.0,1.5,0.5,0.0,140.0,normal,True,Master Food Database,,
food_5bddb797,sambar,Sambar,[],Curry,,,Tamil Nadu,Veg,200.0,98.20444444444445,185.64,6.45,15.523333333333333,9.459999999999999,4.506666666666667,0.0,0.0,normal,True,Master Food Database,,
food_b5864474,sambar powder,Sambar powder,['Sambar masala'],,,,,Veg,150.0,198.30666666666664,297.46,12.5,23.38,15.58,34.56,1.87,27.66,normal,True,Master Food Database,,
food_3846053a,samosa,Samosa,[],Snack/Processed,,,,Veg,100.0,205.0,205.0,9.5,25.0,10.0,2.5,1.0,300.0,normal,True,Master Food Database,,
food_32f34808,sandesh,Sandesh,[],Sweet,,,West Bengal,Veg,75.0,400.0,300.0,5.0,42.0,12.0,2.0,0.0,0.0,normal,True,Master Food Database,,
food_97b0ec15,sandige,Sandige,[],Snack,,South India,,Veg,100.0,280.0,280.0,6.0,32.0,14.0,3.0,0.0,0.0,normal,True,Master Food Database,,
food_9942a43c,santula,Santula,[],Vegetable,,,Odisha,Veg,150.0,80.0,120.0,4.0,14.0,5.0,5.0,0.0,0.0,normal,True,Master Food Database,,
food_ed29f0d0,sarson ka saag,Sarson ka saag,[],,,,,Veg,150.0,58.56,87.84,3.0,5.33,5.86,3.69,0.75,165.45,normal,True,Master Food Database,,
food_e0616780,sarson saag,Sarson Saag,[],Main Dish,,,Punjab,Veg,200.0,140.0,280.0,9.0,30.0,12.0,6.0,0.0,0.0,normal,True,Master Food Database,,
food_1ca6efa7,sarva pindi,Sarva Pindi,[],Bread,,,Telangana,Veg,80.0,312.5,250.0,7.0,42.0,7.0,3.0,0.0,0.0,normal,True,Master Food Database,,
food_14329d18,sashimi,Sashimi,[],Protein/Fish,,,,Veg,150.0,80.0,120.0,18.0,0.0,5.0,0.0,0.0,45.0,normal,True,Master Food Database,,
food_f8697982,sattu drink,Sattu drink,[],,,,,Veg,250.0,9.351999999999999,23.38,0.56,5.16,0.14,0.4,3.96,12.65,normal,True,Master Food Database,,
food_972e78dc,sattu ki roti,Sattu Ki Roti,[],Bread,,North India,,Veg,80.0,312.5,250.0,7.0,42.0,7.0,3.0,0.0,0.0,normal,True,Master Food Database,,
food_2e09ec90,sattu paratha,Sattu Paratha,[],Bread,,,Bihar,Veg,80.0,312.5,250.0,7.0,42.0,7.0,3.0,0.0,0.0,normal,True,Master Food Database,,
food_eaacc7f4,sattu sharbat,Sattu Sharbat,[],Drink,,,Jharkhand,Veg,250.0,55.0,137.5,3.5,8.5,1.0,1.5,0.0,0.0,normal,True,Master Food Database,,2026-09-22T11:42:33.494752
food_3edf43c1,sauerkraut,Sauerkraut,[],Vegetable,,,,Veg,150.0,7.0,10.5,0.5,2.3,0.05,1.5,0.6,234.0,normal,True,Master Food Database,,
food_fdde6b1b,saunth/sonth chutney with ginger,Saunth/Sonth chutney with ginger,[],,,,,Veg,50.0,168.44,84.22,0.28,20.62,0.11,0.31,19.04,222.53,normal,True,Master Food Database,,
food_cbb295d0,saunth/sonth chutney with tamarind/imli,Saunth/Sonth chutney with tamarind/imli,[],,,,,Veg,50.0,283.06,141.53,1.01,33.55,0.15,0.93,31.31,244.38,normal,True,Master Food Database,,
food_853bde10,sausage link,Sausage Link,[],Protein/Meat,,,,Non-Veg,150.0,56.666666666666664,85.0,5.0,1.0,7.0,0.0,0.5,300.0,normal,True,Master Food Database,,
food_3c94d060,sauteed radishes with green beans,Sauteed radishes with green beans,[],,,,,Veg,150.0,62.87999999999999,94.32,2.41,6.04,6.61,3.52,1.78,65.1,normal,True,Master Food Database,,
food_ffed3e95,savoury cheese horns,Savoury cheese horns,[],,,,,Veg,150.0,196.76666666666665,295.15,5.66,21.38,20.71,0.73,2.74,212.28,normal,True,Master Food Database,,
food_1524087a,savoury puffs,Savoury puffs,[],,,,,Veg,150.0,127.19333333333334,190.79,9.51,10.8,15.24,0.33,4.51,2274.24,normal,True,Master Food Database,,
food_ac06e06a,sawhchiar,Sawhchiar,[],Rice Dish,,,Mizoram,Non-Veg,250.0,120.0,300.0,16.0,48.0,8.0,3.0,0.0,0.0,normal,True,Master Food Database,,
food_582d32bb,scallops,Scallops,[],Protein/Seafood,,,,Veg,150.0,63.33333333333333,95.0,17.0,5.0,1.0,0.0,0.0,180.0,normal,True,Master Food Database,,
food_4a01fe5e,schezwan chutney,Schezwan chutney,[],,,,,Veg,50.0,410.38,205.19,3.33,10.79,17.72,5.72,5.66,486.27,normal,True,Master Food Database,,
food_650e82c1,scotch egg,Scotch egg,[],,,,,Eggetarian,150.0,451.26,676.89,4.05,1.91,72.62,0.36,0.3,90.67,normal,True,Master Food Database,,
food_55aacce2,scrambled egg,Scrambled egg,['Ande ki bhurji'],,,,,Eggetarian,150.0,103.98,155.97,10.29,1.35,12.21,0.24,1.08,374.66,normal,True,Master Food Database,,
food_d4537076,scrambled eggs,Scrambled Eggs,[],Protein/Dairy,,,,Eggetarian,150.0,120.0,180.0,12.0,2.0,14.0,0.0,1.0,180.0,normal,True,Master Food Database,,
food_d2524122,sea salt,Sea Salt,[],Condiment,,,,Veg,30.0,0.0,0.0,0.0,0.0,0.0,0.0,0.0,550.0,normal,True,Master Food Database,,
food_94051129,seaweed salad,Seaweed Salad,[],Vegetable,,,,Veg,150.0,40.0,60.0,2.0,8.0,3.0,2.0,4.0,350.0,normal,True,Master Food Database,,
food_24e83426,seitan,Seitan,[],Protein/Vegetarian,,,,Veg,150.0,60.0,90.0,18.0,4.0,1.0,1.0,1.0,300.0,normal,True,Master Food Database,,
food_95601e6d,sel roti,Sel Roti,[],Bread,,,Sikkim,Veg,80.0,312.5,250.0,7.0,42.0,7.0,3.0,0.0,0.0,normal,True,Master Food Database,,
food_fa7a6422,semolina burfi,Semolina burfi,['Suji/Rava burfi'],,,,,Veg,150.0,232.4466666666667,348.67,3.47,47.1,16.86,2.8,28.67,8.33,normal,True,Master Food Database,,
food_13a0fa5a,semolina cake,Semolina cake,['Suji/Rava cake'],,,,,Veg,150.0,249.42666666666665,374.14,6.58,31.32,25.18,5.37,18.86,91.36,normal,True,Master Food Database,,
food_55523b16,semolina carrot vada,Semolina carrot vada,['Suji gajar vada'],,,,,Veg,150.0,466.35333333333335,699.53,1.56,6.52,74.07,1.07,1.21,73.17,normal,True,Master Food Database,,
food_3eea3186,semolina dhokla,Semolina dhokla,['Suji/Rava dhokla'],,,,,Veg,150.0,129.94,194.91,5.44,30.86,5.2,5.12,1.85,443.39,normal,True,Master Food Database,,
food_0e8df8ad,semolina dosa,Semolina dosa,['Suji/Rava dosa'],,,,,Veg,150.0,151.36666666666667,227.05,7.3,32.84,7.12,4.04,4.37,202.36,normal,True,Master Food Database,,
food_1885dc56,semolina halwa,Semolina halwa,['Suji ka halwa'],,,,,Veg,150.0,150.43333333333334,225.65,2.16,24.67,13.38,1.86,13.98,1.28,normal,True,Master Food Database,,
food_dcbec9b9,semolina idli,Semolina idli,['Suji/Rava idli'],,,,,Veg,150.0,137.59333333333333,206.39,9.34,33.67,3.47,5.85,3.42,185.02,normal,True,Master Food Database,,
food_dbd6d3a4,semolina kheer,Semolina kheer,['Suji/Rava kheer'],,,,,Veg,150.0,75.47333333333333,113.21,3.43,15.88,4.2,0.51,12.88,22.66,normal,True,Master Food Database,,
food_138821e4,semolina ladoo with coconut,Semolina ladoo with coconut,['Suji/Rava aur nariyal ke ladoo'],,,,,Veg,150.0,309.62,464.43,5.68,50.9,27.03,6.69,27.32,9.06,normal,True,Master Food Database,,
food_1e663a02,semolina ladoo with khoya,Semolina ladoo with khoya,['Suji/Rava aur khoye ke ladoo'],,,,,Veg,150.0,285.8066666666666,428.71,6.71,52.86,21.86,4.68,33.28,14.4,normal,True,Master Food Database,,
food_15965c48,semolina ladoo with nuts,Semolina ladoo with nuts,['Suji/Rava ladoo with nuts'],,,,,Veg,150.0,294.56,441.84,5.44,48.02,25.45,4.27,19.79,3.93,normal,True,Master Food Database,,
food_7541e5ad,semolina milk drink,Semolina milk drink,['Thari kanji'],,,,,Veg,250.0,17.663999999999998,44.16,0.98,6.93,1.36,0.72,3.88,11.95,normal,True,Master Food Database,,
food_9aedac7c,semolina porridge,Semolina porridge,['Suji/Rava daliya'],,,,,Veg,150.0,67.25999999999999,100.89,3.75,12.39,4.08,0.7,7.54,23.21,normal,True,Master Food Database,,
food_5c4b64aa,semolina upma,Semolina upma,['Suji/Rava upma'],,,,,Veg,150.0,98.59333333333332,147.89,3.3,16.31,7.49,3.24,1.31,101.59,normal,True,Master Food Database,,
food_43a04ab7,sesame biscuit,Sesame biscuit,['Til ke biscuit'],,,,,Veg,150.0,282.68666666666667,424.03,8.27,53.65,19.34,6.83,29.73,182.26,normal,True,Master Food Database,,
food_9f144fa2,sesame chickpeas brittle,Sesame chickpeas brittle,['Til aur channe ki chikki'],,,,,Veg,150.0,188.49333333333334,282.74,8.5,50.49,4.66,5.54,36.48,17.93,normal,True,Master Food Database,,
food_8183487a,sesame ladoo,Sesame ladoo,['Til ke ladoo'],,,,,Veg,150.0,264.64,396.96,10.7,43.5,19.64,7.72,38.63,18.55,normal,True,Master Food Database,,
food_a1fa6697,sesame oil,Sesame Oil,[],Condiment,,,,Veg,30.0,133.33333333333331,40.0,0.0,0.0,4.5,0.0,0.0,0.0,normal,True,Master Food Database,,
food_6f5aff1a,sesame toast,Sesame toast,[],,,,,Veg,150.0,330.12666666666667,495.19,1.9,11.15,49.38,1.32,1.46,128.78,normal,True,Master Food Database,,
food_7ed7d455,sev,Sev,['Omapodi/Karapusa'],,,,,Veg,150.0,406.0933333333333,609.14,5.12,12.87,60.08,2.35,0.53,53.19,normal,True,Master Food Database,,
food_98ccf74f,sev khamani,Sev Khamani,[],Snack,,West India,,Veg,100.0,280.0,280.0,6.0,32.0,14.0,3.0,0.0,0.0,normal,True,Master Food Database,,
food_0e485e7e,sev tameta,Sev Tameta,[],Curry,,,Gujarat,Veg,200.0,115.0,230.0,8.0,18.0,12.0,5.0,0.0,0.0,normal,True,Master Food Database,,
food_06cbecd7,sev usal,Sev Usal,[],Street Food,,,Gujarat,Veg,180.0,194.4,350.0,8.0,45.0,15.0,5.0,0.0,0.0,normal,True,Master Food Database,,
food_926749a9,sevai,Sevai,[],Breakfast,,South India,,Veg,180.0,122.2,220.0,7.0,32.0,7.0,3.0,0.0,0.0,normal,True,Master Food Database,,
food_514c6f35,sha phal,Sha Phal,[],Meat,,,Sikkim,Non-Veg,180.0,194.4,350.0,32.0,3.0,25.0,2.0,0.0,0.0,normal,True,Master Food Database,,
food_50c02e81,shahi chicken masala,Shahi chicken masala,[],,,,,Non-Veg,150.0,109.13333333333333,163.7,9.82,4.07,12.02,0.96,2.86,142.56,normal,True,Master Food Database,,
food_338fe0ad,shahi keema kofta curry,Shahi keema kofta curry,[],,,,,Non-Veg,200.0,209.065,418.13,4.14,1.73,43.83,0.91,0.78,104.53,normal,True,Master Food Database,,
food_127d8bfa,shahi paneer,Shahi paneer,[],,,,,Veg,150.0,109.66666666666666,193.25,6.529999999999999,12.32,12.17,3.2,5.01,215.35,normal,True,Master Food Database,,
food_2af3c70f,shahi suji halwa,Shahi suji halwa,[],,,,,Veg,150.0,254.89333333333332,382.34,3.48,44.44,21.73,2.96,27.21,2.18,normal,True,Master Food Database,,
food_d3dbe9cc,shahi tukra,Shahi Tukra,[],Dessert,,North India,,Veg,100.0,280.0,280.0,5.0,35.0,12.0,2.0,0.0,0.0,normal,True,Master Food Database,,
food_081e2410,shahi tukre,Shahi tukre,[],,,,,Veg,150.0,126.54,189.81,2.76,41.46,2.54,0.51,34.7,71.04,normal,True,Master Food Database,,
food_3ef2dfc0,shakarpara,Shakarpara,[],Snack,,West India,,Veg,100.0,280.0,280.0,6.0,32.0,14.0,3.0,0.0,0.0,normal,True,Master Food Database,,
food_0fb5142a,shami kebab,Shami Kebab,[],Meat,,,Uttar Pradesh,Non-Veg,180.0,194.4,350.0,32.0,3.0,25.0,2.0,0.0,0.0,normal,True,Master Food Database,,
food_1dd6a732,shammi kebab,Shammi kebab,[],,,,,Veg,150.0,457.1266666666667,685.69,4.52,3.54,72.61,1.05,0.31,54.27,normal,True,Master Food Database,,
food_f12f4294,shankarpali,Shankarpali,[],Snack,,West India,,Veg,100.0,280.0,280.0,6.0,32.0,14.0,3.0,0.0,0.0,normal,True,Master Food Database,,
food_d3478122,shawarma,Shawarma,[],Meal/Processed,,,,Veg,150.0,366.66666666666663,550.0,30.0,50.0,25.0,6.0,5.0,1100.0,normal,True,Master Food Database,,
food_36debc53,sheer chai,Sheer Chai,[],Drink,,,Jammu and Kashmir,Veg,250.0,48.0,120.0,4.0,18.0,4.0,1.0,0.0,0.0,normal,True,Master Food Database,,
food_6e422627,shepherd's pie,Shepherd's pie,"['vegetarian', 'with minced meat']",,,,,Veg,150.0,150.75777777777776,226.13666666666666,10.83,18.363333333333333,12.06,3.0933333333333337,2.78,118.2,normal,True,Master Food Database,,
food_b4ddd712,shiro,Shiro,[],Sweet,,West India,,Veg,75.0,400.0,300.0,5.0,42.0,12.0,2.0,0.0,0.0,normal,True,Master Food Database,,
food_b703ffb5,shish tawook,Shish Tawook,[],Meal/Meat,,,,Veg,150.0,200.0,300.0,35.0,5.0,16.0,1.0,2.0,600.0,normal,True,Master Food Database,,
food_a763783b,shishu ahar,Shishu ahar,[],,,,,Veg,150.0,62.24666666666667,93.37,2.61,17.42,1.43,1.02,6.61,2.68,normal,True,Master Food Database,,
food_c4058cb7,shondesh,Shondesh,[],Sweet,,East India,,Veg,75.0,400.0,300.0,5.0,42.0,12.0,2.0,0.0,0.0,normal,True,Master Food Database,,
food_3be97ce8,shorshe ilish,Shorshe Ilish,[],Fish,,,West Bengal,Non-Veg,180.0,133.3,240.0,33.0,0.0,13.0,1.0,0.0,0.0,normal,True,Master Food Database,,
food_49001d92,short bread cookies,Short bread cookies,[],,,,,Veg,80.0,553.8625,443.09,6.03,64.82,17.98,1.57,23.31,145.0,normal,True,Master Food Database,,
food_d40fe4be,short crust pastry,Short crust pastry,[],,,,,Veg,150.0,281.4,422.1,6.11,44.72,23.98,1.58,3.18,97.2,normal,True,Master Food Database,,
food_efce5cbe,shredded cheese,Shredded Cheese,[],Dairy,,,,Veg,150.0,76.66666666666667,115.0,7.0,1.0,9.5,0.0,0.5,180.0,normal,True,Master Food Database,,
food_7189d930,shrikhand,Shrikhand,[],Sweet,,,Gujarat,Veg,75.0,400.0,300.0,5.0,42.0,12.0,2.0,0.0,0.0,normal,True,Master Food Database,,
food_325c3c92,shrimp,Shrimp,[],Protein/Fish,,,,Non-Veg,150.0,56.00000000000001,84.0,20.0,0.2,0.2,0.0,0.0,100.0,normal,True,Master Food Database,,
food_7335747f,shrimp cocktail,Shrimp Cocktail,[],Protein/Seafood,,,,Non-Veg,150.0,40.0,60.0,10.0,1.0,1.0,0.0,0.5,300.0,normal,True,Master Food Database,,
food_ecd786d0,shrimp scampi,Shrimp Scampi,[],Meal/Seafood,,,,Non-Veg,150.0,253.33333333333331,380.0,22.0,40.0,15.0,3.0,3.0,750.0,normal,True,Master Food Database,,
food_ba67a995,shukto,Shukto,[],Vegetable,,,West Bengal,Veg,150.0,83.35,125.0,4.0,14.5,5.0,5.0,0.0,0.0,normal,True,Master Food Database,,
food_22911fff,siddu,Siddu,[],Bread,,,Himachal Pradesh,Veg,80.0,312.5,250.0,7.0,42.0,7.0,3.0,0.0,0.0,normal,True,Master Food Database,,
food_1a334695,side salad,Side Salad,[],Vegetable,,,,Veg,150.0,46.666666666666664,70.0,2.0,8.0,4.0,3.0,3.0,150.0,normal,True,Master Food Database,,
food_1c14475b,sikkimese pork curry,Sikkimese Pork Curry,[],Meat,,,Sikkim,Non-Veg,180.0,194.4,350.0,32.0,3.0,25.0,2.0,0.0,0.0,normal,True,Master Food Database,,
food_238268c5,silken tofu,Silken Tofu,[],Protein/Vegetarian,,,,Veg,150.0,30.0,45.0,5.0,2.0,2.5,0.5,1.0,5.0,normal,True,Master Food Database,,
food_e1396fea,simple syrup,Simple Syrup,[],Condiment,,,,Veg,30.0,100.0,30.0,0.0,8.0,0.0,0.0,8.0,0.0,normal,True,Master Food Database,,
food_786bc409,singhada lapsi,Singhada Lapsi,[],Sweet,,North India,,Veg,75.0,400.0,300.0,5.0,42.0,12.0,2.0,0.0,0.0,normal,True,Master Food Database,,
food_84b41e97,singju,Singju,[],Salad,,,Manipur,Veg,200.0,50.0,100.0,4.0,12.0,3.0,4.0,0.0,0.0,normal,True,Master Food Database,,
food_91a7ad76,singori,Singori,[],Sweet,,,Uttarakhand,Veg,75.0,400.0,300.0,5.0,42.0,12.0,2.0,0.0,0.0,normal,True,Master Food Database,,
food_603ebbaa,skirt steak,Skirt Steak,[],Protein/Meat,,,,Veg,250.0,96.0,240.0,26.0,0.0,15.0,0.0,0.0,70.0,normal,True,Master Food Database,,
food_ec29d576,small onion pickle,Small onion pickle ,[],,,,,Veg,30.0,56.199999999999996,16.86,1.65,2.76,0.64,1.09,2.99,249.48,normal,True,Master Food Database,,
food_9c79fed3,smoked pork,Smoked Pork,[],Meat,,,Arunachal Pradesh,Non-Veg,180.0,194.4,350.0,32.0,3.0,25.0,2.0,0.0,0.0,normal,True,Master Food Database,,
food_6199fb7d,smoked pork with bamboo shoot,Smoked Pork With Bamboo Shoot,[],Meat,,,Nagaland,Non-Veg,180.0,194.4,350.0,32.0,3.0,25.0,2.0,0.0,0.0,normal,True,Master Food Database,,
food_dfc468ce,smoothie,Smoothie,[],Beverage/Meal,,,,Veg,250.0,112.00000000000001,280.0,12.0,55.0,3.0,7.0,40.0,70.0,normal,True,Master Food Database,,
food_029fd66c,snow flakes pudding,Snow flakes pudding,[],,,,,Veg,150.0,63.47333333333333,95.21,4.67,8.07,4.97,0.03,8.01,39.6,normal,True,Master Food Database,,
food_9b7b9373,soda,Soda,[],Beverage,,,,Veg,250.0,56.00000000000001,140.0,0.0,39.0,0.0,0.0,39.0,45.0,normal,True,Master Food Database,,
food_34ea0b85,soft custard,Soft Custard,['stirred'],,,,,Veg,150.0,72.78666666666666,109.18,5.01,11.19,5.07,0.0,11.15,122.17,normal,True,Master Food Database,,
food_d656967d,sohan papdi,Sohan Papdi,[],Sweet,,West India,,Veg,75.0,400.0,300.0,5.0,42.0,12.0,2.0,0.0,0.0,normal,True,Master Food Database,,
food_52cc9004,sol kadhi,Sol Kadhi,[],Drink,,,Goa,Veg,250.0,48.0,120.0,4.0,18.0,4.0,1.0,0.0,0.0,normal,True,Master Food Database,,
food_588a795a,sooji halwa,Sooji Halwa,[],Sweet,,North India,,Veg,75.0,400.0,300.0,5.0,42.0,12.0,2.0,0.0,0.0,normal,True,Master Food Database,,
food_20aaba46,soonvali,Soonvali,[],Snack,,West India,,Veg,100.0,280.0,280.0,6.0,32.0,14.0,3.0,0.0,0.0,normal,True,Master Food Database,,
food_e6c106f0,sorpotel,Sorpotel,[],Meat,,,Goa,Non-Veg,180.0,194.4,350.0,32.0,3.0,25.0,2.0,0.0,0.0,normal,True,Master Food Database,,
food_9b2c194c,sour cream,Sour Cream,[],Condiment/Dairy,,,,Veg,30.0,150.0,45.0,0.6000000000000001,0.95,4.35,0.0,0.8,25.0,normal,True,Master Food Database,,
food_8924777f,sour cream potato salad,Sour cream potato salad,[],,,,,Veg,150.0,81.26666666666668,121.9,2.89,9.05,8.13,1.21,0.84,102.66,normal,True,Master Food Database,,
food_fe2923fd,sour lentils,Sour lentils,['Khatti dal'],,,,,Veg,150.0,23.19333333333333,34.79,2.22,6.04,0.12,1.22,1.25,115.6,normal,True,Master Food Database,,
food_fe01b4fc,soy milk,Soy Milk,[],Beverage/Dairy-Alt,,,,Veg,250.0,44.0,110.0,8.0,9.0,4.5,2.0,6.0,125.0,normal,True,Master Food Database,,
food_00b3cbdc,soy sauce,Soy Sauce,[],Condiment,,,,Veg,30.0,30.0,9.0,1.0,1.0,0.0,0.1,0.4,920.0,normal,True,Master Food Database,,
food_458eea28,soya chikki,Soya chikki,[],,,,,Veg,150.0,282.46666666666664,423.7,7.18,62.89,15.51,3.55,45.47,17.24,normal,True,Master Food Database,,
food_e409b3b6,soya chunks and peas,Soya chunks and peas,['Nutrinugget matar'],,,,,Veg,150.0,55.080000000000005,82.62,3.03,5.82,5.11,2.86,1.64,70.97,normal,True,Master Food Database,,
food_9ccd49f6,soya chunks korma,Soya chunks korma,['Nutrinugget korma'],,,,,Veg,150.0,87.62,131.43,3.86,7.67,9.5,2.57,4.66,148.98,normal,True,Master Food Database,,
food_3ebfb49f,soya chunks sweet and sour,Soya chunks sweet and sour,['Nutrinugget sweet and sour'],,,,,Veg,75.0,667.92,500.94,2.85,3.27,55.99,0.86,1.1,2257.67,normal,True,Master Food Database,,
food_bbc9e242,soya roti,Soya roti,[],,,,,Veg,80.0,354.95,283.96,9.18,40.03,9.23,8.71,1.58,155.93,normal,True,Master Food Database,,
food_c7da21de,soya seekh kebab,Soya seekh kebab,[],,,,,Veg,150.0,76.7,115.05,5.4,10.0,5.88,2.24,0.51,92.25,normal,True,Master Food Database,,
food_43379278,soyabean curry,Soyabean curry,[],,,,,Veg,200.0,81.64,163.28,10.43,6.76,10.19,7.34,2.66,352.69,normal,True,Master Food Database,,
food_3a05f141,soyabean muthias,Soyabean muthias,[],,,,,Veg,150.0,559.5533333333334,839.33,2.46,3.7,90.45,1.47,0.17,78.25,normal,True,Master Food Database,,
food_1a72eac7,soyabean namak paras,Soyabean namak paras,[],,,,,Veg,150.0,558.9733333333334,838.46,2.65,4.65,89.83,1.41,0.22,72.05,normal,True,Master Food Database,,
food_f448390b,soyabean tikki,Soyabean tikki,[],,,,,Veg,150.0,465.4466666666666,698.17,3.53,4.39,74.02,2.2,0.35,88.72,normal,True,Master Food Database,,
food_d70514ea,soyrizo,Soyrizo,[],Protein/Vegetarian,,,,Veg,150.0,93.33333333333333,140.0,10.0,6.0,9.0,3.0,2.0,450.0,normal,True,Master Food Database,,
food_f1f68ea8,spaghetti,Spaghetti,[],Grain,,,,Veg,150.0,66.66666666666666,100.0,3.5,21.0,0.5,1.0,0.5,0.0,normal,True,Master Food Database,,
food_b708e3ec,spaghetti and cheese balls in tomato sauce,Spaghetti and cheese balls in tomato sauce,[],,,,,Veg,150.0,338.88,508.32,2.41,7.82,52.08,0.59,1.83,104.14,normal,True,Master Food Database,,
food_51a71595,spaghetti bolognese,Spaghetti bolognese,[],,,,,Veg,150.0,185.81,278.71500000000003,14.675,32.519999999999996,13.754999999999999,3.54,1.41,5358.6,normal,True,Master Food Database,,
food_95f619e8,spaghetti with meat balls and tomato sauce,Spaghetti with meat balls and tomato sauce,[],,,,,Non-Veg,150.0,105.42,158.13,5.61,10.46,10.64,1.11,1.87,189.13,normal,True,Master Food Database,,
food_8a32f255,spaghetti with paneer balls and tomato sauce,Spaghetti with paneer balls and tomato sauce,[],,,,,Veg,150.0,105.69333333333333,158.54,3.95,12.72,10.44,1.25,3.03,199.55,normal,True,Master Food Database,,
food_70ff83d9,spanish omelette/omlet,Spanish omelette/omlet,[],,,,,Eggetarian,150.0,104.96666666666665,157.45,8.25,5.1,11.44,2.54,1.03,233.87,normal,True,Master Food Database,,
food_7463a999,spanish rice,Spanish rice,[],,,,,Veg,250.0,65.696,164.24,4.19,31.1,2.23,2.78,1.26,96.61,normal,True,Master Food Database,,
food_2a9545de,spicy chutney sandwich,Spicy chutney sandwich,[],,,,,Veg,100.0,249.58,249.58,8.74,34.03,9.58,3.73,3.96,315.4,normal,True,Master Food Database,,
food_c4bd9b3a,spicy corn chaat,Spicy corn chaat ,[],,,,,Veg,150.0,319.8666666666667,479.8,4.61,11.45,46.55,2.17,0.95,86.5,normal,True,Master Food Database,,
food_87bfc71a,spicy mustard,Spicy Mustard,[],Condiment,,,,Veg,30.0,33.33333333333333,10.0,0.5,1.0,0.5,0.5,0.0,120.0,normal,True,Master Food Database,,
food_b49dcd48,spinach and paneer souffle,Spinach and paneer souffle ,[],,,,,Veg,150.0,124.12666666666668,186.19,7.56,9.64,13.49,1.07,2.81,434.68,normal,True,Master Food Database,,
food_04a4a2b7,spinach and potato,Spinach and potato,['Palak aloo'],,,,,Veg,150.0,38.11333333333333,57.17,1.63,5.91,2.82,2.04,0.93,62.46,normal,True,Master Food Database,,
food_48a00da6,spinach artichoke dip,Spinach Artichoke Dip,[],Snack/Processed,,,,Veg,100.0,160.0,160.0,5.0,6.0,14.0,2.0,2.0,350.0,normal,True,Master Food Database,,
food_1a9c2ba5,spinach burfi,Spinach burfi,['Palak burfi'],,,,,Veg,150.0,80.78,121.17,2.71,12.76,6.81,1.17,12.12,27.77,normal,True,Master Food Database,,
food_6fefbd44,spinach chickpeas cutlet,Spinach chickpeas cutlet,['Palak channa dal cutlet'],,,,,Veg,150.0,458.68666666666667,688.03,1.44,4.93,73.6,0.93,0.16,79.13,normal,True,Master Food Database,,
food_dd995a3b,spinach khichri,Spinach khichri,['Palak khichri/khichdi'],,,,,Veg,150.0,68.12,102.18,3.43,17.35,1.91,1.56,0.21,69.59,normal,True,Master Food Database,,
food_a23142ac,spinach kofta curry,Spinach kofta curry,['Palak kofta curry'],,,,,Veg,200.0,285.89,571.78,1.09,3.56,61.49,0.92,0.82,104.51,normal,True,Master Food Database,,
food_892dbf22,spinach mushroom,Spinach mushroom,['Palak mushroom'],,,,,Veg,150.0,31.753333333333334,47.63,1.94,2.95,2.96,2.27,1.0,70.97,normal,True,Master Food Database,,
food_8eab7b70,spinach mushroom scrambled egg,Spinach mushroom scrambled egg,['Palak mushroom bhurji'],,,,,Eggetarian,150.0,105.89999999999999,158.85,13.28,0.59,11.51,0.39,0.1,227.97,normal,True,Master Food Database,,
food_1455ec17,spinach mutton,Spinach mutton,['Palak mutton'],,,,,Non-Veg,150.0,53.54666666666667,80.32,5.74,3.45,4.71,2.23,1.42,121.1,normal,True,Master Food Database,,
food_e847e71a,spinach pakora/pakoda,Spinach pakora/pakoda,['Palak pakoda'],,,,,Veg,150.0,475.08,712.62,1.96,4.68,76.38,1.02,0.2,69.54,normal,True,Master Food Database,,
food_85a8c006,spinach paneer,Spinach paneer,['Palak paneer'],,,,,Veg,150.0,51.78666666666667,77.68,4.03,4.43,4.76,1.91,2.55,166.87,normal,True,Master Food Database,,
food_84ef71de,spinach paneer kofta curry,Spinach paneer kofta curry,['Palak paneer kofta curry'],,,,,Veg,200.0,303.015,606.03,1.43,2.94,65.41,0.75,1.16,99.37,normal,True,Master Food Database,,
food_92d5c0d8,spinach peanut burfi,Spinach peanut burfi,['Palak aur mungfali ki burfi'],,,,,Veg,150.0,70.24666666666667,105.37,3.36,13.59,4.39,2.07,11.5,19.52,normal,True,Master Food Database,,
food_2e1ff877,spinach peanut namak paras,Spinach peanut namak paras,['Palak moongfali namak paras'],,,,,Veg,150.0,493.44,740.16,1.65,6.62,78.51,0.81,0.28,73.15,normal,True,Master Food Database,,
food_46ba02f7,spinach poori,Spinach poori,['Palak poori'],,,,,Veg,150.0,456.16666666666663,684.25,1.42,7.76,71.86,1.55,0.24,35.47,normal,True,Master Food Database,,
food_9d441c04,spinach raita,Spinach raita,['Palak ka raita'],,,,,Veg,150.0,35.16666666666667,52.75,3.95,5.06,1.86,1.39,3.97,126.57,normal,True,Master Food Database,,
food_d082d59a,spinach souffle,Spinach souffle ,[],,,,,Veg,150.0,100.12,150.18,7.36,6.27,10.52,1.44,0.89,244.07,normal,True,Master Food Database,,
food_53b04c9f,spinach soup,Spinach soup,['Palak ka soup'],,,,,Veg,250.0,13.036,32.59,10.54,3.03,14.26,1.98,0.29,12088.21,normal,True,Master Food Database,,
food_bf91064c,spinach soup in milk,Spinach soup in milk ,[],,,,,Veg,250.0,22.688,56.72,2.89,3.98,3.2,0.79,3.34,31.16,normal,True,Master Food Database,,
food_32aa22eb,split bengal gram burfi/fudge,Split bengal gram burfi/fudge,['Channa dal burfi'],,,,,Veg,150.0,191.57333333333335,287.36,4.65,54.63,7.09,2.06,43.38,2.53,normal,True,Master Food Database,,
food_5bff05c6,split bengal gram dal,Split bengal gram dal,['Channa dal'],,,,,Veg,200.0,49.835,99.67,4.15,9.99,4.62,3.72,0.98,46.4,normal,True,Master Food Database,,
food_f82b458c,split bengal gram dal and vegetable pulao,Split bengal gram dal and vegetable pulao,['Channa dal and vegetable pulao'],,,,,Veg,150.0,77.68666666666667,116.53,3.6,19.72,2.3,3.16,1.59,98.07,normal,True,Master Food Database,,
food_0c6b9733,split bengal gram sweet rice,Split bengal gram sweet rice,['Channa dal sweet rice'],,,,,Veg,75.0,253.61333333333334,190.21,4.15,41.07,0.64,2.23,19.41,8.38,normal,True,Master Food Database,,
food_613d6b72,split bengal gram with bottle gourd,Split bengal gram with bottle gourd,['Channa dal with ghiya/lauki'],,,,,Veg,150.0,48.833333333333336,73.25,2.79,7.1,3.6,2.72,1.05,149.47,normal,True,Master Food Database,,
food_ea883282,split pea soup,Split Pea Soup,[],Meal/Legume,,,,Veg,250.0,72.0,180.0,11.0,30.0,2.0,10.0,6.0,700.0,normal,True,Master Food Database,,
food_11f926b3,sponge cake,Sponge cake ,[],,,,,Veg,150.0,169.18,253.77,9.18,44.63,4.74,0.69,26.33,64.61,normal,True,Master Food Database,,
food_bf464456,sponge dosa,Sponge Dosa,[],Breakfast,,South India,,Veg,180.0,122.2,220.0,7.0,32.0,7.0,3.0,0.0,0.0,normal,True,Master Food Database,,
food_afc10fb8,spring basket salad,Spring basket salad,[],,,,,Veg,150.0,106.97333333333334,160.46,3.36,11.61,11.3,3.09,1.46,26.02,normal,True,Master Food Database,,
food_54b9fdaf,spring roll,Spring roll,[],,,,,Veg,150.0,297.95666666666665,401.935,2.9050000000000002,16.78,35.815,1.835,0.6,132.84,normal,True,Master Food Database,,
food_0c57b817,sprouted moong dal chat,Sprouted moong dal chat,[],,,,,Veg,200.0,16.235,32.47,1.35,6.01,0.32,1.35,1.57,87.07,normal,True,Master Food Database,,
food_16ac8fff,sprouted moong daliya,Sprouted moong daliya ,[],,,,,Veg,200.0,55.779999999999994,111.56,2.81,14.77,4.71,3.12,1.67,196.73,normal,True,Master Food Database,,
food_d82d3eea,sprouted moong parantha/paratha,Sprouted moong parantha/paratha,[],,,,,Veg,80.0,285.7375,228.59,4.29,24.31,12.43,4.49,1.47,153.94,normal,True,Master Food Database,,
food_7e73cbbe,sprouted moong poha,Sprouted moong poha ,[],,,,,Veg,150.0,128.4,192.6,5.59,26.6,6.89,3.13,1.93,220.82,normal,True,Master Food Database,,
food_8bc35e23,sprouted moong pulao,Sprouted moong pulao,[],,,,,Veg,250.0,45.188,112.97,2.19,17.49,3.61,1.78,1.43,153.16,normal,True,Master Food Database,,
food_279986cd,sprouted moong raita,Sprouted moong raita ,[],,,,,Veg,150.0,40.593333333333334,60.89,4.62,6.13,2.19,0.16,5.59,189.2,normal,True,Master Food Database,,
food_d7ea70d2,sprouted moong salad,Sprouted moong salad ,[],,,,,Veg,150.0,25.206666666666667,37.81,2.29,5.48,0.74,0.95,2.13,116.38,normal,True,Master Food Database,,
food_289a4969,sprouts upma,Sprouts upma ,[],,,,,Veg,150.0,210.83333333333334,316.25,9.5,44.96,10.44,7.16,1.67,147.82,normal,True,Master Food Database,,
food_d69a547a,sriracha,Sriracha,[],Condiment,,,,Veg,30.0,16.666666666666664,5.0,0.1,1.0,0.1,0.1,0.8,80.0,normal,True,Master Food Database,,
food_ea7f4736,stale bread,Stale Bread,[],Grain,,,,Veg,80.0,100.0,80.0,3.0,15.0,1.0,1.0,1.5,160.0,normal,True,Master Food Database,,
food_7d6db970,starfruit preserves,Starfruit preserves ,[],,,,,Veg,150.0,85.95333333333333,128.93,0.24,33.62,0.12,0.78,33.47,2.06,normal,True,Master Food Database,,
food_51ed8025,steamed broccoli,Steamed Broccoli,[],Vegetable,,,,Veg,250.0,22.0,55.0,3.7,11.2,0.6,5.1,2.0,40.0,normal,True,Master Food Database,,
food_d061dc42,steamed cake with chocolate sauce,Steamed cake with chocolate sauce,[],,,,,Veg,250.0,120.76400000000001,301.91,4.49,29.06,19.01,0.29,19.72,100.32,normal,True,Master Food Database,,
food_13ab852b,steamed orange pudding,Steamed orange pudding,[],,,,,Veg,250.0,111.212,278.03,2.34,41.53,12.04,0.58,26.53,79.1,normal,True,Master Food Database,,
food_db029e26,steeped hot coffee,Steeped hot coffee,[],,,,,Veg,250.0,6.364,15.91,0.39,3.01,0.33,0.0,2.96,2.82,normal,True,Master Food Database,,
food_457f49bb,stewed apple,Stewed apple,[],,,,,Veg,150.0,61.28666666666667,91.93,0.17,22.49,0.37,1.48,20.45,1.53,normal,True,Master Food Database,,
food_881df523,stewed apple with custard,Stewed apple with custard,[],,,,,Veg,150.0,61.913333333333334,92.87,1.27,18.36,1.82,1.01,15.46,16.66,normal,True,Master Food Database,,
food_2c4eca8c,stewed fruit,Stewed fruit,['with pear'],,,,,Veg,150.0,49.54666666666666,74.32,0.25,18.22,0.32,2.84,17.67,1.7,normal,True,Master Food Database,,
food_5404b739,sticky rice,Sticky Rice,[],Rice Dish,,,Nagaland,Veg,250.0,120.0,300.0,8.0,48.0,8.0,3.0,0.0,0.0,normal,True,Master Food Database,,
food_8e80cc7a,strawberry and vanilla cake with butter icing,Strawberry and vanilla cake with butter icing,[],,,,,Veg,150.0,247.02666666666667,370.54,3.89,44.25,20.39,0.79,32.43,107.27,normal,True,Master Food Database,,
food_3e4bc22a,strawberry ice cream,Strawberry ice cream,[],,,,,Veg,150.0,143.74,215.61,4.15,12.26,16.96,0.0,11.6,37.62,normal,True,Master Food Database,,
food_a941f9d2,string cheese,String Cheese,[],Dairy,,,,Veg,150.0,53.333333333333336,80.0,6.0,1.0,6.0,0.0,0.0,210.0,normal,True,Master Food Database,,
food_9ff4ea05,stuffed baked potatoes,Stuffed baked potatoes ,[],,,,,Veg,150.0,66.8,100.2,3.82,11.03,4.39,1.31,0.4,92.09,normal,True,Master Food Database,,
food_d7f12a3d,stuffed bittergourd,Stuffed bittergourd,"['wet', 'dry']",,,,,Veg,150.0,126.67,190.005,1.3250000000000002,3.585,18.81,2.9299999999999997,1.95,360.09,normal,True,Master Food Database,,
food_a28fb5ff,stuffed bottle gourd,Stuffed bottle gourd,['Stuffed ghiya/lauki'],,,,,Veg,150.0,62.126666666666665,93.19,5.84,4.36,5.8,1.18,1.52,106.99,normal,True,Master Food Database,,
food_9f301619,stuffed brinjal,Stuffed brinjal,['Bharwa baingan'],,,,,Veg,150.0,62.0,93.0,1.53,3.96,7.73,4.09,0.92,212.88,normal,True,Master Food Database,,
food_7ec402db,stuffed capsicum,Stuffed capsicum,['Bharwa shimla mirch'],,,,,Veg,150.0,60.626666666666665,90.94,1.34,8.26,5.7,2.01,1.21,173.94,normal,True,Master Food Database,,
food_d0223147,stuffed egg omelette/omlet,Stuffed egg omelette/omlet,[],,,,,Eggetarian,150.0,135.67333333333335,203.51,8.6,2.3,17.77,0.75,1.57,267.19,normal,True,Master Food Database,,
food_936d5a61,stuffed grape leaves,Stuffed Grape Leaves,[],Meal/Vegetarian,,,,Veg,150.0,100.0,150.0,3.0,20.0,7.0,3.0,3.0,400.0,normal,True,Master Food Database,,
food_d00b1951,stuffed okra,Stuffed okra,['Bharwa bhindi'],,,,,Veg,150.0,62.89333333333333,94.34,2.08,3.85,7.66,4.15,0.48,210.03,normal,True,Master Food Database,,
food_8a567d66,stuffed round gourd,Stuffed round gourd,['Bharwa tinde'],,,,,Veg,150.0,48.53333333333333,72.8,1.1,4.02,5.75,2.1,1.96,180.15,normal,True,Master Food Database,,
food_1db1af6a,stuffed tomatoes,Stuffed tomatoes,['Bharwa tamatar'],,,,,Veg,150.0,62.23333333333333,93.35,3.28,6.19,6.06,2.2,2.68,165.85,normal,True,Master Food Database,,
food_af413061,submarine sandwich,Submarine sandwich,[],,,,,Veg,100.0,216.92000000000002,216.92,6.09,13.6,15.32,1.24,2.5,254.28,normal,True,Master Food Database,,
food_9c51da22,sugar,Sugar,[],Condiment,,,,Veg,30.0,53.333333333333336,16.0,0.0,4.0,0.0,0.0,4.0,0.0,normal,True,Master Food Database,,
food_5c96c75c,sukhdi,Sukhdi,[],Sweet,,West India,,Veg,75.0,400.0,300.0,5.0,42.0,12.0,2.0,0.0,0.0,normal,True,Master Food Database,,
food_cb781a26,sumac,Sumac,[],Condiment,,,,Veg,30.0,16.666666666666664,5.0,0.1,1.0,0.2,0.5,0.0,1.0,normal,True,Master Food Database,,
food_7829ce6e,summer cooler,Summer cooler,[],,,,,Veg,150.0,14.953333333333333,22.43,0.37,5.43,0.04,0.2,5.21,1.57,normal,True,Master Food Database,,
food_16256c82,sunflower cookies,Sunflower cookies,[],,,,,Veg,150.0,347.08,520.62,9.49,40.06,36.28,3.95,24.28,181.68,normal,True,Master Food Database,,
food_4934964f,sunga pitha,Sunga Pitha,[],Sweet,,East India,,Veg,75.0,400.0,300.0,5.0,42.0,12.0,2.0,0.0,0.0,normal,True,Master Food Database,,
food_c78b9c33,sunga pork,Sunga Pork,[],Meat,,East India,,Non-Veg,180.0,194.4,350.0,32.0,8.0,25.0,2.0,0.0,0.0,normal,True,Master Food Database,,
food_9a5baa0f,sunset and sunrise open sandwich,Sunset and sunrise open sandwich,[],,,,,Veg,100.0,241.31,241.31,8.58,18.89,15.14,1.39,1.95,381.29,normal,True,Master Food Database,,
food_2dda5ca5,supplì,Supplì,[],Snack/Processed,,,,Veg,100.0,200.0,200.0,8.0,25.0,8.0,2.0,2.0,400.0,normal,True,Master Food Database,,
food_6d2f5463,surnoli,Surnoli,[],Breakfast,,West India,,Veg,180.0,122.2,220.0,7.0,32.0,7.0,3.0,0.0,0.0,normal,True,Master Food Database,,
food_0f4edb24,surti egg ghotala,Surti Egg Ghotala,[],Egg,,,Gujarat,Non-Veg,100.0,220.0,220.0,23.0,0.0,15.0,1.0,0.0,0.0,normal,True,Master Food Database,,
food_7b463526,surti ghari,Surti Ghari,[],Sweet,,,Gujarat,Veg,75.0,400.0,300.0,5.0,42.0,12.0,2.0,0.0,0.0,normal,True,Master Food Database,,
food_e8c2c303,surti locho,Surti Locho,[],Snack,,,Gujarat,Veg,100.0,280.0,280.0,6.0,32.0,14.0,3.0,0.0,0.0,normal,True,Master Food Database,,
food_64a17d74,surti sev khamani,Surti Sev Khamani,[],Snack,,,Gujarat,Veg,100.0,280.0,280.0,6.0,32.0,14.0,3.0,0.0,0.0,normal,True,Master Food Database,,
food_0178fbbe,sutarfeni,Sutarfeni,[],Sweet,,West India,,Veg,75.0,400.0,300.0,5.0,42.0,12.0,2.0,0.0,0.0,normal,True,Master Food Database,,
food_7d412419,sweet & sour chicken,Sweet & Sour Chicken,[],Meal/Processed,,,,Non-Veg,75.0,506.66666666666663,380.0,18.0,45.0,15.0,3.0,25.0,750.0,normal,True,Master Food Database,,
food_30f6184e,sweet and salty biscuit,Sweet and salty biscuit,['Meethay aur namkeen biscuit'],,,,,Veg,75.0,543.9466666666666,407.96,6.15,45.09,22.39,1.68,7.22,414.7,normal,True,Master Food Database,,
food_e47ee109,sweet and sour tomato pickle,Sweet and sour tomato pickle,['Khatta meetha tamatar ka achaar'],,,,,Veg,75.0,81.17333333333335,60.88,1.26,6.55,3.24,2.2,4.31,1281.94,normal,True,Master Food Database,,
food_a59cc1ca,sweet chili sauce,Sweet Chili Sauce,[],Condiment,,,,Veg,75.0,93.33333333333333,70.0,0.0,17.0,0.0,0.5,16.0,450.0,normal,True,Master Food Database,,
food_6f568857,sweet corn soup,Sweet corn soup,[],,,,,Veg,75.0,43.0,32.25,0.99,3.56,1.63,0.31,0.9,22.35,normal,True,Master Food Database,,
food_f7d87f08,sweet couscous dessert,Sweet couscous dessert,[],,,,,Veg,75.0,261.59999999999997,196.2,3.81,29.69,7.69,2.18,15.89,4.22,normal,True,Master Food Database,,
food_5e08bbc3,sweet lassi,Sweet Lassi,['Meethi lassi'],,,,,Veg,250.0,85.0,212.5,3.0,14.0,2.5,0.0,6.51,18.31,normal,True,Master Food Database,,2026-09-22T11:42:33.494752
food_9fdc96a3,sweet lemon pickle,Sweet lemon pickle,['Neembu ka meetha achaar'],,,,,Veg,75.0,92.72000000000001,69.54,1.22,16.87,0.21,2.13,14.63,6415.9,normal,True,Master Food Database,,
food_d24e2c66,sweet open sandwich,Sweet open sandwich,[],,,,,Veg,100.0,244.25,244.25,4.99,39.24,8.15,2.36,12.23,205.27,normal,True,Master Food Database,,
food_466c36e0,sweet peach pickle,Sweet peach pickle,['Aadoo ka achaar'],,,,,Veg,75.0,192.85333333333332,144.64,0.46,37.01,0.2,1.32,36.46,33.04,normal,True,Master Food Database,,
food_3b9e403b,sweet plain biscuit,Sweet plain biscuit,[],,,,,Veg,75.0,507.67999999999995,380.76,5.86,50.29,17.67,1.07,21.77,132.59,normal,True,Master Food Database,,
food_aab89b5a,sweet poori,Sweet poori,['Meethi poori'],,,,,Veg,75.0,1043.6666666666667,782.75,2.12,14.26,79.63,1.54,7.15,2.57,normal,True,Master Food Database,,
food_421dded9,sweet potato,Sweet Potato,[],Vegetable,,,,Veg,150.0,68.66666666666667,103.0,2.3,23.6,0.2,3.8,7.4,41.0,normal,True,Master Food Database,,
food_9e88794c,sweet potato biscuit,Sweet potato biscuit,['Shakarkand ke biscuit'],,,,,Veg,75.0,395.19999999999993,296.4,5.14,38.13,13.31,2.27,2.53,339.58,normal,True,Master Food Database,,
food_b4e51bb5,sweet raita,Sweet raita,['Meetha raita'],,,,,Veg,75.0,132.32,99.24,3.24,17.93,1.78,1.02,15.36,42.98,normal,True,Master Food Database,,
food_c8a22613,sweet rice,Sweet rice,['Meethe chawal'],,,,,Veg,75.0,287.2133333333333,215.41,2.1,42.59,4.57,1.13,24.8,3.2,normal,True,Master Food Database,,
food_e56d406f,sweet split chickpea roti,Sweet split chickpea roti,['Sweet channa dal roti/Puranpoli'],,,,,Veg,75.0,488.78666666666663,366.59,9.51,62.66,7.93,8.16,24.73,12.05,normal,True,Master Food Database,,
food_c5249a76,sweet tea,Sweet Tea,[],Beverage,,,,Veg,250.0,72.0,180.0,0.0,46.0,0.0,0.0,46.0,15.0,normal,True,Master Food Database,,
food_512bc435,sweet vermouth,Sweet Vermouth,[],Beverage,,,,Veg,250.0,16.0,40.0,0.0,5.0,0.0,0.0,5.0,0.0,normal,True,Master Food Database,,
food_b0326446,sweet wheat porridge,Sweet wheat porridge,['Sweet dalia'],,,,,Veg,75.0,187.54666666666665,140.66,5.11,23.77,2.79,2.37,12.23,24.63,normal,True,Master Food Database,,
food_223efc89,sweetened yogurt,Sweetened yogurt,['Shrikhand'],,,,,Veg,75.0,142.90666666666667,107.18,5.27,16.02,2.89,0.08,15.81,73.61,normal,True,Master Food Database,,
food_10008d81,swiss cheese,Swiss Cheese,[],Dairy,,,,Veg,150.0,70.66666666666667,106.0,7.6,1.0,8.0,0.0,0.4,54.0,normal,True,Master Food Database,,
food_0439e830,swiss roll,Swiss roll,[],,,,,Veg,150.0,167.91333333333333,251.87,7.3,48.34,3.77,0.55,32.96,51.9,normal,True,Master Food Database,,
food_69494cc1,t-bone steak,T-Bone Steak,[],Protein/Meat,,,,Veg,250.0,184.0,460.0,38.0,0.0,33.0,0.0,0.0,110.0,normal,True,Master Food Database,,
food_b06cf7b8,tabak maaz,Tabak Maaz,[],Meat,,,Jammu and Kashmir,Non-Veg,180.0,194.4,350.0,32.0,3.0,25.0,2.0,0.0,0.0,normal,True,Master Food Database,,
food_1f67062f,tabouli,Tabouli,[],Meal/Vegetarian,,,,Veg,150.0,80.0,120.0,3.0,15.0,6.0,4.0,2.0,300.0,normal,True,Master Food Database,,
food_dd7ab8b1,tagliatelle al ragù,Tagliatelle al Ragù,[],Meal/Pasta,,,,Veg,150.0,366.66666666666663,550.0,28.0,65.0,20.0,7.0,8.0,850.0,normal,True,Master Food Database,,
food_0506baab,tahini,Tahini,[],Condiment,,,,Veg,30.0,296.6666666666667,89.0,2.6,3.2,8.0,1.4,0.1,17.0,normal,True,Master Food Database,,
food_3469d232,tahini sauce,Tahini Sauce,[],Condiment,,,,Veg,30.0,100.0,30.0,1.0,1.5,2.5,0.5,0.0,45.0,normal,True,Master Food Database,,
food_6b22226a,talaumein soup,Talaumein soup,[],,,,,Veg,250.0,14.252,35.63,10.12,4.17,12.78,1.94,0.77,11088.14,normal,True,Master Food Database,,
food_03a07c07,talawa gosht,Talawa Gosht,[],Meat,,,Telangana,Non-Veg,180.0,194.4,350.0,32.0,3.0,25.0,2.0,0.0,0.0,normal,True,Master Food Database,,
food_a776011f,talit macchi,Talit Macchi,[],Fish,,North India,,Non-Veg,180.0,133.3,240.0,33.0,5.0,13.0,1.0,0.0,0.0,normal,True,Master Food Database,,
food_e21736c8,tamarind chutney,Tamarind chutney,['Chintapandu pachadi/Puli chutney'],,,,,Veg,50.0,129.15000000000003,64.575,0.49,15.035,0.24,1.075,22.85,75.61,normal,True,Master Food Database,,
food_a4e5f4ff,tamarind rice,Tamarind Rice,['Chintapandu pulihora/Puliyodharai/Puli sadam/Huli anna'],Rice Dish,,,Tamil Nadu,Veg,250.0,134.608,336.52,7.725,56.54,8.265,4.0600000000000005,0.0,0.0,normal,True,Master Food Database,,
food_5defbcd2,tamatar chaat,Tamatar Chaat,[],Street Food,,North India,,Veg,180.0,194.4,350.0,8.0,45.0,15.0,5.0,0.0,0.0,normal,True,Master Food Database,,
food_4c617809,tandoori chicken,Tandoori Chicken,[],Chicken,,,Punjab,Non-Veg,180.0,149.225,261.3,28.815,5.585,15.4825,1.625,0.0,0.0,normal,True,Master Food Database,,
food_62362169,tandoori fish,Tandoori fish,[],,,,,Non-Veg,150.0,63.98666666666667,95.98,11.19,2.37,4.64,0.58,1.6,123.94,normal,True,Master Food Database,,
food_fea23da3,tandoori fish tikka,Tandoori Fish Tikka,[],Fish,,North India,,Non-Veg,180.0,133.3,240.0,33.0,5.0,13.0,1.0,0.0,0.0,normal,True,Master Food Database,,
food_1af3742e,tandoori parantha/paratha,Tandoori parantha/paratha,[],,,,,Veg,80.0,369.2125,295.37,5.08,30.74,16.51,5.44,0.86,1.14,normal,True,Master Food Database,,
food_d3315006,tapioca pearls,Tapioca Pearls,[],Condiment,,,,Veg,30.0,333.33333333333337,100.0,0.0,25.0,0.0,0.0,20.0,5.0,normal,True,Master Food Database,,
food_f014cec2,tartar sauce,Tartar Sauce,[],Condiment,,,,Veg,30.0,200.0,60.0,0.2,2.0,5.5,0.1,1.5,180.0,normal,True,Master Food Database,,
food_f28b185d,tartare sauce,Tartare sauce,[],,,,,Veg,150.0,407.28666666666663,610.93,1.44,2.96,66.12,0.42,2.18,256.95,normal,True,Master Food Database,,
food_f2074963,tehri,Tehri,[],Rice Dish,,,Uttar Pradesh,Veg,250.0,120.0,300.0,8.0,48.0,8.0,3.0,0.0,0.0,normal,True,Master Food Database,,
food_d26af304,tempeh,Tempeh,[],Protein/Vegetarian,,,,Veg,150.0,106.66666666666667,160.0,16.0,8.0,9.0,5.0,0.0,10.0,normal,True,Master Food Database,,
food_23436a5b,tenga doi,Tenga Doi,[],Dairy,,East India,,Veg,100.0,150.0,150.0,6.0,15.0,6.0,1.0,0.0,0.0,normal,True,Master Food Database,,
food_6006a8dc,thai basil,Thai Basil,[],Condiment,,,,Veg,30.0,3.3333333333333335,1.0,0.1,0.0,0.0,0.0,0.0,0.0,normal,True,Master Food Database,,
food_4a585292,thai iced tea,Thai Iced Tea,[],Beverage,,,,Veg,250.0,100.0,250.0,3.0,35.0,12.0,0.0,33.0,50.0,normal,True,Master Food Database,,
food_a4e6fcf6,thalipeeth,Thalipeeth,[],Bread,,,Maharashtra,Veg,80.0,217.35,235.0,7.0,37.0,7.0,3.0,0.0,0.0,normal,True,Master Food Database,,
food_0f887ff8,thandai,Thandai,[],,,,,Veg,250.0,95.0,237.5,3.8,12.5,3.6,0.8,8.21,22.69,normal,True,Master Food Database,,2026-09-22T11:42:33.494752
food_e225ea46,thattai,Thattai,[],Snack,,South India,,Veg,100.0,280.0,280.0,6.0,32.0,14.0,3.0,0.0,0.0,normal,True,Master Food Database,,
food_3acf43f0,thayir sadam,Thayir Sadam,[],Rice Dish,,South India,,Veg,250.0,120.0,300.0,8.0,48.0,8.0,3.0,0.0,0.0,normal,True,Master Food Database,,
food_4c14b6ec,theeyal,Theeyal,[],Curry,,South India,,Veg,200.0,115.0,230.0,8.0,18.0,12.0,5.0,0.0,0.0,normal,True,Master Food Database,,
food_4fe7d8c7,thekua,Thekua,[],Sweet,,,Bihar,Veg,75.0,400.0,300.0,5.0,42.0,12.0,2.0,0.0,0.0,normal,True,Master Food Database,,
food_e10337e5,thengai sadam,Thengai Sadam,[],Rice Dish,,South India,,Veg,250.0,120.0,300.0,8.0,48.0,8.0,3.0,0.0,0.0,normal,True,Master Food Database,,
food_e51a1e12,thepla,Thepla,[],Bread,,,Gujarat,Veg,80.0,312.5,250.0,7.0,42.0,7.0,3.0,0.0,0.0,normal,True,Master Food Database,,
food_7704c6ce,thickened sweetened milk,Thickened sweetened milk,['Rabri'],,,,,Veg,250.0,41.116,102.79,3.52,10.55,5.35,0.19,10.09,23.92,normal,True,Master Food Database,,
food_c11d816a,thoran,Thoran,[],Vegetable,,,Kerala,Veg,150.0,80.0,120.0,4.0,14.0,5.0,5.0,0.0,0.0,normal,True,Master Food Database,,
food_d41d219a,thousand island dressing,Thousand island dressing,[],,,,,Veg,150.0,271.9133333333333,407.87,1.37,4.49,42.87,0.46,3.1,946.1,normal,True,Master Food Database,,
food_568d6ca2,thukpa,Thukpa,[],Noodles,,,Arunachal Pradesh,Veg,250.0,120.0,300.0,9.0,45.0,9.0,3.0,0.0,0.0,normal,True,Master Food Database,,
food_dde837e6,til pitha,Til Pitha,[],Sweet,,,Assam,Veg,75.0,400.0,300.0,5.0,42.0,12.0,2.0,0.0,0.0,normal,True,Master Food Database,,
food_752fa224,tilapia,Tilapia,[],Protein/Fish,,,,Non-Veg,150.0,73.33333333333333,110.0,22.0,0.0,2.5,0.0,0.0,50.0,normal,True,Master Food Database,,
food_14ed59f6,tiramisu,Tiramisu,[],Dessert,,,,Veg,75.0,600.0,450.0,7.0,42.0,28.0,2.0,25.0,150.0,normal,True,Master Food Database,,
food_bb7d43c8,tofu,Tofu,[],Protein/Vegetarian,,,,Veg,150.0,60.0,90.0,10.0,3.0,5.0,2.0,1.0,10.0,normal,True,Master Food Database,,
food_66e33e4c,tofu scramble,Tofu Scramble,[],Meal/Vegetarian,,,,Veg,150.0,166.66666666666669,250.0,20.0,8.0,16.0,4.0,3.0,300.0,normal,True,Master Food Database,,
food_92f49c2b,tofu stir-fry,Tofu Stir-fry,[],Meal/Vegetarian,,,,Veg,150.0,266.66666666666663,400.0,18.0,30.0,22.0,7.0,9.0,500.0,normal,True,Master Food Database,,
food_63bce2ed,tomato,Tomato,[],Vegetable,,,,Veg,150.0,10.0,15.0,0.7000000000000001,3.3,0.15000000000000002,1.0,3.2,6.0,normal,True,Master Food Database,,
food_b7dd509c,tomato and cucumber sandwich,Tomato and cucumber sandwich,['Tamatar aur kheere ka sandwich'],,,,,Veg,100.0,150.68,150.68,4.03,20.51,6.31,2.1,1.79,222.22,normal,True,Master Food Database,,
food_a49b0a39,tomato aspic,Tomato aspic,[],,,,,Veg,150.0,33.58,50.37,6.87,5.02,0.26,1.58,3.21,98.17,normal,True,Master Food Database,,
food_ee705f29,tomato chicken,Tomato chicken,[],,,,,Non-Veg,150.0,74.45333333333333,111.68,10.57,2.13,6.71,1.42,0.93,104.83,normal,True,Master Food Database,,
food_1e994e83,tomato chutney,Tomato chutney,['Tamatar ki chutney'],,,,,Veg,50.0,352.14,176.07,0.97,31.85,6.01,1.49,30.02,823.65,normal,True,Master Food Database,,
food_6e38c413,tomato fish,Tomato fish,[],,,,,Non-Veg,150.0,326.5266666666667,489.79,2.39,3.18,51.91,0.72,1.35,91.47,normal,True,Master Food Database,,
food_d30e90bf,tomato ginger chutney,Tomato ginger chutney,['Tamatar adarak ki chutney'],,,,,Veg,50.0,89.32,44.66,1.05,9.11,0.32,2.14,6.31,209.42,normal,True,Master Food Database,,
food_69150c8c,tomato ketchup,Tomato ketchup,[],,,,,Veg,150.0,22.046666666666667,33.07,0.91,6.48,0.3,1.9,4.68,177.97,normal,True,Master Food Database,,
food_dc68bab5,tomato onion raita,Tomato onion raita,['Tamatar aur pyaaz ka raita'],,,,,Veg,150.0,39.33333333333333,59.0,3.74,7.08,1.84,0.97,5.98,165.21,normal,True,Master Food Database,,
food_3a2e491e,tomato puree,Tomato puree,[],,,,,Veg,150.0,13.746666666666668,20.62,0.75,3.68,0.25,1.56,2.32,244.99,normal,True,Master Food Database,,
food_ae66adef,tomato sandwich,Tomato sandwich,['grilled'],,,,,Veg,100.0,189.92,189.92,6.26,21.29,9.39,1.91,2.58,420.6,normal,True,Master Food Database,,
food_13342bdb,tomato sauce,Tomato sauce,[],,,,,Veg,150.0,78.10999999999999,37.165,1.155,7.115,0.635,1.895,5.69,174.79,normal,True,Master Food Database,,
food_850c9fdd,tomato soup,Tomato Soup,[],Meal/Vegetable,,,,Veg,150.0,113.33333333333333,170.0,4.0,25.0,6.0,4.0,15.0,900.0,normal,True,Master Food Database,,
food_d67f0349,tortilla chips,Tortilla Chips,[],Snack/Processed,,,,Veg,100.0,140.0,140.0,2.0,19.0,7.0,2.0,0.5,120.0,normal,True,Master Food Database,,
food_08160cc1,tossed green salad,Tossed green salad,[],,,,,Veg,150.0,33.25333333333334,49.88,1.33,3.82,3.24,1.33,1.9,65.09,normal,True,Master Food Database,,
food_3c2a9004,tossed salad,Tossed salad,[],,,,,Veg,150.0,41.973333333333336,62.96,1.02,4.95,4.22,2.15,1.56,77.5,normal,True,Master Food Database,,
food_38bfcf44,trail mix,Trail Mix,[],Snack/Processed,,,,Veg,100.0,190.0,190.0,5.0,20.0,12.0,3.0,14.0,50.0,normal,True,Master Food Database,,
food_742b9d5e,triffle pudding,Triffle pudding,[],,,,,Veg,150.0,77.97999999999999,116.97,2.93,18.24,3.93,0.12,13.89,26.95,normal,True,Master Food Database,,
food_11067de2,trofie pasta,Trofie Pasta,[],Grain,,,,Veg,150.0,140.0,210.0,7.0,43.0,1.0,2.0,1.0,5.0,normal,True,Master Food Database,,
food_b2381a04,tudkiya bhath,Tudkiya Bhath,[],Rice Dish,,,Himachal Pradesh,Veg,250.0,120.0,300.0,8.0,48.0,8.0,3.0,0.0,0.0,normal,True,Master Food Database,,
food_2da3959f,tuna,Tuna,[],Protein/Fish,,,,Non-Veg,150.0,60.0,90.0,20.0,0.0,1.0,0.0,0.0,250.0,normal,True,Master Food Database,,
food_335c3438,tuna melt,Tuna Melt,[],Meal/Processed,,,,Non-Veg,150.0,300.0,450.0,25.0,32.0,25.0,3.0,4.0,900.0,normal,True,Master Food Database,,
food_cab045fd,tuna salad,Tuna Salad,[],Meal/Fish,,,,Non-Veg,150.0,126.66666666666666,190.0,19.0,2.0,12.0,1.0,1.0,400.0,normal,True,Master Food Database,,
food_79146472,tuna sauce,Tuna Sauce,[],Condiment,,,,Non-Veg,30.0,333.33333333333337,100.0,4.0,1.0,9.0,0.0,0.5,200.0,normal,True,Master Food Database,,
food_be2522ff,tunday kababi,Tunday Kababi,[],Meat,,,Uttar Pradesh,Non-Veg,180.0,194.4,350.0,32.0,3.0,25.0,2.0,0.0,0.0,normal,True,Master Food Database,,
food_4def78ff,tungrymbai,Tungrymbai,[],Main Dish,,,Meghalaya,Veg,200.0,140.0,280.0,9.0,30.0,12.0,6.0,0.0,0.0,normal,True,Master Food Database,,
food_ddbb768a,turiya patra vatana sabji,Turiya Patra Vatana Sabji,[],Curry,,West India,,Veg,200.0,115.0,230.0,8.0,18.0,12.0,5.0,0.0,0.0,normal,True,Master Food Database,,
food_0493ec10,turkey bacon,Turkey Bacon,[],Protein/Meat,,,,Non-Veg,150.0,46.666666666666664,70.0,6.0,1.0,5.0,0.0,0.5,360.0,normal,True,Master Food Database,,
food_fc18eff0,turkey burger,Turkey Burger,[],Protein/Meat,,,,Non-Veg,150.0,106.66666666666667,160.0,22.0,2.0,8.0,0.0,1.0,400.0,normal,True,Master Food Database,,
food_7969bc5f,turkey chili,Turkey Chili,[],Meal/Meat,,,,Non-Veg,150.0,166.66666666666669,250.0,22.0,25.0,7.0,8.0,6.0,750.0,normal,True,Master Food Database,,
food_61d178b4,turkey sandwich,Turkey Sandwich,[],Meal/Processed,,,,Non-Veg,100.0,340.0,340.0,22.0,34.0,12.0,5.0,6.0,850.0,normal,True,Master Food Database,,
food_4fd40f5b,turkey sausage,Turkey Sausage,[],Protein/Meat,,,,Non-Veg,150.0,46.666666666666664,70.0,9.0,1.0,4.0,0.0,0.5,280.0,normal,True,Master Food Database,,
food_2213ee70,turkish coffee,Turkish Coffee,[],Beverage,,,,Veg,250.0,2.0,5.0,0.2,0.5,0.0,0.0,0.0,1.0,normal,True,Master Food Database,,
food_98a28709,turmeric,Turmeric,[],Condiment,,,,Veg,30.0,30.0,9.0,0.3,1.9,0.1,0.7,0.1,1.0,normal,True,Master Food Database,,
food_c062f02b,tutti fruitti biscuit,Tutti fruitti biscuit,[],,,,,Veg,150.0,280.52,420.78,5.21,53.12,17.9,5.43,15.75,93.11,normal,True,Master Food Database,,
food_3468818b,tutti frutti cake,Tutti frutti cake,[],,,,,Veg,150.0,231.81333333333333,347.72,4.49,52.94,12.68,0.85,28.08,106.36,normal,True,Master Food Database,,
food_eaa10fc2,tzatziki sauce,Tzatziki Sauce,[],Condiment/Dairy,,,,Veg,30.0,100.0,30.0,1.5,2.0,2.0,0.0,1.5,100.0,normal,True,Master Food Database,,
food_8d9bbbe9,udupi sambar,Udupi Sambar,[],Curry,,,Karnataka,Veg,200.0,115.0,230.0,8.0,18.0,12.0,5.0,0.0,0.0,normal,True,Master Food Database,,
food_4c85581d,undhiyu,Undhiyu,[],Main Dish,,,Gujarat,Veg,200.0,130.0,290.0,9.5,35.0,11.0,6.0,0.0,0.0,normal,True,Master Food Database,,
food_52cbf36c,unniyappam,Unniyappam,[],Sweet,,,Kerala,Veg,75.0,400.0,300.0,5.0,42.0,12.0,2.0,0.0,0.0,normal,True,Master Food Database,,
food_a3e65aa6,upma,Upma,[],Breakfast,,,Tamil Nadu,Veg,180.0,122.2,220.0,7.0,32.0,7.0,3.0,0.0,0.0,normal,True,Master Food Database,,
food_36855ecc,upmaa,Upmaa,[],Breakfast,,West India,,Veg,180.0,122.2,220.0,7.0,32.0,7.0,3.0,0.0,0.0,normal,True,Master Food Database,,
food_0f0875e5,urad sabut special,Urad sabut special,[],,,,,Veg,150.0,52.92666666666667,79.39,2.33,5.03,5.46,2.15,0.86,60.09,normal,True,Master Food Database,,
food_ffb41935,urad special dehusked,Urad special dehusked,[],,,,,Veg,150.0,46.28666666666667,69.43,3.14,8.86,2.17,2.5,1.32,109.56,normal,True,Master Food Database,,
food_ef294d20,uttapam,Uttapam,[],Breakfast,,,Tamil Nadu,Veg,180.0,138.34444444444443,231.98333333333335,6.726666666666667,33.42666666666667,7.676666666666667,3.466666666666667,0.0,0.0,normal,True,Master Food Database,,
food_07a42b05,vada,Vada,[],Snack,,,Tamil Nadu,Veg,100.0,280.0,280.0,6.0,32.0,14.0,3.0,0.0,0.0,normal,True,Master Food Database,,
food_f2f44da6,vada pav,Vada Pav,[],Street Food,,,Maharashtra,Veg,180.0,194.4,350.0,8.0,45.0,15.0,5.0,0.0,0.0,normal,True,Master Food Database,,
food_e4e7172b,vangi bath,Vangi Bath,[],Rice Dish,,,Karnataka,Veg,250.0,120.0,300.0,8.0,48.0,8.0,3.0,0.0,0.0,normal,True,Master Food Database,,
food_309aeb1b,vanilla ice cream with apples in hot cherry sauce,Vanilla ice cream with apples in hot cherry sauce,[],,,,,Veg,150.0,130.88,196.32,1.73,22.75,11.45,0.26,14.19,31.54,normal,True,Master Food Database,,
food_f1207d64,vanilla ice cream with egg,Vanilla ice cream with egg,[],,,,,Eggetarian,150.0,143.23333333333332,214.85,4.16,11.71,17.02,0.0,11.69,37.72,normal,True,Master Food Database,,
food_56e852ec,vanilla ice cream without egg,Vanilla ice cream without egg,[],,,,,Eggetarian,150.0,152.44666666666666,228.67,2.69,14.21,18.15,0.0,13.45,23.97,normal,True,Master Food Database,,
food_68595840,vanilla souffle,Vanilla souffle,[],,,,,Veg,150.0,125.23333333333333,187.85,7.71,14.78,11.19,0.0,12.86,56.73,normal,True,Master Food Database,,
food_faed8b8d,varuval,Varuval,[],Vegetable,,South India,,Veg,150.0,86.7,130.0,4.0,15.0,5.0,5.0,0.0,0.0,normal,True,Master Food Database,,
food_24a2e5cc,vawksa rep,Vawksa Rep,[],Meat,,,Mizoram,Non-Veg,180.0,194.4,350.0,32.0,3.0,25.0,2.0,0.0,0.0,normal,True,Master Food Database,,
food_4c4ae76e,veal parmesan,Veal Parmesan,[],Meal/Meat,,,,Veg,150.0,366.66666666666663,550.0,40.0,30.0,30.0,4.0,7.0,1100.0,normal,True,Master Food Database,,
food_37c0328f,veg kolhapuri,Veg Kolhapuri,[],Curry,,West India,,Veg,200.0,115.0,230.0,8.0,18.0,12.0,5.0,0.0,0.0,normal,True,Master Food Database,,
food_865e7d07,veg manchurian,Veg manchurian,[],,,,,Veg,150.0,390.4266666666667,585.64,0.89,6.82,61.65,1.16,0.76,65.31,normal,True,Master Food Database,,
food_10de767d,veg paneer stew,Veg paneer stew,[],,,,,Veg,150.0,97.03333333333333,145.55,6.98,10.22,8.41,3.08,4.85,73.15,normal,True,Master Food Database,,
food_981dc6cd,vegetable and cheese pie,Vegetable and cheese pie,[],,,,,Veg,150.0,84.58666666666666,126.88,4.03,8.76,8.28,1.91,2.69,117.99,normal,True,Master Food Database,,
food_d0ad3b8c,vegetable and mayonnaise sandwich,Vegetable and mayonnaise sandwich,[],,,,,Veg,100.0,244.26000000000002,244.26,4.47,23.2,15.4,2.35,2.35,342.7,normal,True,Master Food Database,,
food_e22510a5,vegetable biryani/biriyani,Vegetable biryani/biriyani,[],,,,,Veg,150.0,116.40666666666668,174.61,3.16,18.56,9.51,3.31,2.14,183.79,normal,True,Master Food Database,,
food_4aba19ca,vegetable broth,Vegetable Broth,[],Beverage,,,,Veg,250.0,6.0,15.0,1.0,3.0,0.0,1.0,2.0,550.0,normal,True,Master Food Database,,
food_8ce5f9cb,vegetable burger,Vegetable burger,[],,,,,Veg,150.0,346.61999999999995,519.93,3.26,13.69,50.63,1.7,1.88,168.97,normal,True,Master Food Database,,
food_90947301,vegetable chowmein,Vegetable chowmein,[],,,,,Veg,150.0,86.47333333333333,129.71,3.07,15.44,6.36,1.86,1.97,258.47,normal,True,Master Food Database,,
food_3b828585,vegetable curry with coconut,Vegetable curry with coconut ,[],,,,,Veg,200.0,41.535,83.07,2.77,7.19,4.66,3.35,1.41,43.4,normal,True,Master Food Database,,
food_cba0afdb,vegetable cutlet,Vegetable cutlet,[],,,,,Veg,150.0,443.6333333333334,665.45,1.25,4.68,71.33,0.93,0.35,85.38,normal,True,Master Food Database,,
food_4b7006cd,vegetable jalfrezi,Vegetable jalfrezi,[],,,,,Veg,150.0,45.653333333333336,68.48,1.4,5.43,4.38,2.97,1.79,79.46,normal,True,Master Food Database,,
food_faabf017,vegetable khichdi/khichri,Vegetable khichdi/khichri,[],,,,,Veg,150.0,95.44666666666666,143.17,5.61,19.57,4.53,2.45,3.71,193.55,normal,True,Master Food Database,,
food_fa43c4d0,vegetable mix,Vegetable mix,[],,,,,Veg,150.0,116.14,174.21,4.7,36.02,0.94,1.93,27.36,34.94,normal,True,Master Food Database,,
food_bca3d5cc,vegetable namkeen jave,Vegetable namkeen jave,[],,,,,Veg,150.0,74.82,112.23,2.93,18.98,2.51,2.86,1.04,32.13,normal,True,Master Food Database,,
food_e0dd5842,vegetable pancake,Vegetable pancake,[],,,,,Veg,150.0,83.45333333333333,125.18,3.87,12.24,6.57,2.48,2.09,116.69,normal,True,Master Food Database,,
food_a76040c4,vegetable patties,Vegetable patties ,[],,,,,Veg,150.0,174.61333333333334,261.92,4.01,20.98,17.74,2.62,1.49,139.52,normal,True,Master Food Database,,
food_3fdb1caa,vegetable poha,Vegetable poha,[],,,,,Veg,150.0,120.34666666666666,180.52,4.89,21.52,8.07,3.76,1.4,418.02,normal,True,Master Food Database,,
food_cbfb5732,vegetable samosa,Vegetable samosa,[],,,,,Veg,150.0,295.4066666666667,443.11,2.21,13.22,42.22,1.52,0.74,107.7,normal,True,Master Food Database,,
food_52846278,vegetable seekh kebab,Vegetable seekh kebab,[],,,,,Veg,150.0,460.48666666666674,690.73,1.57,5.32,73.72,0.59,0.74,83.67,normal,True,Master Food Database,,
food_9c34ce07,vegetable soup,Vegetable soup,[],,,,,Veg,150.0,65.07,97.605,3.1100000000000003,14.8,2.775,4.505,1.61,170.68,normal,True,Master Food Database,,
food_97c21cee,vegetable stock,Vegetable stock,[],,,,,Veg,150.0,11.733333333333334,17.6,0.3,0.96,1.38,0.38,0.44,49.75,normal,True,Master Food Database,,
food_de6d4dc5,vegetable upma,Vegetable upma,[],,,,,Veg,150.0,97.64666666666668,146.47,4.73,16.46,6.63,4.19,1.39,347.02,normal,True,Master Food Database,,
food_db708b7a,vegetable yakhni,Vegetable yakhni,[],,,,,Veg,150.0,270.70666666666665,406.06,1.18,1.94,43.8,0.61,1.44,38.05,normal,True,Master Food Database,,
food_f10722ad,vegetables stir fry,Vegetables stir fry ,[],,,,,Veg,150.0,20.520000000000003,30.78,1.04,3.19,1.47,1.37,0.86,55.0,normal,True,Master Food Database,,
food_a803aaea,vegetarian club sandwich,Vegetarian club sandwich,[],,,,,Veg,100.0,198.33,198.33,5.45,19.68,11.33,2.06,2.08,305.36,normal,True,Master Food Database,,
food_1f690c36,vegetarian egg kofta curry,Vegetarian egg kofta curry,[],,,,,Eggetarian,200.0,313.705,627.41,1.33,4.26,67.24,0.64,1.19,95.89,normal,True,Master Food Database,,
food_fc5a4eb4,vegetarian nargisi kofta curry,Vegetarian nargisi kofta curry,[],,,,,Veg,200.0,166.075,332.15,2.29,6.58,32.94,0.86,1.65,73.56,normal,True,Master Food Database,,
food_b9c67ea3,vegeterian scotch egg,Vegeterian scotch egg,[],,,,,Eggetarian,150.0,454.44666666666666,681.67,2.16,4.64,72.77,0.58,0.23,93.33,normal,True,Master Food Database,,
food_b5574525,veggie burger,Veggie Burger,[],Protein/Vegetarian,,,,Eggetarian,150.0,80.0,120.0,11.0,10.0,4.0,5.0,1.0,350.0,normal,True,Master Food Database,,
food_50208318,veggie straws,Veggie Straws,[],Snack/Processed,,,,Eggetarian,100.0,130.0,130.0,1.0,17.0,7.0,1.0,1.0,220.0,normal,True,Master Food Database,,
food_2fe0624e,vermicelli kheer,Vermicelli kheer,['Semiya/Seviyan ki kheer'],,,,,Veg,150.0,80.04666666666667,120.07,3.35,15.87,5.0,0.5,12.79,22.52,normal,True,Master Food Database,,
food_07a86143,vermicelli porridge,Vermicelli porridge,['Semiya/Seviyan porridge'],,,,,Veg,150.0,52.26666666666667,78.4,2.5,10.56,2.98,0.48,7.04,65.33,normal,True,Master Food Database,,
food_9a6ccf34,vermicelli upma,Vermicelli upma,['Semiya/Seviyan upma'],,,,,Veg,150.0,99.40666666666668,149.11,3.11,16.88,7.45,3.21,1.4,101.8,normal,True,Master Food Database,,
food_2000cbb4,victorian sandwich cake,Victorian sandwich cake,[],,,,,Veg,100.0,373.09,373.09,5.18,44.74,19.83,0.59,28.18,145.28,normal,True,Master Food Database,,
food_3c7a3d16,vindaloo,Vindaloo,[],Curry,,West India,,Non-Veg,200.0,115.0,230.0,16.0,18.0,12.0,5.0,0.0,0.0,normal,True,Master Food Database,,
food_3c82f2ac,vitello tonnato,Vitello Tonnato,[],Meal/Meat,,,,Veg,150.0,253.33333333333331,380.0,35.0,3.0,25.0,0.5,1.0,600.0,normal,True,Master Food Database,,
food_3bbc3919,vodka,Vodka,[],Beverage,,,,Veg,250.0,38.800000000000004,97.0,0.0,0.0,0.0,0.0,0.0,0.0,normal,True,Master Food Database,,
food_bc7db2c0,vodka soda,Vodka Soda,[],Beverage,,,,Veg,250.0,40.0,100.0,0.0,0.0,0.0,0.0,0.0,5.0,normal,True,Master Food Database,,
food_367e0560,waffle cone,Waffle Cone,[],Grain,,,,Veg,150.0,46.666666666666664,70.0,1.0,13.0,1.5,0.5,7.0,30.0,normal,True,Master Food Database,,
food_67276323,waffles,Waffles,[],Grain,,,,Veg,150.0,146.66666666666666,220.0,6.0,28.0,9.0,1.5,3.0,420.0,normal,True,Master Food Database,,
food_eefac99f,wahan mosdeng,Wahan Mosdeng,[],Meat,,,Tripura,Non-Veg,180.0,194.4,350.0,32.0,3.0,25.0,2.0,0.0,0.0,normal,True,Master Food Database,,
food_c2bc9176,waldroff salad,Waldroff salad,[],,,,,Veg,150.0,94.5,141.75,1.47,11.02,10.05,1.87,8.23,13.42,normal,True,Master Food Database,,
food_16137192,walnut chutney,Walnut chutney,['Akhrot ki chutney'],,,,,Veg,50.0,740.86,370.43,9.44,8.91,33.46,3.04,4.4,160.0,normal,True,Master Food Database,,
food_e79242d4,walnuts,Walnuts,[],Nut,,,,Veg,150.0,30.666666666666664,46.0,1.1,1.0,4.6,0.5,0.2,0.0,normal,True,Master Food Database,,
food_b6e53c88,wasabi,Wasabi,[],Condiment,,,,Veg,30.0,33.33333333333333,10.0,0.1,2.2,0.1,0.3,1.0,40.0,normal,True,Master Food Database,,
food_e80098ab,washed moong dal,Washed moong dal,['Dhuli moong ki dal'],,,,,Veg,200.0,25.0,50.0,2.68,5.91,1.68,1.17,0.12,150.64,normal,True,Master Food Database,,
food_c324167b,washed urad dal,Washed urad dal,['Dhuli urad ki dal'],,,,,Veg,200.0,30.659999999999997,61.32,2.51,5.84,2.98,1.53,0.32,142.21,normal,True,Master Food Database,,
food_83190a69,water cracker,Water Cracker,[],Grain/Processed,,,,Veg,150.0,46.666666666666664,70.0,1.5,12.0,1.5,0.5,0.0,150.0,normal,True,Master Food Database,,
food_504a7b89,watercress sandwich,Watercress sandwich,[],,,,,Veg,100.0,229.42000000000002,229.42,5.17,28.03,11.47,2.26,1.81,407.44,normal,True,Master Food Database,,
food_d9687529,watermelon,Watermelon,[],Fruit,,,,Veg,150.0,30.666666666666664,46.0,0.9,11.5,0.2,0.6,9.4,2.0,normal,True,Master Food Database,,
food_fddb5733,wheat and gram flour ladoo,Wheat and gram flour ladoo,['Atta besan ladoo'],,,,,Veg,150.0,334.46666666666664,501.7,9.38,50.5,29.86,6.01,18.46,27.06,normal,True,Master Food Database,,
food_26523a37,wheat cake,Wheat cake,[],,,,,Veg,150.0,209.75333333333333,314.63,4.79,41.13,14.95,2.76,25.79,82.96,normal,True,Master Food Database,,
food_c67db1bd,wheat flakes,Wheat flakes,[],,,,,Veg,150.0,74.96,112.44,3.62,15.57,3.99,0.37,7.28,22.4,normal,True,Master Food Database,,
food_c1635a9e,wheat flour and moong dal burfi,Wheat flour and moong dal burfi,['Atta aur moong dal ki burfi'],,,,,Veg,200.0,220.54,441.08,9.84,60.0,18.41,6.02,31.12,5.25,normal,True,Master Food Database,,
food_84f28efb,wheat flour and nuts ladoos,Wheat flour and nuts ladoos,['Atta nuts ladoos'],,,,,Veg,150.0,261.26666666666665,391.9,9.46,44.31,19.19,7.3,15.94,8.07,normal,True,Master Food Database,,
food_28d7a2a8,wheat upma,Wheat Upma,[],Breakfast,,South India,,Veg,180.0,122.2,220.0,7.0,32.0,7.0,3.0,0.0,0.0,normal,True,Master Food Database,,
food_d44ff679,whey soup,Whey soup,[],,,,,Veg,250.0,27.564,68.91,3.45,6.26,3.34,0.84,5.87,87.08,normal,True,Master Food Database,,
food_a09dd068,whiskey,Whiskey,[],Beverage,,,,Veg,250.0,42.0,105.0,0.0,0.1,0.0,0.0,0.1,1.0,normal,True,Master Food Database,,
food_10d1bf72,white beans,White Beans,[],Legume,,,,Veg,150.0,100.0,150.0,8.0,20.0,4.0,7.0,2.0,350.0,normal,True,Master Food Database,,
food_8f62c9d2,white bread,White Bread,[],Grain,,,,Veg,80.0,87.5,70.0,2.0,13.0,1.0,0.6,1.2,140.0,normal,True,Master Food Database,,
food_630e7c55,white rice,White Rice,[],Grain,,,,Veg,250.0,81.6,204.0,4.2,44.5,0.4,0.6,0.1,2.0,normal,True,Master Food Database,,
food_33e2be47,white sauce,White sauce,"['thin', 'medium', 'thick']",,,,,Veg,150.0,105.80666666666666,158.71,3.3666666666666667,8.266666666666667,12.453333333333333,0.15,4.58,23.91,normal,True,Master Food Database,,
food_6e474250,white stock,White stock,[],,,,,Veg,150.0,4.66,6.99,0.07,0.4,0.56,0.17,0.24,1.56,normal,True,Master Food Database,,
food_da8b1622,white wine,White Wine,[],Beverage,,,,Veg,250.0,48.4,121.0,0.1,3.8,0.0,0.0,1.4,5.0,normal,True,Master Food Database,,
food_819e61a3,white wine sauce,White Wine Sauce,[],Condiment,,,,Veg,30.0,266.66666666666663,80.0,1.0,4.0,6.0,0.5,2.0,300.0,normal,True,Master Food Database,,
food_eab43bad,whole masoor,Whole masoor,['Masoor ki dal'],,,,,Veg,150.0,36.03333333333333,54.05,2.28,5.37,2.52,1.98,0.67,123.72,normal,True,Master Food Database,,
food_80580126,whole moong,Whole moong,['Moong ki dal'],,,,,Veg,150.0,35.800000000000004,53.7,2.25,5.22,2.56,2.02,0.59,123.86,normal,True,Master Food Database,,
food_1e5a69a2,whole moth,Whole moth,['Moth ki dal'],,,,,Veg,150.0,36.666666666666664,55.0,2.01,5.74,2.62,1.85,0.66,125.08,normal,True,Master Food Database,,
food_24e6820a,whole urad,Whole urad,['Urad ki dal'],,,,,Veg,150.0,35.86666666666666,53.8,2.21,5.05,2.62,2.32,0.57,126.12,normal,True,Master Food Database,,
food_a7645d74,whole wheat toast,Whole Wheat Toast,[],Grain,,,,Veg,150.0,53.333333333333336,80.0,4.0,14.0,1.0,2.0,2.0,140.0,normal,True,Master Food Database,,
food_6f0c4026,wild rice,Wild Rice,[],Grain,,,,Veg,250.0,66.4,166.0,6.5,35.0,0.6,3.0,1.2,5.0,normal,True,Master Food Database,,
food_28c828db,woodapple juice,Woodapple juice,['Bel ka sharbat'],,,,,Veg,250.0,13.672,34.18,0.63,6.51,0.7,1.03,5.75,127.45,normal,True,Master Food Database,,
food_03ad454d,xacuti chicken,Xacuti Chicken,[],Chicken,,,Goa,Non-Veg,180.0,166.7,300.0,33.0,5.0,18.0,2.0,0.0,0.0,normal,True,Master Food Database,,
food_ff9c423f,yak meat curry,Yak Meat Curry,[],Meat,,,Arunachal Pradesh,Non-Veg,180.0,194.4,350.0,32.0,3.0,25.0,2.0,0.0,0.0,normal,True,Master Food Database,,
food_955c6494,yakhni,Yakhni,[],Meat,,,Jammu and Kashmir,Non-Veg,180.0,194.4,350.0,32.0,3.0,25.0,2.0,0.0,0.0,normal,True,Master Food Database,,
food_df81d38a,yam fried,Yam fried,['Zimikand/Suran fried'],,,,,Veg,150.0,327.84,491.76,0.79,5.47,51.79,1.44,0.8,37.07,normal,True,Master Food Database,,
food_1f247b23,yam kofta curry,Yam kofta curry,['Zimikand/Suran kofta curry'],,,,,Veg,200.0,161.44,322.88,0.71,3.75,33.84,1.04,0.63,42.22,normal,True,Master Food Database,,
food_e5e457f1,yellow rice,Yellow Rice,[],Grain,,,,Veg,250.0,92.0,230.0,4.0,50.0,1.0,2.0,1.0,300.0,normal,True,Master Food Database,,
food_64332ae8,yelumicham sadam,Yelumicham Sadam,[],Rice Dish,,South India,,Veg,250.0,120.0,300.0,8.0,48.0,8.0,3.0,0.0,0.0,normal,True,Master Food Database,,
food_14170702,za'atar,Za'atar,[],Condiment,,,,Veg,30.0,133.33333333333331,40.0,1.0,3.0,3.0,1.5,0.0,150.0,normal,True,Master Food Database,,
food_56ee4ed6,zan,Zan,[],Main Dish,,,Arunachal Pradesh,Veg,200.0,140.0,280.0,9.0,30.0,12.0,6.0,0.0,0.0,normal,True,Master Food Database,,
food_3f2b9e59,zunka,Zunka,[],Main Dish,,West India,,Veg,250.0,120.0,300.0,10.0,40.0,10.0,6.0,0.0,0.0,normal,True,Master Food Database,,
food_paneer_001,paneer,Paneer (Cottage Cheese),,Dairy,Cheese,,,Veg,100.0,265.0,265.0,18.3,1.2,20.8,0.0,,,normal,True,,,
food_milk_001,milk,Milk (Whole),,Dairy,Milk,,,Veg,200.0,62.0,124.0,6.4,9.4,6.6,0.0,,,normal,True,,,
food_omelette_001,omelette,Omelette (2 eggs),,Breakfast,,,,Eggetarian,120.0,154.0,185.0,13.0,1.5,14.0,0.0,,,normal,True,,,
food_egg_001,egg,"Egg (Whole, Raw)",,Protein,,,,Eggetarian,50.0,143.0,72.0,6.3,0.4,4.8,0.0,,,normal,True,,,
food_curd_001,curd,Curd (Plain Yogurt),,Dairy,,,,Veg,150.0,60.0,90.0,5.3,7.0,4.8,0.0,,,normal,True,,,
food_roti_001,roti,Roti (Wheat Chapatti),,Bread,,,,Veg,40.0,300.0,120.0,3.5,20.0,3.5,2.0,,,normal,True,,,
food_pizza_margherita,margherita pizza,Margherita Pizza,,Fast Food,,,,Veg,100.0,232.0,232.0,10.4,30.0,6.7,2.3,,,normal,True,,,
food_pizza_veggie,veggie pizza,Veggie Supreme Pizza,,Fast Food,,,,Veg,100.0,215.0,215.0,8.5,28.0,7.8,3.1,,,normal,True,,,
food_pizza_paneer,paneer pizza,Paneer Tikka Pizza,,Fast Food,,,,Veg,100.0,255.0,255.0,12.0,29.0,10.5,2.5,,,normal,True,,,
food_pizza_cheezy7,cheezy-7 pizza,Cheezy-7 Pizza,,Fast Food,,,,Veg,100.0,280.0,280.0,11.0,31.0,12.0,2.0,,,normal,True,,,
food_sushi_001,sushi,Sushi (Maki / Roll),,Japanese,,,,Non-Veg,150.0,143.0,215.0,6.5,38.0,1.8,1.2,,,normal,True,,,
food_taco_001,taco,Taco (Mexican),,Mexican,,,,Veg,120.0,188.0,226.0,9.0,24.0,10.0,3.0,,,normal,True,,,
food_pasta_001,pasta,Pasta (Italian),,Italian,,,,Veg,200.0,140.0,280.0,8.0,42.0,7.0,2.5,,,normal,True,,,
food_chai_001,chai,Chai (Indian Tea),,Beverage,,,,Veg,150.0,60.0,90.0,2.0,12.0,3.5,0.0,,,normal,True,,,
food_greentea_001,green tea,Green Tea,,Beverage,,,,Veg,150.0,1.0,1.5,0.1,0.2,0.0,0.0,,,normal,True,,,2026-09-22T11:42:33.494752
food_dalkhakhra_001,dal khakhra,Dal Khakhra,,Snack,,,,Veg,15.0,450.0,68.0,2.5,9.0,2.2,1.5,,,normal,True,,,
food_methikhakhra_001,methi khakhra,Methi Khakhra,,Snack,,,,Veg,15.0,455.0,68.0,2.2,9.2,2.4,1.4,,,normal,True,,,
food_masalakhakhra_001,masala khakhra,Masala Khakhra,,Snack,,,,Veg,15.0,465.0,70.0,2.1,9.4,2.6,1.3,,,normal,True,,,
food_manchurian_001,manchurian,Veg Manchurian,,Chinese,,,,Veg,150.0,160.0,240.0,4.5,24.0,12.0,2.5,,,normal,True,,,
food_breadbutter_001,bread butter,Bread Butter,,Breakfast,,,,Veg,60.0,310.0,186.0,4.5,26.0,7.5,1.5,,,normal,True,,,
food_breadjam_001,bread jam,Bread Jam,,Breakfast,,,,Veg,60.0,270.0,162.0,3.8,34.0,1.5,1.2,,,normal,True,,,
food_toast_001,toast,Toast (Butter Toast),,Breakfast,,,,Veg,50.0,320.0,160.0,4.0,24.0,6.0,1.5,,,normal,True,,,
usda_bhakri_flour,bhakri flour,Bhakri Flour,,USDA Generic,,,,Veg,100.0,380.0,380.0,10.9,78.3,0.0,2.2,,,,True,,,
ai_est_savare,savare,Savare,,AI Estimated,,,,Veg,150.0,200.0,200.0,5.0,30.0,6.0,2.0,,,,True,,,
off_perly,perly,Perly,,Packaged Food,,,,Veg,100.0,97.0,97.0,8.0,9.4,3.0,0.0,,,,True,,,
usda_snack,snack,Snack,,USDA Generic,,,,Veg,100.0,470.0,470.0,5.0,47.5,22.5,2.5,,,,True,,,
usda_mori_nu__tofu__silken__firm,"mori-nu, tofu, silken, firm","Mori-Nu, Tofu, Silken, Firm",,USDA Generic,,,,Veg,100.0,62.0,62.0,6.9,2.4,0.0,0.1,,,,True,,,
usda_cereals_ready_to_eat__mom_s_best__sweetened_wheat_fuls,"cereals ready-to-eat, mom's best, sweetened wheat-fuls","Cereals Ready-To-Eat, Mom'S Best, Sweetened Wheat-Fuls",,USDA Generic,,,,Veg,100.0,373.0,373.0,8.2,80.9,1.1,10.0,,,,True,,,
usda_dal,dal,Dal,,USDA Generic,,,,Veg,100.0,145.0,145.0,8.6,19.2,0.3,7.5,,,,True,,,
raw_daily_tea,tea,Tea,"['tea (green', 'tea']", 1 cup),,,,Veg,100.0,0.0,0.0,2.0,0.5,0.0,0.0,0.0,0.0,normal,False,Daily Food Nutrition Dataset,,
raw_daily_mustard,mustard,Mustard,"['mustard (1 tbsp', 'mustard']", yellow),,,,Veg,100.0,0.0,0.0,10.0,0.5,1.0,0.5,0.5,0.0,normal,False,Daily Food Nutrition Dataset,,
raw_daily_spinach,spinach,Spinach,"['spinach (1 cup', 'spinach']", raw),,,,Veg,100.0,0.0,0.0,7.0,0.9,1.1,0.1,0.7,0.1,normal,False,Daily Food Nutrition Dataset,,
raw_daily_margarita,margarita,Margarita,"['margarita (1 drink', 'margarita']", 4oz),,,,Veg,100.0,0.0,0.0,200.0,0.1,20.0,0.0,0.1,19.0,normal,False,Daily Food Nutrition Dataset,,
usda_chicken,chicken,Chicken,,USDA Generic,,,,Veg,100.0,107.0,107.0,21.4,0.0,0.9,0.0,,,,False,USDA FoodData,,
food_pancake_test_999,pancake delight test,Pancake Delight,,Breakfast,,,,Veg,100.0,220.0,220.0,6.0,38.0,5.0,2.0,,,,True,,,
usda_frozen_dinner__nfs,"frozen dinner, nfs","Frozen Dinner, Nfs",,USDA Generic,,,,Veg,100.0,146.0,146.0,6.8,10.9,0.3,1.2,,,,False,USDA FoodData,,
usda_milk__low_fat__1,"milk, low fat (1%)","Milk, Low Fat (1%)",,Generic Food,,,,Veg,100.0,43.0,43.0,3.4,5.2,0.0,0.0,,,,False,USDA FoodData Central,,
usda_water,water,Water,,USDA Generic,,,,Veg,100.0,42.0,42.0,0.0,10.8,0.0,0.0,,,,False,USDA FoodData,,
usda_12_days_of_giving_chocolate_edition,12 days of giving chocolate edition,12 Days Of Giving Chocolate Edition,,USDA Generic,,,,Veg,100.0,588.0,588.0,5.9,52.9,23.5,5.9,,,,False,USDA FoodData,,
usda_cereal__ready_to_eat__nfs,"cereal, ready-to-eat, nfs","Cereal, Ready-To-Eat, Nfs",,USDA Generic,,,,Veg,100.0,379.0,379.0,7.7,77.7,1.4,6.6,,,,False,USDA FoodData,,
usda_bread__chappatti_or_roti,"bread, chappatti or roti","Bread, Chappatti Or Roti",,USDA Generic,,,,Veg,100.0,299.0,299.0,7.8,46.1,0.8,9.7,,,,False,USDA FoodData,,
off_thank_you__jelly_beans,thank you! jelly beans,Thank You! Jelly Beans,,Packaged Food,,,,Veg,100.0,4.0,4.0,0.0,37.0,0.0,0.0,,,,False,Open Food Facts,,
off_unsweetened_oat_drink,unsweetened oat drink,Unsweetened Oat Drink,,Packaged Food,,,,Veg,100.0,44.0,44.0,0.8,6.4,1.5,0.7,,,,False,Open Food Facts,,
off_rava_idli,rava idli,Rava Idli,,Packaged Food,,,,Veg,100.0,365.0,365.0,1.5,63.0,8.0,0.0,,,,False,Open Food Facts,,
usda_burrito_bowl__chicken,"burrito bowl, chicken","Burrito Bowl, Chicken",,USDA Generic,,,,Veg,100.0,161.0,161.0,21.0,0.3,1.1,0.0,,,,False,USDA FoodData,,
usda_avocado__for_use_on_a_sandwich,"avocado, for use on a sandwich","Avocado, For Use On A Sandwich",,USDA Generic,,,,Veg,100.0,160.0,160.0,2.0,8.5,1.8,6.7,,,,False,USDA FoodData,,
usda_turkey__ground__85__lean__15__fat__raw,"turkey, ground, 85% lean, 15% fat, raw","Turkey, Ground, 85% Lean, 15% Fat, Raw",,USDA Generic,,,,Veg,100.0,180.0,180.0,16.9,0.0,0.1,0.0,,,,False,USDA FoodData,,
usda_100__durum_wheat_semolina_italian_pasta__spaghetti,"100% durum wheat semolina italian pasta, spaghetti","100% Durum Wheat Semolina Italian Pasta, Spaghetti",,USDA Generic,,,,Veg,100.0,357.0,357.0,13.0,75.0,0.4,3.0,,,,False,USDA FoodData,,
usda_infant_formula__similac_for_spit_up__ready_to_feed,"infant formula, similac for spit-up, ready-to-feed","Infant Formula, Similac For Spit-Up, Ready-To-Feed",,USDA Generic,,,,Veg,100.0,65.0,65.0,1.4,6.9,0.8,0.0,,,,False,USDA FoodData,,
usda_tea__hot__leaf__green,"tea, hot, leaf, green","Tea, Hot, Leaf, Green",,USDA Generic,,,,Veg,100.0,1.0,1.0,0.2,0.0,0.0,0.0,,,,False,USDA FoodData,,
usda_dosa__with_filling,"dosa, with filling","Dosa, With Filling",,USDA Generic,,,,Veg,100.0,184.0,184.0,5.5,30.8,1.7,2.2,,,,False,USDA FoodData,,
usda_ghee,ghee,Ghee,,USDA Generic,,,,Veg,100.0,929.0,929.0,0.0,0.0,57.1,0.0,,,,False,USDA FoodData,,
usda_diya__whole_moong,"diya, whole moong","Diya, Whole Moong",,USDA Generic,,,,Veg,100.0,350.0,350.0,24.0,63.0,0.0,16.0,,,,False,USDA FoodData,,
usda_bread__puri,"bread, puri","Bread, Puri",,USDA Generic,,,,Veg,100.0,409.0,409.0,6.8,39.2,9.6,3.5,,,,False,USDA FoodData,,
usda_aronia_berry_ginger_lime_flavored__non_carbonated_antioxidant_beverage__aronia_berry_ginger_lime,"aronia berry ginger lime flavored  non-carbonated antioxidant beverage, aronia berry ginger lime","Aronia Berry Ginger Lime Flavored  Non-Carbonated Antioxidant Beverage, Aronia Berry Ginger Lime",,USDA Generic,,,,Veg,100.0,13.0,13.0,0.0,3.4,0.0,0.0,,,,False,USDA FoodData,,
off_clover_500g,clover 500g,Clover 500G,,Packaged Food,,,,Veg,100.0,575.0,575.0,1.0,1.0,63.0,0.0,,,,False,Open Food Facts,,
usda_almonds__honey_roasted,"almonds, honey roasted","Almonds, Honey Roasted",,USDA Generic,,,,Veg,100.0,579.0,579.0,14.1,35.8,12.5,7.3,,,,False,USDA FoodData,,
usda_almond_butter,almond butter,Almond Butter,,USDA Generic,,,,Veg,100.0,641.0,641.0,20.7,21.1,12.5,9.6,,,,False,USDA FoodData,,
usda_coffee__latte,"coffee, latte","Coffee, Latte",,USDA Generic,,,,Veg,100.0,43.0,43.0,2.8,4.3,0.1,0.0,,,,False,USDA FoodData,,
off_mocha_cappuccino,mocha cappuccino,Mocha Cappuccino,,Packaged Food,,,,Veg,100.0,71.1,71.1,2.9,12.0,1.3,0.2,,,,False,Open Food Facts,,
usda_aj_amarillo_yellow_chile_pepper,aj amarillo yellow chile pepper,Aj Amarillo Yellow Chile Pepper,,USDA Generic,,,,Veg,100.0,50.0,50.0,0.0,10.0,0.0,0.0,,,,False,USDA FoodData,,
usda_silk_chai__soymilk,"silk chai, soymilk","Silk Chai, Soymilk",,USDA Generic,,,,Veg,100.0,53.0,53.0,2.5,7.8,0.2,0.0,,,,False,USDA FoodData,,
usda_dirty_rice,dirty rice,Dirty Rice,,USDA Generic,,,,Veg,100.0,112.0,112.0,5.1,17.2,0.7,0.6,,,,False,USDA FoodData,,
off_risoto_rice,risoto rice,Risoto Rice,,Packaged Food,,,,Veg,100.0,154.0,154.0,3.5,27.1,3.5,0.0,,,,False,Open Food Facts,,
usda_groundcherries___cape_gooseberries_or_poha___raw,"groundcherries, (cape-gooseberries or poha), raw","Groundcherries, (Cape-Gooseberries Or Poha), Raw",,USDA Generic,,,,Veg,100.0,53.0,53.0,1.9,11.2,0.7,0.0,,,,False,USDA FoodData,,
usda_cereals__cream_of_wheat__1_minute_cook_time__dry,"cereals, cream of wheat, 1 minute cook time, dry","Cereals, Cream Of Wheat, 1 Minute Cook Time, Dry",,USDA Generic,,,,Veg,100.0,359.0,359.0,11.8,72.6,0.0,4.4,,,,False,USDA FoodData,,
usda_caribou__shoulder_meat__dried__alaska_native,"caribou, shoulder meat, dried (alaska native)","Caribou, Shoulder Meat, Dried (Alaska Native)",,USDA Generic,,,,Veg,100.0,271.0,271.0,59.4,0.0,1.6,0.0,,,,False,USDA FoodData,,
usda_skratch_labs__exercise_hydration_mix,"skratch labs, exercise hydration mix","Skratch Labs, Exercise Hydration Mix",,USDA Generic,,,,Veg,100.0,333.0,333.0,0.0,83.3,0.0,0.0,,,,False,USDA FoodData,,
usda_beverages__minute_maid__lemonada__limeade,"beverages, minute maid, lemonada, limeade","Beverages, Minute Maid, Lemonada, Limeade",,USDA Generic,,,,Veg,100.0,50.0,50.0,0.0,13.8,0.0,0.0,,,,False,USDA FoodData,,
usda_mountain_yam__hawaii__raw,"mountain yam, hawaii, raw","Mountain Yam, Hawaii, Raw",,USDA Generic,,,,Veg,100.0,67.0,67.0,1.3,16.3,0.0,2.5,,,,False,USDA FoodData,,
usda_lamb__new_zealand__imported__testes__raw,"lamb, new zealand, imported, testes, raw","Lamb, New Zealand, Imported, Testes, Raw",,USDA Generic,,,,Veg,100.0,68.0,68.0,11.4,0.1,0.0,0.0,,,,False,USDA FoodData,,
usda_chana_matar_chole,chana matar chole,Chana Matar Chole,,USDA Generic,,,,Veg,100.0,108.0,108.0,4.6,16.9,0.0,4.6,,,,False,USDA FoodData,,
usda_pie__fried_pies__cherry,"pie, fried pies, cherry","Pie, Fried Pies, Cherry",,USDA Generic,,,,Veg,100.0,316.0,316.0,3.0,42.6,2.5,2.6,,,,False,USDA FoodData,,
usda_bread__kneel_down__navajo,"bread, kneel down (navajo)","Bread, Kneel Down (Navajo)",,USDA Generic,,,,Veg,100.0,195.0,195.0,4.3,39.5,0.8,0.0,,,,False,USDA FoodData,,
usda_oil__flaxseed__cold_pressed,"oil, flaxseed, cold pressed","Oil, Flaxseed, Cold Pressed",,USDA Generic,,,,Veg,100.0,884.0,884.0,0.1,0.0,100.0,0.0,,,,False,USDA FoodData,,
usda_oh_my_ghee__popcorn__oh_my_ghee,"oh my ghee! popcorn, oh my ghee!","Oh My Ghee! Popcorn, Oh My Ghee!",,USDA Generic,,,,Veg,100.0,429.0,429.0,7.1,50.0,16.1,14.3,,,,False,USDA FoodData,,
usda_sauce__hot_chile__sriracha__cha__by_texas_pete,"sauce, hot chile, sriracha, cha! by texas pete","Sauce, Hot Chile, Sriracha, Cha! By Texas Pete",,USDA Generic,,,,Veg,100.0,108.0,108.0,2.0,22.7,1.0,2.1,,,,False,USDA FoodData,,
usda_coffee__brewed,"coffee, brewed","Coffee, Brewed",,USDA Generic,,,,Veg,100.0,1.0,1.0,0.1,0.0,0.0,0.0,,,,False,USDA FoodData,,
usda_moo_shu_pork__without_chinese_pancake,"moo shu pork, without chinese pancake","Moo Shu Pork, Without Chinese Pancake",,USDA Generic,,,,Veg,100.0,153.0,153.0,10.4,4.0,3.6,0.9,,,,False,USDA FoodData,,
usda_pheasant__cooked__total_edible,"pheasant, cooked, total edible","Pheasant, Cooked, Total Edible",,USDA Generic,,,,Veg,100.0,239.0,239.0,32.4,0.0,1.2,0.0,,,,False,USDA FoodData,,
usda_hello_ginger_kombucha__hello_ginger,"hello ginger kombucha, hello ginger","Hello Ginger Kombucha, Hello Ginger",,USDA Generic,,,,Veg,100.0,13.0,13.0,0.0,2.5,0.0,0.0,,,,False,USDA FoodData,,
usda_infant_formula__gerber_good_start_gentle__stage_2,"infant formula, gerber good start gentle, stage 2","Infant Formula, Gerber Good Start Gentle, Stage 2",,USDA Generic,,,,Veg,100.0,66.0,66.0,1.4,7.3,0.6,0.0,,,,False,USDA FoodData,,
usda_howe__salted_nut_roll,"howe, salted nut roll","Howe, Salted Nut Roll",,USDA Generic,,,,Veg,100.0,476.0,476.0,16.7,54.8,4.8,2.4,,,,False,USDA FoodData,,
usda_abc_mini_chocolates__abc,"abc mini chocolates, abc","Abc Mini Chocolates, Abc",,USDA Generic,,,,Veg,100.0,533.0,533.0,6.7,57.8,20.0,2.2,,,,False,USDA FoodData,,
food_chhas_001,chhas,Chhas (Buttermilk),,Beverages,,,,Veg,250.0,40.0,40.0,1.7,4.8,1.5,0.0,,,,True,Master Food Database,,
usda_tortilla_chips__other_flavors__doritos,"tortilla chips, other flavors (doritos)","Tortilla Chips, Other Flavors (Doritos)",,USDA Generic,,,,Veg,100.0,519.0,519.0,7.4,60.8,12.3,5.1,,,,False,USDA FoodData,,
off_doritos_nacho_cheese,doritos nacho cheese,Doritos Nacho Cheese,,Packaged Food,,,,Veg,100.0,498.0,498.0,6.7,60.0,26.0,4.0,,,,False,Open Food Facts,,
usda_raw_dragon_fruit,raw dragon fruit,Raw Dragon Fruit,,USDA Generic,,,,Veg,100.0,60.0,60.0,1.2,13.0,0.5,2.9,,,,False,USDA FoodData,,
food_live_test_exotic_dragonfruit_bowl,test_exotic_dragonfruit_bowl,Test Dragonfruit Bowl,,Exotic Fruit,,,,Veg,100.0,150.0,150.0,3.0,32.0,1.5,0.0,,,,False,Open Food Facts,,
usda_yule_log_cake__yule_log,"yule log cake, yule log","Yule Log Cake, Yule Log",,USDA Generic,,,,Veg,100.0,367.0,367.0,5.1,49.4,7.6,1.3,,,,False,USDA FoodData,,
usda_roti_pratha,roti pratha,Roti Pratha,,USDA Generic,,,,Veg,100.0,327.0,327.0,8.9,47.8,5.6,7.8,,,,False,USDA FoodData,,
usda_organic_chocolate_chips,organic chocolate chips,Organic Chocolate Chips,,USDA Generic,,,,Veg,100.0,467.0,467.0,6.7,66.7,16.7,6.7,,,,False,USDA FoodData,,
usda_2__low_fat_yogurt__bananaberry,"2% low fat yogurt, bananaberry","2% Low Fat Yogurt, Bananaberry",,USDA Generic,,,,Veg,100.0,62.0,62.0,3.3,7.9,1.5,0.0,,,,False,USDA FoodData,,
usda_palak_panir,palak panir,Palak Panir,,USDA Generic,,,,Veg,100.0,113.0,113.0,4.8,13.8,2.2,1.6,,,,False,USDA FoodData,,
usda_american_deluxe_pasteurized_process_american_cheese__american_cheese,"american deluxe pasteurized process american cheese, american cheese","American Deluxe Pasteurized Process American Cheese, American Cheese",,USDA Generic,,,,Veg,100.0,368.0,368.0,15.8,10.5,18.4,0.0,,,,False,USDA FoodData,,
usda_bhindi_cut_okra,bhindi cut okra,Bhindi Cut Okra,,USDA Generic,,,,Veg,100.0,31.0,31.0,1.5,6.2,0.0,4.6,,,,False,USDA FoodData,,
usda_premium_ice_crem__strawberry_bon_bon,"premium ice crem, strawberry bon bon","Premium Ice Crem, Strawberry Bon Bon",,USDA Generic,,,,Veg,100.0,232.0,232.0,3.7,26.8,8.5,1.2,,,,False,USDA FoodData,,
usda_tea__bubble,"tea, bubble","Tea, Bubble",,USDA Generic,,,,Veg,100.0,55.0,55.0,0.4,10.3,0.1,0.1,,,,False,USDA FoodData,,
usda_tom_kha_broth__tom_kha,"tom kha broth, tom kha","Tom Kha Broth, Tom Kha",,USDA Generic,,,,Veg,100.0,51.0,51.0,1.1,4.5,2.3,0.0,,,,False,USDA FoodData,,
off_millet_batter_for_idli___dosa,millet batter for idli & dosa,Millet Batter For Idli & Dosa,,Packaged Food,,,,Veg,100.0,129.6,129.6,5.6,27.8,0.0,0.0,,,,False,Open Food Facts,,
usda_vegetable_juice__bolthouse_farms__daily_greens,"vegetable juice, bolthouse farms, daily greens","Vegetable Juice, Bolthouse Farms, Daily Greens",,USDA Generic,,,,Veg,100.0,31.0,31.0,0.5,8.1,0.0,1.9,,,,False,USDA FoodData,,
usda_fanimation__animated_led_show,"fanimation, animated led show","Fanimation, Animated Led Show",,USDA Generic,,,,Veg,100.0,375.0,375.0,0.0,87.5,0.0,0.0,,,,False,USDA FoodData,,
usda_what_a_melon_bubble_gum_filled_lollipop__what_a_melon,"what a melon bubble gum filled lollipop, what a melon","What A Melon Bubble Gum Filled Lollipop, What A Melon",,USDA Generic,,,,Veg,100.0,389.0,389.0,0.0,94.4,0.0,0.0,,,,False,USDA FoodData,,
usda_mi_queso__su_queso__medium,"mi queso, su queso, medium","Mi Queso, Su Queso, Medium",,USDA Generic,,,,Veg,100.0,109.0,109.0,0.0,9.4,0.0,0.0,,,,False,USDA FoodData,,
usda_spartan__half___half_ultra_pasteurized,"spartan, half & half ultra-pasteurized","Spartan, Half & Half Ultra-Pasteurized",,USDA Generic,,,,Veg,100.0,133.0,133.0,3.3,3.3,6.7,0.0,,,,False,USDA FoodData,,
usda_snack_mix,snack mix,Snack Mix,,USDA Generic,,,,Veg,100.0,504.0,504.0,6.9,63.1,12.8,3.1,,,,False,USDA FoodData,,
off_fromage_blanc_nature,fromage blanc nature,Fromage Blanc Nature,,Packaged Food,,,,Veg,100.0,80.6,80.6,7.3,6.1,12.0,0.0,,,,False,Open Food Facts,,
usda_cream__sour__full_fat,"cream, sour, full fat","Cream, Sour, Full Fat",,USDA Generic,,,,Veg,100.0,193.0,193.0,3.1,5.6,18.0,0.0,,,,False,USDA FoodData,,
usda_sabzi_polo,sabzi polo,Sabzi Polo,,USDA Generic,,,,Veg,100.0,124.0,124.0,4.7,10.6,0.9,4.7,,,,False,USDA FoodData,,
usda_rajma_masala__rajma,"rajma masala, rajma","Rajma Masala, Rajma",,USDA Generic,,,,Veg,100.0,56.0,56.0,2.8,7.0,0.0,2.1,,,,False,USDA FoodData,,
usda_soybean_curd,soybean curd,Soybean Curd,,USDA Generic,,,,Veg,100.0,61.0,61.0,7.2,1.2,2.1,0.2,,,,False,USDA FoodData,,
usda_whole_wheat_bread,whole wheat bread,Whole Wheat Bread,,USDA Generic,,,,Veg,100.0,232.0,232.0,6.6,43.0,0.0,3.3,,,,False,USDA FoodData,,
off_cruesly_mélange_de_noix,cruesly mélange de noix,Cruesly Mélange De Noix,,Packaged Food,,,,Veg,100.0,462.0,462.0,8.5,57.0,19.0,10.0,,,,False,Open Food Facts,,
usda_organic_porridge_oats,organic porridge oats,Organic Porridge Oats,,USDA Generic,,,,Veg,100.0,375.0,375.0,10.0,62.5,0.0,7.5,,,,False,USDA FoodData,,
usda_candies__mars_snackfood_us__snickers_munch_bar,"candies, mars snackfood us, snickers munch bar","Candies, Mars Snackfood Us, Snickers Munch Bar",,USDA Generic,,,,Veg,100.0,536.0,536.0,15.2,43.6,8.8,4.7,,,,False,USDA FoodData,,
usda_fenugreek_seeds__methi,fenugreek seeds (methi),Fenugreek Seeds (Methi),,USDA Generic,,,,Veg,100.0,327.0,327.0,27.3,54.6,1.8,27.3,,,,False,USDA FoodData,,
off_peanut_butter_chikki,peanut butter chikki,Peanut Butter Chikki,,Packaged Food,,,,Veg,100.0,516.0,516.0,26.0,47.0,25.0,6.0,,,,False,Open Food Facts,,
usda_chickpea_flour__besan,chickpea flour (besan),Chickpea Flour (Besan),,USDA Generic,,,,Veg,100.0,387.0,387.0,22.4,57.8,3.0,10.8,,,,False,USDA FoodData,,
usda_handvo_mix,handvo mix,Handvo Mix,,USDA Generic,,,,Veg,100.0,346.0,346.0,12.0,70.0,0.0,6.0,,,,False,USDA FoodData,,
usda_goma_ae__sesame_seasoning,"goma-ae, sesame seasoning","Goma-Ae, Sesame Seasoning",,USDA Generic,,,,Veg,100.0,500.0,500.0,25.0,50.0,5.0,25.0,,,,False,USDA FoodData,,
usda_indianlife__chevdo,"indianlife, chevdo","Indianlife, Chevdo",,USDA Generic,,,,Veg,100.0,500.0,500.0,14.3,42.9,5.4,7.1,,,,False,USDA FoodData,,
usda_onion_rings__breaded__par_fried__frozen__unprepared,"onion rings, breaded, par fried, frozen, unprepared","Onion Rings, Breaded, Par Fried, Frozen, Unprepared",,USDA Generic,,,,Veg,100.0,258.0,258.0,3.1,30.5,4.5,1.8,,,,False,USDA FoodData,,
usda_rulebreakin__rustic_veg_pizza__rulebreakin__rustic_veg,"rulebreakin' rustic veg pizza, rulebreakin' rustic veg","Rulebreakin' Rustic Veg Pizza, Rulebreakin' Rustic Veg",,USDA Generic,,,,Veg,100.0,224.0,224.0,5.6,40.8,2.4,3.2,,,,False,USDA FoodData,,
usda_mitha_magic_kaju_katli,mitha magic kaju katli,Mitha Magic Kaju Katli,,USDA Generic,,,,Veg,100.0,450.0,450.0,10.0,65.0,3.8,2.5,,,,False,USDA FoodData,,
usda_smart_soup__indian_bean_masala,"smart soup, indian bean masala","Smart Soup, Indian Bean Masala",,USDA Generic,,,,Veg,100.0,57.0,57.0,3.3,10.5,0.2,2.6,,,,False,USDA FoodData,,
usda_salad,salad,Salad,,USDA Generic,,,,Veg,100.0,151.0,151.0,2.6,27.0,1.6,2.6,,,,False,USDA FoodData,,
usda_bhel_mix,bhel mix,Bhel Mix,,USDA Generic,,,,Veg,100.0,548.0,548.0,11.9,47.6,14.3,9.5,,,,False,USDA FoodData,,
usda_fries,fries,Fries,,USDA Generic,,,,Veg,100.0,179.0,179.0,2.4,27.4,1.8,2.4,,,,False,USDA FoodData,,
usda_coke_with_lime_flavor__lime,"coke with lime flavor, lime","Coke With Lime Flavor, Lime",,USDA Generic,,,,Veg,100.0,42.0,42.0,0.0,11.2,0.0,0.0,,,,False,USDA FoodData,,
usda_bread__naan,"bread, naan","Bread, Naan",,USDA Generic,,,,Veg,100.0,311.0,311.0,11.1,50.2,1.4,5.2,,,,False,USDA FoodData,,
usda_oysters__steamed,"oysters, steamed","Oysters, Steamed",,USDA Generic,,,,Veg,100.0,65.0,65.0,7.2,3.4,0.7,0.0,,,,False,USDA FoodData,,
usda_km_special_flr_50lb_aa,km special flr 50lb-aa,Km Special Flr 50Lb-Aa,,USDA Generic,,,,Veg,100.0,362.0,362.0,12.5,72.4,0.7,2.4,,,,False,USDA FoodData,,
usda_eggs__grade_a__large__egg_white,"eggs, grade a, large, egg white","Eggs, Grade A, Large, Egg White",,USDA Generic,,,,Veg,100.0,55.0,55.0,10.7,2.4,0.0,0.0,,,,False,USDA FoodData,,
usda_moong_dal,moong dal,Moong Dal,,USDA Generic,,,,Veg,100.0,457.0,457.0,20.0,51.4,2.9,5.7,,,,False,USDA FoodData,,
usda_crackers__cheese__reduced_fat,"crackers, cheese, reduced fat","Crackers, Cheese, Reduced Fat",,USDA Generic,,,,Veg,100.0,418.0,418.0,10.0,68.2,5.3,3.3,,,,False,USDA FoodData,,
off_barenaked_rice,barenaked rice,Barenaked Rice,,Packaged Food,,,,Veg,100.0,8.0,8.0,0.0,0.2,0.0,3.9,,,,False,Open Food Facts,,
usda_cracker__meal,"cracker, meal","Cracker, Meal",,USDA Generic,,,,Veg,100.0,383.0,383.0,9.3,80.9,0.7,2.6,,,,False,USDA FoodData,,
usda_chicken__back,"chicken, back","Chicken, Back",,USDA Generic,,,,Veg,100.0,298.0,298.0,25.7,0.0,4.6,0.0,,,,False,USDA FoodData,,
usda_oats__includes_foods_for_usda_s_food_distribution_program,oats (includes foods for usda's food distribution program),Oats (Includes Foods For Usda'S Food Distribution Program),,USDA Generic,,,,Veg,100.0,389.0,389.0,16.9,66.3,2.5,10.6,,,,False,USDA FoodData,,
usda_burn_baby_burn_salsa__7_pepper,"burn baby burn salsa, 7 pepper","Burn Baby Burn Salsa, 7 Pepper",,USDA Generic,,,,Veg,100.0,36.0,36.0,0.0,7.1,0.0,0.0,,,,False,USDA FoodData,,
usda_holiday_train_gingerbread_kit__holiday_train,"holiday train gingerbread kit, holiday train","Holiday Train Gingerbread Kit, Holiday Train",,USDA Generic,,,,Veg,100.0,367.0,367.0,3.3,76.7,3.3,0.0,,,,False,USDA FoodData,,
usda_nice___almonds,"nice!, almonds","Nice!, Almonds",,USDA Generic,,,,Veg,100.0,571.0,571.0,21.4,21.4,3.6,11.9,,,,False,USDA FoodData,,
usda_mayonnaise__low_sodium__low_calorie_or_diet,"mayonnaise, low sodium, low calorie or diet","Mayonnaise, Low Sodium, Low Calorie Or Diet",,USDA Generic,,,,Veg,100.0,231.0,231.0,0.3,16.0,3.3,0.0,,,,False,USDA FoodData,,
usda_apricot__canned,"apricot, canned","Apricot, Canned",,USDA Generic,,,,Veg,100.0,57.0,57.0,0.7,13.8,0.0,1.5,,,,False,USDA FoodData,,
usda_movie_time_butter_popcorn,movie time butter popcorn,Movie Time Butter Popcorn,,USDA Generic,,,,Veg,100.0,536.0,536.0,7.1,64.3,3.6,14.3,,,,False,USDA FoodData,,
usda_soup__stock__beef__home_prepared,"soup, stock, beef, home-prepared","Soup, Stock, Beef, Home-Prepared",,USDA Generic,,,,Veg,100.0,13.0,13.0,2.0,1.2,0.1,0.0,,,,False,USDA FoodData,,
usda_won_ton_wrappers__won_ton,"won ton wrappers, won ton","Won Ton Wrappers, Won Ton",,USDA Generic,,,,Veg,100.0,304.0,304.0,8.7,56.5,0.0,0.0,,,,False,USDA FoodData,,
usda_reset_cold_pressed_juice_beverage__reset,"reset cold-pressed juice beverage, reset","Reset Cold-Pressed Juice Beverage, Reset",,USDA Generic,,,,Veg,100.0,34.0,34.0,0.0,0.0,0.0,0.0,,,,False,USDA FoodData,,
usda_spongebob_squarepants_candy_book,spongebob squarepants candy book,Spongebob Squarepants Candy Book,,USDA Generic,,,,Veg,100.0,361.0,361.0,5.6,86.1,0.0,0.0,,,,False,USDA FoodData,,
usda_alcoholic_beverage__wine__table__red__cabernet_franc,"alcoholic beverage, wine, table, red, cabernet franc","Alcoholic Beverage, Wine, Table, Red, Cabernet Franc",,USDA Generic,,,,Veg,100.0,83.0,83.0,0.1,2.5,0.0,0.0,,,,False,USDA FoodData,,
off_cricalait,cricalait,Cricalait,,Packaged Food,,,,Veg,100.0,436.0,436.0,7.1,68.0,14.0,4.8,,,,False,Open Food Facts,,
usda_bacon_bits,bacon bits,Bacon Bits,,USDA Generic,,,,Veg,100.0,476.0,476.0,32.0,28.6,13.5,10.2,,,,False,USDA FoodData,,
usda_hot___sweet_chips,hot & sweet chips,Hot & Sweet Chips,,USDA Generic,,,,Veg,100.0,107.0,107.0,0.0,25.0,0.0,0.0,,,,False,USDA FoodData,,
usda_applesauce__regular,"applesauce, regular","Applesauce, Regular",,USDA Generic,,,,Veg,100.0,75.0,75.0,0.2,18.0,0.0,1.0,,,,False,USDA FoodData,,
usda_mojo_picon_spicy_canary_island_condiment_for_bread__seafood__vegetables__mojo_picon,"mojo picon spicy canary island condiment for bread, seafood, vegetables, mojo picon","Mojo Picon Spicy Canary Island Condiment For Bread, Seafood, Vegetables, Mojo Picon",,USDA Generic,,,,Veg,100.0,714.0,714.0,7.1,7.1,7.1,0.0,,,,False,USDA FoodData,,
usda_coconut_water__unsweetened,"coconut water, unsweetened","Coconut Water, Unsweetened",,USDA Generic,,,,Veg,100.0,18.0,18.0,0.2,4.2,0.0,0.0,,,,False,USDA FoodData,,
off_apple_pie_walnuts,apple pie walnuts,Apple Pie Walnuts,,Packaged Food,,,,Veg,100.0,525.0,525.0,7.5,37.5,40.0,5.0,,,,False,Open Food Facts,,
usda_rice__fried__meatless,"rice, fried, meatless","Rice, Fried, Meatless",,USDA Generic,,,,Veg,100.0,174.0,174.0,3.8,32.5,1.1,1.1,,,,False,USDA FoodData,,
usda_cheese,cheese,Cheese,,USDA Generic,,,,Veg,100.0,331.0,331.0,21.1,2.5,17.6,0.0,,,,False,USDA FoodData,,
usda_whole_wheat_wraps,whole wheat wraps,Whole Wheat Wraps,,USDA Generic,,,,Veg,100.0,111.0,111.0,8.9,35.6,0.0,24.0,,,,False,USDA FoodData,,
off_spanish_butter_bean_stew,spanish butter bean stew,Spanish Butter Bean Stew,,Packaged Food,,,,Veg,100.0,70.0,70.0,4.4,13.0,1.0,5.9,,,,False,Open Food Facts,,
off_sprouted_ragi_powder_porridge,sprouted ragi powder porridge,Sprouted Ragi Powder Porridge,,Packaged Food,,,,Veg,100.0,392.2,392.2,9.6,79.3,3.1,4.7,,,,False,Open Food Facts,,
off_wicked_gud_noodles_schezwan,wicked gud noodles schezwan,Wicked Gud Noodles Schezwan,,Packaged Food,,,,Veg,100.0,347.8,347.8,14.5,69.6,1.4,7.2,,,,False,Open Food Facts,,
usda_corn_beverage,corn beverage,Corn Beverage,,USDA Generic,,,,Veg,100.0,44.0,44.0,0.8,9.4,0.1,0.5,,,,False,USDA FoodData,,
off_cherry_balsamic_salad_with_chicken_and_goat_cheese,cherry balsamic salad with chicken and goat cheese,Cherry Balsamic Salad With Chicken And Goat Cheese,,Packaged Food,,,,Veg,100.0,580.0,580.0,23.0,0.0,31.0,6.0,,,,False,Open Food Facts,,
usda_cabbage__kimchi,"cabbage, kimchi","Cabbage, Kimchi",,USDA Generic,,,,Veg,100.0,15.0,15.0,1.1,2.4,0.1,1.6,,,,False,USDA FoodData,,
off_methi_aloo,methi aloo,Methi Aloo,,Packaged Food,,,,Veg,100.0,109.0,109.0,3.5,16.2,3.4,0.0,,,,False,Open Food Facts,,
off_mtr_minute_meals_rajma_chawal,mtr minute meals rajma chawal,Mtr Minute Meals Rajma Chawal,,Packaged Food,,,,Veg,100.0,73.3,73.3,2.0,0.0,3.3,2.0,,,,False,Open Food Facts,,
off_mother_s_recipe_gujarati_chhundo_pickle_300gm,mother's recipe gujarati chhundo pickle 300gm,Mother'S Recipe Gujarati Chhundo Pickle 300Gm,,Packaged Food,,,,Veg,100.0,264.0,264.0,0.0,66.0,0.0,0.0,,,,False,Open Food Facts,,
off_khaman_dhokla,khaman dhokla,Khaman Dhokla,,Packaged Food,,,,Veg,100.0,120.0,120.0,5.0,19.0,1.2,0.0,,,,False,Open Food Facts,,
off_veg_kofta_balls,veg kofta balls,Veg Kofta Balls,,Packaged Food,,,,Veg,100.0,229.4,229.4,4.5,22.5,13.5,0.0,,,,False,Open Food Facts,,
usda_beef_curry,beef curry,Beef Curry,,USDA Generic,,,,Veg,100.0,113.0,113.0,7.6,6.5,1.8,1.4,,,,False,USDA FoodData,,
usda_lakeside_mix_veg,lakeside mix veg,Lakeside Mix Veg,,USDA Generic,,,,Veg,100.0,30.0,30.0,1.0,0.0,0.0,1.0,,,,False,USDA FoodData,,
off_mexican_style_stir_fry_veg_mix,mexican style stir fry veg mix,Mexican Style Stir Fry Veg Mix,,Packaged Food,,,,Veg,100.0,85.0,85.0,2.7,8.7,3.8,2.6,,,,False,Open Food Facts,,
off_press_up_jaouda_petit_orange,press up jaouda petit orange,Press Up Jaouda Petit Orange,,Packaged Food,,,,Veg,100.0,37.0,37.0,0.1,8.7,0.0,0.2,,,,False,Open Food Facts,,
usda_beef__round__top_round__boneless__choice__raw,"beef, round, top round, boneless, choice, raw","Beef, Round, Top Round, Boneless, Choice, Raw",,USDA Generic,,,,Veg,100.0,146.0,146.0,21.5,0.9,0.2,0.0,,,,False,USDA FoodData,,
usda_skip_jack_wild_tuna,skip jack wild tuna,Skip Jack Wild Tuna,,USDA Generic,,,,Veg,100.0,107.0,107.0,25.0,0.0,0.0,0.0,,,,False,USDA FoodData,,
usda_rope_candy,rope candy,Rope Candy,,USDA Generic,,,,Veg,100.0,346.0,346.0,0.0,84.6,0.0,0.0,,,,False,USDA FoodData,,
usda_gift_set,gift set,Gift Set,,USDA Generic,,,,Veg,100.0,94.0,94.0,0.0,25.0,0.0,0.0,,,,False,USDA FoodData,,
usda_cookie__multigrain__high_fiber,"cookie, multigrain, high fiber","Cookie, Multigrain, High Fiber",,USDA Generic,,,,Veg,100.0,464.0,464.0,9.8,66.7,1.6,3.1,,,,False,USDA FoodData,,
usda_tofu_yogurt,tofu yogurt,Tofu Yogurt,,USDA Generic,,,,Veg,100.0,94.0,94.0,3.5,16.0,0.0,0.2,,,,False,USDA FoodData,,
usda_bread__chapati_or_roti__plain__commercially_prepared,"bread, chapati or roti, plain, commercially prepared","Bread, Chapati Or Roti, Plain, Commercially Prepared",,USDA Generic,,,,Veg,100.0,297.0,297.0,11.2,46.4,0.0,4.9,,,,False,USDA FoodData,,
usda_avocado_dressing,avocado dressing,Avocado Dressing,,USDA Generic,,,,Veg,100.0,427.0,427.0,1.9,7.4,23.2,0.1,,,,False,USDA FoodData,,
off_mini_soya_chunks,mini soya chunks,Mini Soya Chunks,,Packaged Food,,,,Veg,100.0,316.0,316.0,52.9,31.7,0.9,15.3,,,,False,Open Food Facts,,
usda_babyfood__grape_juice__no_sugar__canned,"babyfood, grape juice, no sugar, canned","Babyfood, Grape Juice, No Sugar, Canned",,USDA Generic,,,,Veg,100.0,62.0,62.0,0.0,15.4,0.0,0.0,,,,False,USDA FoodData,,
off_protein_bars_cocoa_hazelnut,protein bars cocoa hazelnut,Protein Bars Cocoa Hazelnut,,Packaged Food,,,,Veg,100.0,427.0,427.0,17.0,33.0,22.0,16.0,,,,False,Open Food Facts,,
usda_formulated_bar__high_fiber__chewy__oats_and_chocolate,"formulated bar, high fiber, chewy, oats and chocolate","Formulated Bar, High Fiber, Chewy, Oats And Chocolate",,USDA Generic,,,,Veg,100.0,389.0,389.0,5.0,69.8,3.4,22.5,,,,False,USDA FoodData,,
usda_chickpeas__nfs,"chickpeas, nfs","Chickpeas, Nfs",,USDA Generic,,,,Veg,100.0,211.0,211.0,8.2,25.5,3.6,7.1,,,,False,USDA FoodData,,
usda_beef__chuck__under_blade_steak__boneless__separable_lean_and_fat__trimmed_to_0__fat__choice__cooked__braised,"beef, chuck, under blade steak, boneless, separable lean and fat, trimmed to 0"" fat, choice, cooked, braised","Beef, Chuck, Under Blade Steak, Boneless, Separable Lean And Fat, Trimmed To 0"" Fat, Choice, Cooked, Braised",,USDA Generic,,,,Veg,100.0,284.0,284.0,27.6,0.0,1.4,0.0,,,,False,USDA FoodData,,
usda_read___green_grapes,read + green grapes,Read + Green Grapes,,USDA Generic,,,,Veg,100.0,70.0,70.0,0.7,18.3,0.0,0.7,,,,False,USDA FoodData,,
usda_sherbet__all_flavors,"sherbet, all flavors","Sherbet, All Flavors",,USDA Generic,,,,Veg,100.0,144.0,144.0,1.1,30.4,0.1,1.3,,,,False,USDA FoodData,,
usda_mani_mac___cheese,mani mac & cheese,Mani Mac & Cheese,,USDA Generic,,,,Veg,100.0,167.0,167.0,5.8,33.3,0.3,1.3,,,,False,USDA FoodData,,
usda_pulled_pork_in_barbecue_sauce,pulled pork in barbecue sauce,Pulled Pork In Barbecue Sauce,,USDA Generic,,,,Veg,100.0,168.0,168.0,13.2,18.7,0.0,1.2,,,,False,USDA FoodData,,
usda_leavening_agents__yeast__baker_s__active_dry,"leavening agents, yeast, baker's, active dry","Leavening Agents, Yeast, Baker'S, Active Dry",,USDA Generic,,,,Veg,100.0,325.0,325.0,40.4,41.2,1.0,26.9,,,,False,USDA FoodData,,
usda_dolores__chili_brick,"dolores, chili brick","Dolores, Chili Brick",,USDA Generic,,,,Veg,100.0,232.0,232.0,10.7,8.9,6.2,1.8,,,,False,USDA FoodData,,
usda_toddler_formula__gerber_good_start__stage_3,"toddler formula, gerber good start, stage 3","Toddler Formula, Gerber Good Start, Stage 3",,USDA Generic,,,,Veg,100.0,62.0,62.0,1.7,6.4,0.6,0.0,,,,False,USDA FoodData,,
usda_dairy_milk_cookie_favourites,dairy milk cookie favourites,Dairy Milk Cookie Favourites,,USDA Generic,,,,Veg,100.0,464.0,464.0,7.1,53.6,14.3,0.0,,,,False,USDA FoodData,,
usda_party_decoratifs___send_in_the_clowns,"party decoratifs, 'send in the clowns'","Party Decoratifs, 'Send In The Clowns'",,USDA Generic,,,,Veg,100.0,500.0,500.0,0.0,75.0,25.0,0.0,,,,False,USDA FoodData,,
usda_bread__spanish_coffee,"bread, spanish coffee","Bread, Spanish Coffee",,USDA Generic,,,,Veg,100.0,348.0,348.0,7.9,58.8,1.1,1.9,,,,False,USDA FoodData,,
usda_music_box_with_candy,music box with candy,Music Box With Candy,,USDA Generic,,,,Veg,100.0,375.0,375.0,0.0,87.5,0.0,0.0,,,,False,USDA FoodData,,
usda_everest_peppermint_chewing_gum__everest_peppermint,"everest peppermint chewing gum, everest peppermint","Everest Peppermint Chewing Gum, Everest Peppermint",,USDA Generic,,,,Veg,100.0,179.0,179.0,0.0,71.4,0.0,0.0,,,,False,USDA FoodData,,
usda_toddler_formula__similac_go_and_grow,"toddler formula, similac go and grow","Toddler Formula, Similac Go And Grow",,USDA Generic,,,,Veg,100.0,58.0,58.0,1.7,5.9,0.6,0.0,,,,False,USDA FoodData,,
usda_a_story_of_the_world_s_finest_rye_bread,a story of the world's finest rye bread,A Story Of The World'S Finest Rye Bread,,USDA Generic,,,,Veg,100.0,229.0,229.0,8.6,47.1,0.9,12.9,,,,False,USDA FoodData,,
usda_who_stole_christmas_holiday_cookie_mix__who_stole_christmas,"who stole christmas holiday cookie mix, who stole christmas","Who Stole Christmas Holiday Cookie Mix, Who Stole Christmas",,USDA Generic,,,,Veg,100.0,360.0,360.0,4.0,84.0,0.0,0.0,,,,False,USDA FoodData,,
usda_sauce__barbecue__open_pit__original,"sauce, barbecue, open pit, original","Sauce, Barbecue, Open Pit, Original",,USDA Generic,,,,Veg,100.0,132.0,132.0,0.4,29.4,1.4,0.5,,,,False,USDA FoodData,,
usda_little_caesars_14__cheese_pizza__thin_crust,"little caesars 14"" cheese pizza, thin crust","Little Caesars 14"" Cheese Pizza, Thin Crust",,USDA Generic,,,,Veg,100.0,309.0,309.0,16.2,22.8,7.3,1.6,,,,False,USDA FoodData,,
usda_nutritional_drink_or_shake__ready_to_drink__boost,"nutritional drink or shake, ready-to-drink (boost)","Nutritional Drink Or Shake, Ready-To-Drink (Boost)",,USDA Generic,,,,Veg,100.0,101.0,101.0,4.2,17.3,0.1,1.3,,,,False,USDA FoodData,,
usda_lak_sa_paste,lak sa paste,Lak Sa Paste,,USDA Generic,,,,Veg,100.0,320.0,320.0,4.0,8.0,2.0,4.0,,,,False,USDA FoodData,,
usda_whatever_sea_salt_dark_chocolate__whatever_sea_salt,"whatever sea salt dark chocolate, whatever sea salt","Whatever Sea Salt Dark Chocolate, Whatever Sea Salt",,USDA Generic,,,,Veg,100.0,540.0,540.0,6.0,50.0,20.0,8.0,,,,False,USDA FoodData,,
usda_candies__heath_bites,"candies, heath bites","Candies, Heath Bites",,USDA Generic,,,,Veg,100.0,530.0,530.0,3.9,63.4,15.6,2.0,,,,False,USDA FoodData,,
usda_domino_s_14__cheese_pizza__ultimate_deep_dish_crust,"domino's 14"" cheese pizza, ultimate deep dish crust","Domino'S 14"" Cheese Pizza, Ultimate Deep Dish Crust",,USDA Generic,,,,Veg,100.0,265.0,265.0,10.8,33.5,9.8,2.4,,,,False,USDA FoodData,,
usda_salsa__red__homemade,"salsa, red, homemade","Salsa, Red, Homemade",,USDA Generic,,,,Veg,100.0,34.0,34.0,1.4,6.7,0.1,1.8,,,,False,USDA FoodData,,
off_tartine_de_campagne,tartine de campagne,Tartine De Campagne,,Packaged Food,,,,Veg,100.0,272.0,272.0,8.9,43.0,6.5,3.9,,,,False,Open Food Facts,,
off_aromatic_christmas_leftovers_curry_kit,aromatic christmas leftovers curry kit,Aromatic Christmas Leftovers Curry Kit,,Packaged Food,,,,Veg,100.0,156.0,156.0,8.4,13.3,6.3,6.2,,,,False,Open Food Facts,,
usda_masala_chaas_premium_yogurt_drink__masala_chaas,"masala chaas premium yogurt drink, masala chaas","Masala Chaas Premium Yogurt Drink, Masala Chaas",,USDA Generic,,,,Veg,100.0,30.0,30.0,2.1,3.0,0.6,0.0,,,,False,USDA FoodData,,
usda_applebee_s__fish__hand_battered,"applebee's, fish, hand battered","Applebee'S, Fish, Hand Battered",,USDA Generic,,,,Veg,100.0,202.0,202.0,13.2,16.6,0.1,0.9,,,,False,USDA FoodData,,
usda_chaat_house_paani_puri,chaat house paani puri,Chaat House Paani Puri,,USDA Generic,,,,Veg,100.0,321.0,321.0,5.1,46.2,6.4,2.6,,,,False,USDA FoodData,,
off_veg_hakka_noodles,veg hakka noodles,Veg Hakka Noodles,,Packaged Food,,,,Veg,100.0,371.0,371.0,11.2,80.5,0.5,8.9,,,,False,Open Food Facts,,
usda_white_pumpkin___milk_pudding__petha_halwa,"white pumpkin & milk pudding, petha halwa","White Pumpkin & Milk Pudding, Petha Halwa",,USDA Generic,,,,Veg,100.0,438.0,438.0,5.4,46.9,6.2,0.0,,,,False,USDA FoodData,,
usda_biryani_with_vegetables,biryani with vegetables,Biryani With Vegetables,,USDA Generic,,,,Veg,100.0,109.0,109.0,1.9,17.9,0.2,1.2,,,,False,USDA FoodData,,
usda_mtr__jeera_rice__cumin_rice,"mtr, jeera rice, cumin rice","Mtr, Jeera Rice, Cumin Rice",,USDA Generic,,,,Veg,100.0,160.0,160.0,2.4,24.0,2.4,0.0,,,,False,USDA FoodData,,
usda_fish_wrap_sandwich,fish wrap sandwich,Fish Wrap Sandwich,,USDA Generic,,,,Veg,100.0,262.0,262.0,14.7,22.6,2.8,1.4,,,,False,USDA FoodData,,
usda_soup,soup,Soup,,USDA Generic,,,,Veg,100.0,80.0,80.0,1.3,5.1,2.6,1.3,,,,False,USDA FoodData,,
off_everest_pani_puri_masala,everest pani puri masala,Everest Pani Puri Masala,,Packaged Food,,,,Veg,100.0,17.2,17.2,0.4,3.0,0.4,0.0,,,,False,Open Food Facts,,
usda_macaroni_and_cheese__box_mix_with_cheese_sauce__prepared,"macaroni and cheese, box mix with cheese sauce, prepared","Macaroni And Cheese, Box Mix With Cheese Sauce, Prepared",,USDA Generic,,,,Veg,100.0,164.0,164.0,6.7,23.1,0.1,1.2,,,,False,USDA FoodData,,
usda_chin_chin__lotus_oatmeal,"chin chin, lotus oatmeal","Chin Chin, Lotus Oatmeal",,USDA Generic,,,,Veg,100.0,84.0,84.0,0.0,16.9,0.5,1.9,,,,False,USDA FoodData,,
usda_lap_chau_foods__sesame_cookies,"lap chau foods, sesame cookies","Lap Chau Foods, Sesame Cookies",,USDA Generic,,,,Veg,100.0,586.0,586.0,10.3,51.7,6.9,0.0,,,,False,USDA FoodData,,
usda_hammer___sickle__russian_ginger_beer_with_lime,"hammer + sickle, russian ginger beer with lime","Hammer + Sickle, Russian Ginger Beer With Lime",,USDA Generic,,,,Veg,100.0,46.0,46.0,0.0,11.8,0.0,0.0,,,,False,USDA FoodData,,
usda_chicken__gizzard__all_classes__raw,"chicken, gizzard, all classes, raw","Chicken, Gizzard, All Classes, Raw",,USDA Generic,,,,Veg,100.0,94.0,94.0,17.7,0.0,0.4,0.0,,,,False,USDA FoodData,,
usda_haldiram_s__minute_khana,"haldiram's, minute khana","Haldiram'S, Minute Khana",,USDA Generic,,,,Veg,100.0,140.0,140.0,1.7,3.3,6.0,0.7,,,,False,USDA FoodData,,
usda_traffic_jam,traffic jam,Traffic Jam,,USDA Generic,,,,Veg,100.0,250.0,250.0,0.0,65.0,0.0,0.0,,,,False,USDA FoodData,,
usda_new_zealand_spinach__raw,"new zealand spinach, raw","New Zealand Spinach, Raw",,USDA Generic,,,,Veg,100.0,14.0,14.0,1.5,2.5,0.1,1.5,,,,False,USDA FoodData,,
usda_leeks___bulb_and_lower_leaf_portion___raw,"leeks, (bulb and lower leaf-portion), raw","Leeks, (Bulb And Lower Leaf-Portion), Raw",,USDA Generic,,,,Veg,100.0,61.0,61.0,1.5,14.2,0.0,1.8,,,,False,USDA FoodData,,
off_vegan_coconut_crunch,vegan coconut crunch,Vegan Coconut Crunch,,Packaged Food,,,,Veg,100.0,306.0,306.0,0.0,74.0,0.2,2.0,,,,False,Open Food Facts,,
usda_a_couple_of_squares__gingerbread_cookie,"a couple of squares, gingerbread cookie","A Couple Of Squares, Gingerbread Cookie",,USDA Generic,,,,Veg,100.0,440.0,440.0,0.0,76.0,8.0,0.0,,,,False,USDA FoodData,,
usda_mini_onion_bhajis,mini onion bhajis,Mini Onion Bhajis,,USDA Generic,,,,Veg,100.0,141.0,141.0,3.6,21.8,0.5,2.7,,,,False,USDA FoodData,,
usda_flutter_bites__shortbread_cookies,"flutter bites, shortbread cookies","Flutter Bites, Shortbread Cookies",,USDA Generic,,,,Veg,100.0,500.0,500.0,5.6,61.1,13.9,0.0,,,,False,USDA FoodData,,
usda_premium_bar_room_blitz,premium bar room blitz,Premium Bar Room Blitz,,USDA Generic,,,,Veg,100.0,500.0,500.0,16.7,46.7,5.0,6.7,,,,False,USDA FoodData,,
off_organic_berry_fruit_cereal,organic berry fruit cereal,Organic Berry Fruit Cereal,,Packaged Food,,,,Veg,100.0,327.9,327.9,11.5,77.0,1.6,9.8,,,,False,Open Food Facts,,
usda_german_style_pickles__german_style,"german style pickles, german style","German Style Pickles, German Style",,USDA Generic,,,,Veg,100.0,36.0,36.0,0.0,7.1,0.0,0.0,,,,False,USDA FoodData,,
usda_kay___ray_s__potato_chips,"kay & ray's, potato chips","Kay & Ray'S, Potato Chips",,USDA Generic,,,,Veg,100.0,500.0,500.0,7.1,64.3,3.6,7.1,,,,False,USDA FoodData,,
usda_doughnut__yeast_type,"doughnut, yeast type","Doughnut, Yeast Type",,USDA Generic,,,,Veg,100.0,421.0,421.0,6.1,47.9,3.6,2.1,,,,False,USDA FoodData,,
usda_cereals__quaker__quick_oats__dry,"cereals, quaker, quick oats, dry","Cereals, Quaker, Quick Oats, Dry",,USDA Generic,,,,Veg,100.0,371.0,371.0,13.7,68.2,6.9,9.4,,,,False,USDA FoodData,,
usda_gulab_jamun_mix,gulab jamun mix,Gulab Jamun Mix,,USDA Generic,,,,Veg,100.0,432.0,432.0,16.0,56.0,10.0,6.0,,,,False,USDA FoodData,,
off_gosh__aloo_tikki_bites,gosh! aloo tikki bites,Gosh! Aloo Tikki Bites,,Packaged Food,,,,Veg,100.0,173.0,173.0,6.7,28.8,4.7,5.6,,,,False,Open Food Facts,,
off_randoms,randoms,Randoms,,Packaged Food,,,,Veg,100.0,325.0,325.0,4.7,76.4,0.1,0.0,,,,False,Open Food Facts,,
off_energy__bar_almond___grape___vitamin_b1___source_de_vitamine_b1_qui_contribue_à_un_métabolisme_énergétique_normal____amande___raisin,energy* bar almond & grape** vitamin b1* *source de vitamine b1 qui contribue à un métabolisme énergétique normal. **amande & raisin,Energy* Bar Almond & Grape** Vitamin B1* *Source De Vitamine B1 Qui Contribue À Un Métabolisme Énergétique Normal. **Amande & Raisin,,Packaged Food,,,,Veg,100.0,410.0,410.0,6.8,65.0,13.0,4.0,,,,False,Open Food Facts,,
off_uncooked_phulka,uncooked phulka,Uncooked Phulka,,Packaged Food,,,,Veg,100.0,285.7,285.7,9.1,45.5,10.6,3.0,,,,False,Open Food Facts,,
off_paper_boat_aamras_drink_200ml,paper boat aamras drink 200ml,Paper Boat Aamras Drink 200Ml,,Packaged Food,,,,Veg,100.0,68.0,68.0,0.0,17.0,0.0,0.0,,,,False,Open Food Facts,,
usda_oil__industrial__soy__partially_hydrogenated___and_soy__winterized___pourable_clear_fry,"oil, industrial, soy (partially hydrogenated ) and soy (winterized), pourable clear fry","Oil, Industrial, Soy (Partially Hydrogenated ) And Soy (Winterized), Pourable Clear Fry",,USDA Generic,,,,Veg,100.0,884.0,884.0,0.0,0.0,100.0,0.0,,,,False,USDA FoodData,,
usda_pumpkin_seeds__salted,"pumpkin seeds, salted","Pumpkin Seeds, Salted",,USDA Generic,,,,Veg,100.0,567.0,567.0,29.5,14.5,19.6,6.4,,,,False,USDA FoodData,,
usda_bread__paratha,"bread, paratha","Bread, Paratha",,USDA Generic,,,,Veg,100.0,326.0,326.0,6.4,45.4,2.5,9.6,,,,False,USDA FoodData,,
usda_milk__reduced_fat__2,"milk, reduced fat (2%)","Milk, Reduced Fat (2%)",,USDA Generic,,,,Veg,100.0,50.0,50.0,3.4,4.9,0.1,0.0,,,,False,USDA FoodData,,
usda_dessert_topping__powdered__1_5_ounce_prepared_with_1_2_cup_milk,"dessert topping, powdered, 1.5 ounce prepared with 1/2 cup milk","Dessert Topping, Powdered, 1.5 Ounce Prepared With 1/2 Cup Milk",,USDA Generic,,,,Veg,100.0,194.0,194.0,3.6,17.1,0.2,0.0,,,,False,USDA FoodData,,
food_auth_bajra_rotlo,bajra rotlo,Bajra Rotlo,[],bread_flatbread,,Gujarat,Gujarat,Veg,80.0,242.0,193.6,5.4,44.0,3.8,5.2,0.0,0.0,,True,Authentic Indian Food Master,2026-09-21T16:32:10.325000,2026-09-21T16:32:10.325000
food_auth_dudhi_thepla,dudhi thepla,Dudhi Thepla,[],bread_flatbread,,Gujarat,Gujarat,Veg,60.0,248.0,148.8,5.2,36.5,9.4,4.1,0.0,0.0,,True,Authentic Indian Food Master,2026-09-21T16:32:10.325000,2026-09-21T16:32:10.325000
food_auth_paneer_paratha,paneer paratha,Paneer Paratha,[],bread_flatbread,,Punjab,Punjab,Veg,90.0,265.0,238.5,9.5,32.5,11.8,3.2,0.0,0.0,,True,Authentic Indian Food Master,2026-09-21T16:32:10.325000,2026-09-21T16:32:10.325000
food_auth_gobi_paratha,gobi paratha,Gobi Paratha,[],bread_flatbread,,Punjab,Punjab,Veg,90.0,215.0,193.5,4.8,34.2,7.4,3.5,0.0,0.0,,True,Authentic Indian Food Master,2026-09-21T16:32:10.325000,2026-09-21T16:32:10.325000
food_auth_puri,puri,Puri,[],bread_flatbread,,Pan-India,Pan-India,Veg,100.0,150.0,150.0,4.0,25.0,4.0,2.5,0.0,0.0,,True,Authentic Indian Food Master,2026-09-21T16:32:10.325000,2026-09-21T16:32:10.325000
food_auth_butter_naan,butter naan,Butter Naan,[],bread_flatbread,,North India,North India,Veg,100.0,150.0,150.0,4.0,25.0,4.0,2.5,0.0,0.0,,True,Authentic Indian Food Master,2026-09-21T16:32:10.325000,2026-09-21T16:32:10.325000
food_auth_kulcha,kulcha,Kulcha,[],bread_flatbread,,Punjab,Punjab,Veg,80.0,260.0,208.0,7.2,46.0,4.5,2.8,0.0,0.0,,True,Authentic Indian Food Master,2026-09-21T16:32:10.325000,2026-09-21T16:32:10.325000
food_auth_jowar_bhakri,jowar bhakri,Jowar Bhakri,[],bread_flatbread,,Maharashtra,Maharashtra,Veg,70.0,238.0,166.6,4.8,46.2,2.2,4.8,0.0,0.0,,True,Authentic Indian Food Master,2026-09-21T16:32:10.325000,2026-09-21T16:32:10.325000
food_auth_dal_fry,dal fry,Dal Fry,[],dal_lentil,,Pan-India,Pan-India,Veg,200.0,115.0,230.0,6.8,16.5,4.2,3.8,0.0,0.0,,True,Authentic Indian Food Master,2026-09-21T16:32:10.325000,2026-09-21T16:32:10.325000
food_auth_gujarati_dal,gujarati dal,Gujarati Dal,[],dal_lentil,,Gujarat,Gujarat,Veg,200.0,95.0,190.0,5.2,15.0,2.8,3.2,0.0,0.0,,True,Authentic Indian Food Master,2026-09-21T16:32:10.325000,2026-09-21T16:32:10.325000
food_auth_chana_dal,chana dal,Chana Dal,[],dal_lentil,,North India,North India,Veg,200.0,122.0,244.0,7.5,18.2,3.8,4.5,0.0,0.0,,True,Authentic Indian Food Master,2026-09-21T16:32:10.325000,2026-09-21T16:32:10.325000
food_auth_punjabi_kadhi_pakora,punjabi kadhi pakora,Punjabi Kadhi Pakora,[],curry_gravy,,Punjab,Punjab,Veg,200.0,128.0,256.0,5.8,15.2,6.2,2.4,0.0,0.0,,True,Authentic Indian Food Master,2026-09-21T16:32:10.325000,2026-09-21T16:32:10.325000
food_auth_jeera_rice,jeera rice,Jeera Rice,[],rice_grain,,Pan-India,Pan-India,Veg,200.0,140.0,280.0,3.6,28.0,3.2,1.5,0.0,0.0,,True,Authentic Indian Food Master,2026-09-21T16:32:10.325000,2026-09-21T16:32:10.325000
food_auth_veg_biryani,veg biryani,Veg Biryani,[],rice_grain,,Hyderabad,Hyderabad,Veg,100.0,150.0,150.0,4.0,25.0,4.0,2.5,0.0,0.0,,True,Authentic Indian Food Master,2026-09-21T16:32:10.325000,2026-09-21T16:32:10.325000
food_auth_pulao,pulao,Pulao,[],rice_grain,,Pan-India,Pan-India,Veg,200.0,145.0,290.0,4.2,26.5,3.8,2.1,0.0,0.0,,True,Authentic Indian Food Master,2026-09-21T16:32:10.325000,2026-09-21T16:32:10.325000
food_auth_sev_tameta_nu_shaak,sev tameta nu shaak,Sev Tameta Nu Shaak,[],vegetable_dry,,Gujarat,Gujarat,Veg,180.0,112.0,201.6,3.4,12.8,6.8,2.6,0.0,0.0,,True,Authentic Indian Food Master,2026-09-21T16:32:10.325000,2026-09-21T16:32:10.325000
food_auth_lasaniya_bataka,lasaniya bataka,Lasaniya Bataka,[],vegetable_dry,,Gujarat,Gujarat,Veg,180.0,128.0,230.4,2.4,18.5,5.8,2.2,0.0,0.0,,True,Authentic Indian Food Master,2026-09-21T16:32:10.325000,2026-09-21T16:32:10.325000
food_auth_ringna_no_oro,ringna no oro,Ringna No Oro,[],vegetable_dry,,Gujarat,Gujarat,Veg,180.0,92.0,165.6,2.8,9.5,6.4,3.8,0.0,0.0,,True,Authentic Indian Food Master,2026-09-21T16:32:10.325000,2026-09-21T16:32:10.325000
food_auth_chole,chole,Chole,[],curry_gravy,,Punjab,Punjab,Veg,100.0,150.0,150.0,4.0,25.0,4.0,2.5,0.0,0.0,,True,Authentic Indian Food Master,2026-09-21T16:32:10.325000,2026-09-21T16:32:10.325000
food_auth_sev_puri,sev puri,Sev Puri,[],street_food_chaat,,Maharashtra,Maharashtra,Veg,120.0,185.0,222.0,3.5,24.8,7.8,2.5,0.0,0.0,,True,Authentic Indian Food Master,2026-09-21T16:32:10.325000,2026-09-21T16:32:10.325000
food_auth_medu_vada,medu vada,Medu Vada,[],breakfast,,South India,South India,Veg,60.0,265.0,159.0,8.5,26.5,14.5,4.2,0.0,0.0,,True,Authentic Indian Food Master,2026-09-21T16:32:10.325000,2026-09-21T16:32:10.325000
food_auth_masala_chai,masala chai,Masala Chai,[],drink,,Pan-India,Pan-India,Veg,150.0,65.0,97.5,2.0,9.0,2.5,0.0,0.0,0.0,,True,Authentic Indian Food Master,2026-09-21T16:32:10.325000,2026-09-22T11:42:33.494752
food_auth_cutting_chai,cutting chai,Cutting Chai,[],drink,,Maharashtra,Maharashtra,Veg,100.0,150.0,150.0,4.0,25.0,4.0,2.5,0.0,0.0,,True,Authentic Indian Food Master,2026-09-21T16:32:10.325000,2026-09-21T16:32:10.325000
food_auth_chaas,chaas,Chaas,[],drink,,Gujarat,Gujarat,Veg,100.0,150.0,150.0,4.0,25.0,4.0,2.5,0.0,0.0,,True,Authentic Indian Food Master,2026-09-21T16:32:10.325000,2026-09-21T16:32:10.325000
food_auth_filter_coffee,filter coffee,Filter Coffee,[],drink,,South India,South India,Veg,150.0,70.0,105.0,2.2,8.0,3.2,0.0,0.0,0.0,,True,Authentic Indian Food Master,2026-09-21T16:32:10.325000,2026-09-22T11:42:33.494752
food_auth_nimbu_pani,nimbu pani,Nimbu Pani,[],drink,,Pan-India,Pan-India,Veg,250.0,28.0,70.0,0.2,7.0,0.0,0.1,0.0,0.0,,True,Authentic Indian Food Master,2026-09-21T16:32:10.325000,2026-09-22T11:42:33.494752
food_auth_badam_milk,badam milk,Badam Milk,[],drink,,North India,North India,Veg,200.0,108.0,216.0,4.8,16.5,5.8,1.2,0.0,0.0,,True,Authentic Indian Food Master,2026-09-21T16:32:10.325000,2026-09-21T16:32:10.325000
food_auth_sugarcane_juice,sugarcane juice,Sugarcane Juice,[],drink,,Pan-India,Pan-India,Veg,250.0,80.0,200.0,0.2,20.0,0.1,0.5,0.0,0.0,,True,Authentic Indian Food Master,2026-09-21T16:32:10.325000,2026-09-22T11:42:33.494752
food_auth_jaljeera,jaljeera,Jaljeera,[],drink,,North India,North India,Veg,250.0,18.0,45.0,0.4,4.0,0.1,0.2,0.0,0.0,,True,Authentic Indian Food Master,2026-09-21T16:32:10.325000,2026-09-22T11:42:33.494752
food_auth_pomegranate,pomegranate,Pomegranate,[],fruit,,Pan-India,Pan-India,Veg,150.0,83.0,124.5,1.7,18.7,1.2,4.0,0.0,0.0,,True,Authentic Indian Food Master,2026-09-21T16:32:10.325000,2026-09-21T16:32:10.325000
food_auth_cow_milk,cow milk,Cow Milk,[],dairy,,Pan-India,Pan-India,Veg,200.0,62.0,124.0,3.2,4.8,3.5,0.0,0.0,0.0,,True,Authentic Indian Food Master,2026-09-21T16:32:10.325000,2026-09-21T16:32:10.325000
food_auth_white_butter,white butter,White Butter,[],dairy,,North India,North India,Veg,15.0,717.0,107.5,0.9,0.6,81.1,0.0,0.0,0.0,,True,Authentic Indian Food Master,2026-09-21T16:32:10.325000,2026-09-21T16:32:10.325000
food_auth_oats,oats,Oats,[],packaged_food,,Pan-India,Pan-India,Veg,100.0,150.0,150.0,4.0,25.0,4.0,2.5,0.0,0.0,,True,Authentic Indian Food Master,2026-09-21T16:32:10.325000,2026-09-21T16:32:10.325000
food_auth_maggi_noodles,maggi noodles,Maggi Noodles,[],packaged_food,,Pan-India,Pan-India,Veg,70.0,427.0,298.9,8.0,63.5,15.7,3.5,0.0,0.0,,True,Authentic Indian Food Master,2026-09-21T16:32:10.325000,2026-09-21T16:32:10.325000
food_auth_brown_bread,brown bread,Brown Bread,[],packaged_food,,Pan-India,Pan-India,Veg,30.0,247.0,74.1,13.0,41.3,3.4,7.0,0.0,0.0,,True,Authentic Indian Food Master,2026-09-21T16:32:10.325000,2026-09-21T16:32:10.325000
food_auth_marie_biscuit,marie biscuit,Marie Biscuit,[],packaged_food,,Pan-India,Pan-India,Veg,5.0,435.0,21.8,7.5,78.2,11.0,2.5,0.0,0.0,,True,Authentic Indian Food Master,2026-09-21T16:32:10.325000,2026-09-21T16:32:10.325000
food_auth_dahi_puri,dahi puri,Dahi Puri,[],composite_meal,,Pan-India,Pan-India,Veg,150.0,195.0,292.5,4.2,25.8,8.5,2.2,0.0,0.0,,True,Authentic Indian Food Master,2026-09-21T16:33:33.911368,2026-09-21T16:33:33.911368
food_auth_kanda_poha,kanda poha,Kanda Poha,[],composite_meal,,Pan-India,Pan-India,Veg,150.0,175.0,262.5,4.2,32.5,5.8,2.8,0.0,0.0,,True,Authentic Indian Food Master,2026-09-21T16:33:33.911368,2026-09-21T16:33:33.911368
food_auth_usal_pav,usal pav,Usal Pav,[],composite_meal,,Pan-India,Pan-India,Veg,250.0,155.0,387.5,5.8,22.8,4.8,3.6,0.0,0.0,,True,Authentic Indian Food Master,2026-09-21T16:33:33.911368,2026-09-21T16:33:33.911368
food_auth_mango_lassi,mango lassi,Mango Lassi,[],composite_meal,,Pan-India,Pan-India,Veg,250.0,95.0,237.5,2.8,16.5,2.2,0.5,0.0,0.0,,True,Authentic Indian Food Master,2026-09-21T16:33:33.911368,2026-09-22T11:42:33.494752
food_auth_locho,locho,Locho,[],snack,,Gujarat,Gujarat,Veg,150.0,165.0,247.5,6.8,26.5,6.2,3.5,0.0,0.0,,True,Authentic Indian Food Master,2026-09-21T16:33:33.911368,2026-09-21T16:33:33.911368
food_auth_mag_nu_shaak,mag nu shaak,Mag Nu Shaak,[],vegetable_dry,,Gujarat,Gujarat,Veg,180.0,118.0,212.4,6.5,17.2,3.5,4.2,0.0,0.0,,True,Authentic Indian Food Master,2026-09-21T16:33:33.911368,2026-09-21T16:33:33.911368
food_auth_appam_with_stew,appam with stew,Appam with Stew,[],composite_meal,,South India,South India,Veg,200.0,142.0,284.0,3.2,22.8,5.2,2.0,0.0,0.0,,True,Authentic Indian Food Master,2026-09-21T16:33:33.911368,2026-09-21T16:33:33.911368
food_auth_puttu_kadala_curry,puttu kadala curry,Puttu Kadala Curry,[],composite_meal,,South India,South India,Veg,250.0,165.0,412.5,5.5,27.5,4.5,4.2,0.0,0.0,,True,Authentic Indian Food Master,2026-09-21T16:33:33.911368,2026-09-21T16:33:33.911368
food_auth_rasam_rice,rasam rice,Rasam Rice,[],rice_grain,,South India,South India,Veg,200.0,125.0,250.0,3.8,24.5,2.5,1.8,0.0,0.0,,True,Authentic Indian Food Master,2026-09-21T16:33:33.911368,2026-09-21T16:33:33.911368
food_auth_luchi_alur_dom,luchi alur dom,Luchi Alur Dom,[],composite_meal,,Bengal,Bengal,Veg,200.0,245.0,490.0,4.5,34.2,11.5,2.8,0.0,0.0,,True,Authentic Indian Food Master,2026-09-21T16:33:33.911368,2026-09-21T16:33:33.911368
food_auth_ragda_pattice,ragda pattice,Ragda Pattice,[],snack,,Pan-India,Pan-India,Veg,180.0,165.0,297.0,5.2,24.5,5.5,3.6,0.0,0.0,,True,Authentic Indian Food Master,2026-09-21T16:33:33.911368,2026-09-21T16:33:33.911368
food_auth_paneer_pakora,paneer pakora,Paneer Pakora,[],snack,,Pan-India,Pan-India,Veg,100.0,285.0,285.0,12.5,16.5,19.5,1.8,0.0,0.0,,True,Authentic Indian Food Master,2026-09-21T16:33:33.911368,2026-09-21T16:33:33.911368
food_auth_onion_bhajiya,onion bhajiya,Onion Bhajiya,[],snack,,Pan-India,Pan-India,Veg,100.0,255.0,255.0,5.2,26.5,14.2,3.2,0.0,0.0,,True,Authentic Indian Food Master,2026-09-21T16:33:33.911368,2026-09-21T16:33:33.911368
food_auth_mirchi_pakora,mirchi pakora,Mirchi Pakora,[],snack,,Pan-India,Pan-India,Veg,100.0,215.0,215.0,4.2,22.8,12.2,3.1,0.0,0.0,,True,Authentic Indian Food Master,2026-09-21T16:33:33.911368,2026-09-21T16:33:33.911368
food_auth_chakli,chakli,Chakli,[],snack,,Pan-India,Pan-India,Veg,25.0,518.0,129.5,8.2,59.5,27.8,4.2,0.0,0.0,,True,Authentic Indian Food Master,2026-09-21T16:33:33.911368,2026-09-21T16:33:33.911368
food_auth_aloo_bhujia,aloo bhujia,Aloo Bhujia,[],snack,,Pan-India,Pan-India,Veg,30.0,575.0,172.5,7.2,44.5,41.8,3.8,0.0,0.0,,True,Authentic Indian Food Master,2026-09-21T16:33:33.911368,2026-09-21T16:33:33.911368
food_auth_poha_chivda,poha chivda,Poha Chivda,[],snack,,Pan-India,Pan-India,Veg,30.0,458.0,137.4,6.8,64.2,19.5,3.5,0.0,0.0,,True,Authentic Indian Food Master,2026-09-21T16:33:33.911368,2026-09-21T16:33:33.911368
food_auth_namak_para,namak para,Namak Para,[],snack,,Pan-India,Pan-India,Veg,30.0,498.0,149.4,8.8,61.2,24.5,2.8,0.0,0.0,,True,Authentic Indian Food Master,2026-09-21T16:33:33.911368,2026-09-21T16:33:33.911368
food_auth_veg_momos,veg momos,Veg Momos,[],snack,,Pan-India,Pan-India,Veg,150.0,145.0,217.5,4.5,24.2,3.2,2.1,0.0,0.0,,True,Authentic Indian Food Master,2026-09-21T16:33:33.911368,2026-09-21T16:33:33.911368
food_auth_frankie,frankie,Frankie,[],snack,,Pan-India,Pan-India,Veg,150.0,225.0,337.5,6.8,29.5,9.2,3.2,0.0,0.0,,True,Authentic Indian Food Master,2026-09-21T16:33:33.911368,2026-09-21T16:33:33.911368
food_auth_kathi_roll,kathi roll,Kathi Roll,[],snack,,Pan-India,Pan-India,Veg,150.0,235.0,352.5,7.4,28.5,10.5,3.0,0.0,0.0,,True,Authentic Indian Food Master,2026-09-21T16:33:33.911368,2026-09-21T16:33:33.911368
food_auth_chana_chaat,chana chaat,Chana Chaat,[],snack,,Pan-India,Pan-India,Veg,150.0,145.0,217.5,6.8,22.5,4.2,4.5,0.0,0.0,,True,Authentic Indian Food Master,2026-09-21T16:33:33.911368,2026-09-21T16:33:33.911368
food_auth_papdi_chaat,papdi chaat,Papdi Chaat,[],snack,,Pan-India,Pan-India,Veg,150.0,178.0,267.0,3.8,23.5,7.5,2.4,0.0,0.0,,True,Authentic Indian Food Master,2026-09-21T16:33:33.911368,2026-09-21T16:33:33.911368
food_auth_adrak_wali_chai,adrak wali chai,Adrak Wali Chai,[],drink,,Pan-India,Pan-India,Veg,150.0,64.0,96.0,2.4,9.8,2.6,0.1,0.0,0.0,,True,Authentic Indian Food Master,2026-09-21T16:33:33.911368,2026-09-21T16:33:33.911368
food_auth_elaichi_chai,elaichi chai,Elaichi Chai,[],drink,,Pan-India,Pan-India,Veg,150.0,64.0,96.0,2.4,9.8,2.6,0.1,0.0,0.0,,True,Authentic Indian Food Master,2026-09-21T16:33:33.911368,2026-09-21T16:33:33.911368
food_auth_lemon_tea,lemon tea,Lemon Tea,[],drink,,Pan-India,Pan-India,Veg,150.0,28.0,42.0,0.2,6.8,0.1,0.1,0.0,0.0,,True,Authentic Indian Food Master,2026-09-21T16:33:33.911368,2026-09-21T16:33:33.911368
food_auth_masala_chaas,masala chaas,Masala Chaas,[],drink,,Pan-India,Pan-India,Veg,250.0,22.0,55.0,1.2,2.0,1.0,0.1,0.0,0.0,,True,Authentic Indian Food Master,2026-09-21T16:33:33.911368,2026-09-22T11:42:33.494752
food_auth_jeera_chaas,jeera chaas,Jeera Chaas,[],drink,,Pan-India,Pan-India,Veg,200.0,30.0,60.0,1.7,2.5,1.2,0.2,0.0,0.0,,True,Authentic Indian Food Master,2026-09-21T16:33:33.911368,2026-09-21T16:33:33.911368
food_auth_salted_lassi,salted lassi,Salted Lassi,[],drink,,Pan-India,Pan-India,Veg,250.0,35.0,87.5,2.5,3.2,1.5,0.0,0.0,0.0,,True,Authentic Indian Food Master,2026-09-21T16:33:33.911368,2026-09-22T11:42:33.494752
food_auth_shikanji,shikanji,Shikanji,[],drink,,Pan-India,Pan-India,Veg,200.0,38.0,76.0,0.3,9.4,0.1,0.2,0.0,0.0,,True,Authentic Indian Food Master,2026-09-21T16:33:33.911368,2026-09-21T16:33:33.911368
food_auth_aam_panna,aam panna,Aam Panna,[],drink,,Pan-India,Pan-India,Veg,250.0,45.0,112.5,0.4,11.0,0.1,0.4,0.0,0.0,,True,Authentic Indian Food Master,2026-09-21T16:33:33.911368,2026-09-22T11:42:33.494752
food_auth_kokum_sharbat,kokum sharbat,Kokum Sharbat,[],drink,,Pan-India,Pan-India,Veg,250.0,35.0,87.5,0.2,8.5,0.0,0.2,0.0,0.0,,True,Authentic Indian Food Master,2026-09-21T16:33:33.911368,2026-09-22T11:42:33.494752
food_auth_nariyal_pani,nariyal pani,Nariyal Pani,[],drink,,Pan-India,Pan-India,Veg,240.0,19.0,45.6,0.7,3.7,0.2,1.1,0.0,0.0,,True,Authentic Indian Food Master,2026-09-21T16:33:33.911368,2026-09-21T16:33:33.911368
food_auth_rooh_afza_milk,rooh afza milk,Rooh Afza Milk,[],drink,,Pan-India,Pan-India,Veg,200.0,92.0,184.0,3.1,15.2,3.2,0.0,0.0,0.0,,True,Authentic Indian Food Master,2026-09-21T16:33:33.911368,2026-09-21T16:33:33.911368
food_snk_bhavnagari_gathiya,bhavnagari gathiya,Bhavnagari Gathiya,[],snack,authentic_farsan,Gujarat,Gujarat,Veg,100.0,520.0,520.0,14.0,42.0,34.0,6.0,0.0,0.0,,True,Authentic Indian Snack Master,2026-09-21T16:53:15.899908,2026-09-21T16:53:15.899908
food_snk_vanela_gathiya,vanela gathiya,Vanela Gathiya,[],snack,authentic_farsan,Gujarat,Gujarat,Veg,100.0,510.0,510.0,13.0,44.0,32.0,5.5,0.0,0.0,,True,Authentic Indian Snack Master,2026-09-21T16:53:15.899908,2026-09-21T16:53:15.899908
food_snk_tikha_gathiya,tikha gathiya,Tikha Gathiya,[],snack,authentic_farsan,Gujarat,Gujarat,Veg,100.0,525.0,525.0,14.0,41.0,35.0,6.0,0.0,0.0,,True,Authentic Indian Snack Master,2026-09-21T16:53:15.899908,2026-09-21T16:53:15.899908
food_snk_papdi_gathiya,papdi gathiya,Papdi Gathiya,[],snack,authentic_farsan,Gujarat,Gujarat,Veg,100.0,515.0,515.0,13.0,43.0,33.0,5.8,0.0,0.0,,True,Authentic Indian Snack Master,2026-09-21T16:53:15.899908,2026-09-21T16:53:15.899908
food_snk_champakali_gathiya,champakali gathiya,Champakali Gathiya,[],snack,authentic_farsan,Gujarat,Gujarat,Veg,100.0,530.0,530.0,14.0,40.0,36.0,5.5,0.0,0.0,,True,Authentic Indian Snack Master,2026-09-21T16:53:15.899908,2026-09-21T16:53:15.899908
food_snk_mari_gathiya,mari gathiya,Mari Gathiya,[],snack,authentic_farsan,Gujarat,Gujarat,Veg,100.0,515.0,515.0,13.5,42.0,33.0,6.0,0.0,0.0,,True,Authentic Indian Snack Master,2026-09-21T16:53:15.899908,2026-09-21T16:53:15.899908
food_snk_nylon_khaman,nylon khaman,Nylon Khaman,[],snack,authentic_farsan,Gujarat,Gujarat,Veg,150.0,160.0,240.0,6.5,28.0,2.5,3.0,0.0,0.0,,True,Authentic Indian Snack Master,2026-09-21T16:53:15.899908,2026-09-21T16:53:15.899908
food_snk_amiri_khaman,amiri khaman,Amiri Khaman,[],snack,authentic_farsan,Gujarat,Gujarat,Veg,150.0,220.0,330.0,7.5,32.0,7.5,3.5,0.0,0.0,,True,Authentic Indian Snack Master,2026-09-21T16:53:15.899908,2026-09-21T16:53:15.899908
food_snk_vati_dal_khaman,vati dal khaman,Vati Dal Khaman,[],snack,authentic_farsan,Gujarat,Gujarat,Veg,150.0,175.0,262.5,8.0,29.0,3.0,4.2,0.0,0.0,,True,Authentic Indian Snack Master,2026-09-21T16:53:15.899908,2026-09-21T16:53:15.899908
food_snk_khatta_dhokla,khatta dhokla,Khatta Dhokla,[],snack,authentic_farsan,Gujarat,Gujarat,Veg,150.0,150.0,225.0,5.5,27.0,2.0,2.5,0.0,0.0,,True,Authentic Indian Snack Master,2026-09-21T16:53:15.899908,2026-09-21T16:53:15.899908
food_snk_rava_dhokla,rava dhokla,Rava Dhokla,[],snack,authentic_farsan,Gujarat,Gujarat,Veg,150.0,165.0,247.5,4.8,30.0,3.0,2.0,0.0,0.0,,True,Authentic Indian Snack Master,2026-09-21T16:53:15.899908,2026-09-21T16:53:15.899908
food_snk_sandwich_dhokla,sandwich dhokla,Sandwich Dhokla,[],snack,authentic_farsan,Gujarat,Gujarat,Veg,150.0,170.0,255.0,5.8,28.0,4.0,2.5,0.0,0.0,,True,Authentic Indian Snack Master,2026-09-21T16:53:15.899908,2026-09-21T16:53:15.899908
food_snk_jeera_khakhra,jeera khakhra,Jeera Khakhra,[],snack,authentic_farsan,Gujarat,Gujarat,Veg,30.0,405.0,121.5,11.0,70.0,9.5,7.5,0.0,0.0,,True,Authentic Indian Snack Master,2026-09-21T16:53:15.899908,2026-09-21T16:53:15.899908
food_snk_mathiya,mathiya,Mathiya,[],snack,authentic_farsan,Gujarat,Gujarat,Veg,25.0,440.0,110.0,13.0,58.0,18.0,6.0,0.0,0.0,,True,Authentic Indian Snack Master,2026-09-21T16:53:15.899908,2026-09-21T16:53:15.899908
food_snk_sev_mamra,sev mamra,Sev Mamra,[],snack,authentic_farsan,Gujarat,Gujarat,Veg,80.0,430.0,344.0,8.5,68.0,14.0,4.5,0.0,0.0,,True,Authentic Indian Snack Master,2026-09-21T16:53:15.899908,2026-09-21T16:53:15.899908
food_snk_vagharela_mamra,vagharela mamra,Vagharela Mamra,[],snack,authentic_farsan,Gujarat,Gujarat,Veg,60.0,380.0,228.0,6.5,74.0,7.0,3.5,0.0,0.0,,True,Authentic Indian Snack Master,2026-09-21T16:53:15.899908,2026-09-21T16:53:15.899908
food_snk_raj_kachori,raj kachori,Raj Kachori,[],street_food_chaat,authentic_farsan,North India,North India,Veg,200.0,230.0,460.0,5.5,28.0,11.0,3.2,0.0,0.0,,True,Authentic Indian Snack Master,2026-09-21T16:53:15.899908,2026-09-21T16:53:15.899908
food_snk_paneer_tikki,paneer tikki,Paneer Tikki,[],snack,authentic_farsan,North India,North India,Veg,80.0,220.0,176.0,10.5,18.0,12.0,2.0,0.0,0.0,,True,Authentic Indian Snack Master,2026-09-21T16:53:15.899908,2026-09-21T16:53:15.899908
food_snk_ram_ladoo,ram ladoo,Ram Ladoo,[],street_food_chaat,authentic_farsan,North India,North India,Veg,150.0,210.0,315.0,8.5,28.0,7.5,4.5,0.0,0.0,,True,Authentic Indian Snack Master,2026-09-21T16:53:15.899908,2026-09-21T16:53:15.899908
food_snk_bikaneri_bhujia,bikaneri bhujia,Bikaneri Bhujia,[],snack,authentic_farsan,Rajasthan,Rajasthan,Veg,30.0,560.0,168.0,13.5,42.0,38.0,5.5,0.0,0.0,,True,Authentic Indian Snack Master,2026-09-21T16:53:15.899908,2026-09-21T16:53:15.899908
food_snk_ratlami_sev,ratlami sev,Ratlami Sev,[],snack,authentic_farsan,Madhya Pradesh,Madhya Pradesh,Veg,30.0,540.0,162.0,13.0,42.0,36.0,5.0,0.0,0.0,,True,Authentic Indian Snack Master,2026-09-21T16:53:15.899908,2026-09-21T16:53:15.899908
food_snk_maddur_vada,maddur vada,Maddur Vada,[],snack,authentic_farsan,Karnataka,Karnataka,Veg,70.0,340.0,238.0,7.5,40.0,17.0,4.0,0.0,0.0,,True,Authentic Indian Snack Master,2026-09-21T16:53:15.899908,2026-09-21T16:53:15.899908
food_snk_mysore_bonda,mysore bonda,Mysore Bonda,[],snack,authentic_farsan,Karnataka,Karnataka,Veg,60.0,280.0,168.0,6.0,34.0,13.5,2.5,0.0,0.0,,True,Authentic Indian Snack Master,2026-09-21T16:53:15.899908,2026-09-21T16:53:15.899908
food_snk_ribbon_pakoda,ribbon pakoda,Ribbon Pakoda,[],snack,authentic_farsan,South India,South India,Veg,40.0,520.0,208.0,9.5,56.0,29.0,4.5,0.0,0.0,,True,Authentic Indian Snack Master,2026-09-21T16:53:15.899908,2026-09-21T16:53:15.899908
food_snk_madras_mixture,madras mixture,Madras Mixture,[],snack,authentic_farsan,Tamil Nadu,Tamil Nadu,Veg,40.0,535.0,214.0,11.0,50.0,32.0,5.0,0.0,0.0,,True,Authentic Indian Snack Master,2026-09-21T16:53:15.899908,2026-09-21T16:53:15.899908
food_snk_bhakarwadi,bhakarwadi,Bhakarwadi,[],snack,authentic_farsan,Maharashtra,Maharashtra,Veg,25.0,480.0,120.0,8.5,54.0,26.0,4.5,0.0,0.0,,True,Authentic Indian Snack Master,2026-09-21T16:53:15.899908,2026-09-21T16:53:15.899908
food_snk_singara,singara,Singara,[],snack,authentic_farsan,Bengal,Bengal,Veg,80.0,255.0,204.0,4.2,33.0,12.0,2.2,0.0,0.0,,True,Authentic Indian Snack Master,2026-09-21T16:53:15.899908,2026-09-21T16:53:15.899908
food_snk_jhalmuri,jhalmuri,Jhalmuri,[],street_food_chaat,authentic_farsan,Bengal,Bengal,Veg,100.0,180.0,180.0,4.5,32.0,4.2,3.0,0.0,0.0,,True,Authentic Indian Snack Master,2026-09-21T16:53:15.899908,2026-09-21T16:53:15.899908
food_snk_ghugni_chaat,ghugni chaat,Ghugni Chaat,[],street_food_chaat,authentic_farsan,Bengal,Bengal,Veg,180.0,135.0,243.0,6.8,21.0,2.8,4.8,0.0,0.0,,True,Authentic Indian Snack Master,2026-09-21T16:53:15.899908,2026-09-21T16:53:15.899908
food_snk_beguni,beguni,Beguni,[],snack,authentic_farsan,Bengal,Bengal,Veg,60.0,220.0,132.0,4.0,24.0,12.0,3.5,0.0,0.0,,True,Authentic Indian Snack Master,2026-09-21T16:53:15.899908,2026-09-21T16:53:15.899908
food_snk_roasted_makhana,roasted makhana,Roasted Makhana,[],snack,authentic_farsan,Pan-India,Pan-India,Veg,40.0,360.0,144.0,9.5,74.0,2.5,7.5,0.0,0.0,,True,Authentic Indian Snack Master,2026-09-21T16:53:15.899908,2026-09-21T16:53:15.899908
food_snk_roasted_chana,roasted chana,Roasted Chana,[],snack,authentic_farsan,Pan-India,Pan-India,Veg,50.0,370.0,185.0,21.5,58.0,5.5,14.5,0.0,0.0,,True,Authentic Indian Snack Master,2026-09-21T16:53:15.899908,2026-09-21T16:53:15.899908
food_snk_diet_chivda,diet chivda,Diet Chivda,[],snack,authentic_farsan,Pan-India,Pan-India,Veg,40.0,390.0,156.0,8.5,72.0,7.5,6.0,0.0,0.0,,True,Authentic Indian Snack Master,2026-09-21T16:53:15.899908,2026-09-21T16:53:15.899908
food_snk_sprouted_chaat,sprouted chaat,Sprouted Chaat,[],snack,authentic_farsan,Pan-India,Pan-India,Veg,150.0,110.0,165.0,7.5,18.0,1.2,5.5,0.0,0.0,,True,Authentic Indian Snack Master,2026-09-21T16:53:15.899908,2026-09-21T16:53:15.899908
food_snk_singdana,singdana,Singdana,[],snack,authentic_farsan,Pan-India,Pan-India,Veg,40.0,570.0,228.0,25.5,17.5,46.0,8.0,0.0,0.0,,True,Authentic Indian Snack Master,2026-09-21T16:53:15.899908,2026-09-21T16:53:15.899908
food_snk_kurkure,kurkure,Kurkure,[],packaged_food,authentic_farsan,Pan-India,Pan-India,Veg,70.0,550.0,385.0,6.0,56.0,34.0,2.5,0.0,0.0,,True,Authentic Indian Snack Master,2026-09-21T16:53:15.899908,2026-09-21T16:53:15.899908
food_snk_lays_magic_masala,lays magic masala,Lays Magic Masala,[],packaged_food,authentic_farsan,Pan-India,Pan-India,Veg,50.0,540.0,270.0,7.0,52.0,34.0,3.5,0.0,0.0,,True,Authentic Indian Snack Master,2026-09-21T16:53:15.899908,2026-09-21T16:53:15.899908
food_snk_parle_g,parle-g,Parle-G,[],packaged_food,authentic_farsan,Pan-India,Pan-India,Veg,5.0,450.0,22.5,7.5,78.0,12.5,2.0,0.0,0.0,,True,Authentic Indian Snack Master,2026-09-21T16:53:15.899908,2026-09-21T16:53:15.899908
food_snk_monaco,monaco,Monaco,[],packaged_food,authentic_farsan,Pan-India,Pan-India,Veg,4.0,480.0,19.2,8.0,65.0,21.0,2.5,0.0,0.0,,True,Authentic Indian Snack Master,2026-09-21T16:53:15.899908,2026-09-21T16:53:15.899908
food_snk_khari_biscuit,khari biscuit,Khari Biscuit,[],snack,authentic_farsan,Pan-India,Pan-India,Veg,15.0,520.0,78.0,7.0,58.0,29.0,2.2,0.0,0.0,,True,Authentic Indian Snack Master,2026-09-21T16:53:15.899908,2026-09-21T16:53:15.899908
food_live_frosty_top_diet_rootbeer,frosty top diet rootbeer,Frosty Top Diet Rootbeer,,Packaged Food,,,,Veg,100.0,0.4,0.4,0.0,0.0,0.0,0.0,,,,False,Open Food Facts,,
food_drk_coca_cola,coca cola,Coca Cola,[],drink,authentic_beverage,Global,Global,Veg,330.0,42.0,138.6,0.0,10.6,0.0,0.0,0.0,0.0,,True,Authentic Drink Master,2026-09-22T10:58:51.625721,2026-09-22T11:42:33.494752
food_drk_pepsi,pepsi,Pepsi,[],drink,authentic_beverage,Global,Global,Veg,330.0,43.0,141.9,0.0,10.8,0.0,0.0,0.0,0.0,,True,Authentic Drink Master,2026-09-22T10:58:51.625721,2026-09-22T11:42:33.494752
food_drk_sprite,sprite,Sprite,[],drink,authentic_beverage,Global,Global,Veg,330.0,40.0,132.0,0.0,10.0,0.0,0.0,0.0,0.0,,True,Authentic Drink Master,2026-09-22T10:58:51.625721,2026-09-22T11:42:33.494752
food_drk_thums_up,thums up,Thums Up,[],drink,authentic_beverage,India,India,Veg,250.0,40.0,100.0,0.0,10.0,0.0,0.0,0.0,0.0,,True,Authentic Drink Master,2026-09-22T10:58:51.625721,2026-09-22T11:42:33.494752
food_drk_fanta,fanta,Fanta,[],drink,authentic_beverage,Global,Global,Veg,330.0,48.0,158.4,0.0,12.0,0.0,0.0,0.0,0.0,,True,Authentic Drink Master,2026-09-22T10:58:51.625721,2026-09-22T11:42:33.494752
food_drk_mirinda,mirinda,Mirinda,[],drink,authentic_beverage,Global,Global,Veg,330.0,52.0,171.6,0.0,13.0,0.0,0.0,0.0,0.0,,True,Authentic Drink Master,2026-09-22T10:58:51.625721,2026-09-22T11:42:33.494752
food_drk_mountain_dew,mountain dew,Mountain Dew,[],drink,authentic_beverage,Global,Global,Veg,250.0,48.0,120.0,0.0,12.0,0.0,0.0,0.0,0.0,,True,Authentic Drink Master,2026-09-22T10:58:51.625721,2026-09-22T11:42:33.494752
food_drk_7up,7up,7Up,[],drink,authentic_beverage,Global,Global,Veg,330.0,41.0,135.3,0.0,10.2,0.0,0.0,0.0,0.0,,True,Authentic Drink Master,2026-09-22T10:58:51.625721,2026-09-22T11:42:33.494752
food_drk_limca,limca,Limca,[],drink,authentic_beverage,India,India,Veg,250.0,36.0,90.0,0.0,9.0,0.0,0.0,0.0,0.0,,True,Authentic Drink Master,2026-09-22T10:58:51.625721,2026-09-22T11:42:33.494752
food_drk_diet_coke,diet coke,Diet Coke,[],drink,authentic_beverage,Global,Global,Veg,330.0,0.3,1.0,0.0,0.0,0.0,0.0,0.0,0.0,,True,Authentic Drink Master,2026-09-22T10:58:51.625721,2026-09-22T11:42:33.494752
food_drk_coke_zero,coke zero,Coke Zero,[],drink,authentic_beverage,Global,Global,Veg,330.0,0.3,1.0,0.0,0.0,0.0,0.0,0.0,0.0,,True,Authentic Drink Master,2026-09-22T10:58:51.625721,2026-09-22T11:42:33.494752
food_drk_pepsi_black,pepsi black,Pepsi Black,[],drink,authentic_beverage,Global,Global,Veg,330.0,0.3,1.0,0.0,0.0,0.0,0.0,0.0,0.0,,True,Authentic Drink Master,2026-09-22T10:58:51.625721,2026-09-22T11:42:33.494752
food_drk_sprite_zero,sprite zero,Sprite Zero,[],drink,authentic_beverage,Global,Global,Veg,330.0,0.3,1.0,0.0,0.0,0.0,0.0,0.0,0.0,,True,Authentic Drink Master,2026-09-22T10:58:51.625721,2026-09-22T11:42:33.494752
food_drk_thums_up_zero,thums up zero,Thums Up Zero,[],drink,authentic_beverage,India,India,Veg,300.0,0.3,0.9,0.0,0.0,0.0,0.0,0.0,0.0,,True,Authentic Drink Master,2026-09-22T10:58:51.625721,2026-09-22T11:42:33.494752
food_drk_red_bull,red bull,Red Bull,[],drink,authentic_beverage,Global,Global,Veg,250.0,45.0,112.5,0.0,11.0,0.0,0.0,0.0,0.0,,True,Authentic Drink Master,2026-09-22T10:58:51.625721,2026-09-22T11:42:33.494752
food_drk_red_bull_sugarfree,red bull sugarfree,Red Bull Sugarfree,[],drink,authentic_beverage,Global,Global,Veg,250.0,3.0,7.5,0.0,0.0,0.0,0.0,0.0,0.0,,True,Authentic Drink Master,2026-09-22T10:58:51.625721,2026-09-22T11:42:33.494752
food_drk_monster_energy,monster energy,Monster Energy,[],drink,authentic_beverage,Global,Global,Veg,500.0,47.0,235.0,0.0,12.0,0.0,0.0,0.0,0.0,,True,Authentic Drink Master,2026-09-22T10:58:51.625721,2026-09-22T11:42:33.494752
food_drk_monster_ultra,monster ultra,Monster Ultra,[],drink,authentic_beverage,Global,Global,Veg,500.0,2.0,10.0,0.0,0.5,0.0,0.0,0.0,0.0,,True,Authentic Drink Master,2026-09-22T10:58:51.625721,2026-09-22T11:42:33.494752
food_drk_sting_energy_drink,sting energy drink,Sting Energy Drink,[],drink,authentic_beverage,India,India,Veg,250.0,28.0,70.0,0.0,7.0,0.0,0.0,0.0,0.0,,True,Authentic Drink Master,2026-09-22T10:58:51.625721,2026-09-22T11:42:33.494752
food_drk_hell_energy_drink,hell energy drink,Hell Energy Drink,[],drink,authentic_beverage,Global,Global,Veg,250.0,46.0,115.0,0.0,11.0,0.0,0.0,0.0,0.0,,True,Authentic Drink Master,2026-09-22T10:58:51.625721,2026-09-22T11:42:33.494752
food_drk_apple_juice,apple juice,Apple Juice,[],drink,authentic_beverage,Global,Global,Veg,250.0,46.0,115.0,0.1,11.3,0.1,0.2,0.0,0.0,,True,Authentic Drink Master,2026-09-22T10:58:51.625721,2026-09-22T11:42:33.494752
food_drk_real_fruit_juice,real fruit juice,Real Fruit Juice,[],drink,authentic_beverage,India,India,Veg,200.0,54.0,108.0,0.4,13.0,0.1,0.3,0.0,0.0,,True,Authentic Drink Master,2026-09-22T10:58:51.625721,2026-09-22T11:42:33.494752
food_drk_mango_drink,mango drink,Mango Drink,[],drink,authentic_beverage,India,India,Veg,250.0,60.0,150.0,0.2,15.0,0.1,0.2,0.0,0.0,,True,Authentic Drink Master,2026-09-22T10:58:51.625721,2026-09-22T11:42:33.494752
food_drk_rooh_afza,rooh afza,Rooh Afza,[],drink,authentic_beverage,India,India,Veg,250.0,40.0,100.0,0.1,10.0,0.0,0.0,0.0,0.0,,True,Authentic Drink Master,2026-09-22T10:58:51.625721,2026-09-22T11:42:33.494752
food_drk_khus_sharbat,khus sharbat,Khus Sharbat,[],drink,authentic_beverage,North India,North India,Veg,250.0,38.0,95.0,0.1,9.5,0.0,0.0,0.0,0.0,,True,Authentic Drink Master,2026-09-22T10:58:51.625721,2026-09-22T11:42:33.494752
food_drk_solkadhi,solkadhi,Solkadhi,[],drink,authentic_beverage,Maharashtra,Maharashtra,Veg,200.0,48.0,96.0,1.0,3.5,3.5,0.3,0.0,0.0,,True,Authentic Drink Master,2026-09-22T10:58:51.625721,2026-09-22T11:42:33.494752
food_drk_kashmiri_kahwa,kashmiri kahwa,Kashmiri Kahwa,[],drink,authentic_beverage,Kashmir,Kashmir,Veg,150.0,22.0,33.0,0.5,4.5,0.3,0.1,0.0,0.0,,True,Authentic Drink Master,2026-09-22T10:58:51.625721,2026-09-22T11:42:33.494752
food_drk_black_tea,black tea,Black Tea,[],drink,authentic_beverage,Global,Global,Veg,150.0,1.0,1.5,0.1,0.3,0.0,0.0,0.0,0.0,,True,Authentic Drink Master,2026-09-22T10:58:51.625721,2026-09-22T11:42:33.494752
food_drk_black_coffee,black coffee,Black Coffee,[],drink,authentic_beverage,Global,Global,Veg,150.0,2.0,3.0,0.2,0.3,0.0,0.0,0.0,0.0,,True,Authentic Drink Master,2026-09-22T10:58:51.625721,2026-09-22T11:42:33.494752
food_drk_cappuccino,cappuccino,Cappuccino,[],drink,authentic_beverage,Global,Global,Veg,200.0,55.0,110.0,2.6,5.5,2.5,0.0,0.0,0.0,,True,Authentic Drink Master,2026-09-22T10:58:51.625721,2026-09-22T11:42:33.494752
food_drk_whey_protein_shake,whey protein shake,Whey Protein Shake,[],drink,authentic_beverage,Global,Global,Veg,300.0,40.0,120.0,8.0,1.0,0.5,0.2,0.0,0.0,,True,Authentic Drink Master,2026-09-22T10:58:51.625721,2026-09-22T11:42:33.494752
food_drk_gatorade,gatorade,Gatorade,[],drink,authentic_beverage,Global,Global,Veg,500.0,24.0,120.0,0.0,6.0,0.0,0.0,0.0,0.0,,True,Authentic Drink Master,2026-09-22T10:58:51.625721,2026-09-22T11:42:33.494752
food_drk_electral_solution,electral solution,Electral Solution,[],drink,authentic_beverage,India,India,Veg,250.0,16.0,40.0,0.0,4.0,0.0,0.0,0.0,0.0,,True,Authentic Drink Master,2026-09-22T10:58:51.625721,2026-09-22T11:42:33.494752
food_drk_virgin_mojito,virgin mojito,Virgin Mojito,[],drink,authentic_beverage,Global,Global,Veg,250.0,35.0,87.5,0.2,8.5,0.0,0.2,0.0,0.0,,True,Authentic Drink Master,2026-09-22T10:58:51.625721,2026-09-22T11:42:33.494752
food_drk_blue_lagoon_mocktail,blue lagoon mocktail,Blue Lagoon Mocktail,[],drink,authentic_beverage,Global,Global,Veg,250.0,40.0,100.0,0.1,10.0,0.0,0.0,0.0,0.0,,True,Authentic Drink Master,2026-09-22T10:58:51.625721,2026-09-22T11:42:33.494752
food_drk_flavored_sparkling_water,flavored sparkling water,Flavored Sparkling Water,[],drink,authentic_beverage,Global,Global,Veg,330.0,0.5,1.6,0.0,0.0,0.0,0.0,0.0,0.0,,True,Authentic Drink Master,2026-09-22T10:58:51.625721,2026-09-22T11:42:33.494752
food_drk_frooti,frooti,Frooti,[],drink,authentic_beverage,India,India,Veg,250.0,65.0,162.5,0.0,16.2,0.0,0.1,0.0,0.0,,True,Authentic Drink Master,2026-09-22T11:29:32.247742,2026-09-22T11:42:33.494752
food_drk_maaza,maaza,Maaza,[],drink,authentic_beverage,India,India,Veg,250.0,62.0,155.0,0.1,15.5,0.0,0.1,0.0,0.0,,True,Authentic Drink Master,2026-09-22T11:29:32.247742,2026-09-22T11:42:33.494752
food_drk_slice,slice,Slice,[],drink,authentic_beverage,India,India,Veg,250.0,64.0,160.0,0.1,16.0,0.0,0.1,0.0,0.0,,True,Authentic Drink Master,2026-09-22T11:29:32.247742,2026-09-22T11:42:33.494752
